                         CONTACT MAPS FROM PDB FILES                          

Residue-Residue Contacts

ID       - atom identification
I1,I2    - serial residue id
AA       - 3-letter code of aminoacid
C        - chain
I(PDB)   - residue number in PDB file
DCA      - distance between CA
CMs      - OV , CSU , oCSU , rCSU
           (CSU does not take into account chemical properties of atoms)
rCSU     - net contact from rCSU
Count    - number of contacts between residues
MODEL    - model number

      ID    I1  AA  C I(PDB)     I2  AA  C I(PDB)        DCA       CMs    rCSU   Count Model
============================================================================================
R      3     1  LEU A    5     28  TRP A   32      11.8880     1 0 0 1    19      19    0
R      4     1  LEU A    5     37  LEU A   41       7.5856     1 0 0 1   148     148    0
R      5     1  LEU A    5     38  ASP A   42       6.2943     1 0 0 1    29      29    0
R      6     1  LEU A    5     39  TYR A   43       4.4724     1 0 0 1    15      15    0
R      7     1  LEU A    5     40  GLU A   44       6.5173     1 0 0 1   135     135    0
R      8     1  LEU A    5     59  ASP A   63       5.8093     1 0 0 1    11      11    0
R      9     1  LEU A    5     60  LEU A   64       7.7831     1 0 0 1   129     129    0
R     10     1  LEU A    5    192  LEU A  196      10.7871     1 0 0 1    70      70    0
R     14     2  VAL A    6     40  GLU A   44       5.2583     1 0 0 0   -92      92    0
R     15     2  VAL A    6     42  LYS A   46       6.6087     1 0 0 1     5       5    0
R     17     2  VAL A    6     58  VAL A   62       5.3812     1 0 0 1    30      30    0
R     18     2  VAL A    6     59  ASP A   63       5.4403     1 0 0 1   150     150    0
R     19     2  VAL A    6     60  LEU A   64       6.9813     1 0 0 0     0       0    0
R     24     3  VAL A    7     28  TRP A   32       9.4882     1 0 0 0   -43      43    0
R     25     3  VAL A    7     39  TYR A   43       7.1552     1 0 0 1    85      85    0
R     26     3  VAL A    7     40  GLU A   44       6.4669     1 0 0 0    -2       2    0
R     27     3  VAL A    7     41  LEU A   45       4.7841     1 0 0 1   128     128    0
R     28     3  VAL A    7     42  LYS A   46       5.8019     1 0 0 1   166     166    0
R     29     3  VAL A    7     58  VAL A   62       5.9031     1 0 0 0     0       0    0
R     30     3  VAL A    7     60  LEU A   64       4.9371     1 0 0 1   100     100    0
R     31     3  VAL A    7     61  ALA A   65       4.9816     1 0 0 0     0       0    0
R     32     3  VAL A    7     62  LEU A   66       7.3100     1 0 0 1   128     128    0
R     36     4  ALA A    8     42  LYS A   46       4.7105     1 0 0 0   -13      13    0
R     37     4  ALA A    8     44  MET A   48       6.6677     1 0 0 1     8       8    0
R     38     4  ALA A    8     49  ILE A   53       6.4775     1 0 0 1    88      88    0
R     39     4  ALA A    8     58  VAL A   62       6.1747     1 0 0 1    89      89    0
R     40     4  ALA A    8     60  LEU A   64       6.3454     1 0 0 1    16      16    0
R     41     4  ALA A    8     61  ALA A   65       4.5675     1 0 0 1    28      28    0
R     42     4  ALA A    8     62  LEU A   66       6.5411     1 0 0 1   138     138    0
R     47     5  THR A    9     13  GLU A   17       7.1987     1 0 0 0    -2       2    0
R     49     5  THR A    9     24  ASP A   28       8.4978     0 0 0 1     7       7    0
R     50     5  THR A    9     25  VAL A   29       8.5303     0 0 0 1     8       8    0
R     51     5  THR A    9     41  LEU A   45       6.7426     1 0 0 1    89      89    0
R     52     5  THR A    9     42  LYS A   46       5.8683     1 0 0 1    25      25    0
R     53     5  THR A    9     43  PRO A   47       4.4100     1 0 0 0  -161     161    0
R     54     5  THR A    9     44  MET A   48       6.1170     1 0 0 1   119     119    0
R     55     5  THR A    9     49  ILE A   53       7.6826     1 0 0 0   -35      35    0
R     56     5  THR A    9     62  LEU A   66       5.2687     1 0 0 0   -12      12    0
R     57     5  THR A    9     63  ALA A   67       5.0180     1 0 0 0     0       0    0
R     62     6  ASP A   10     13  GLU A   17       6.3738     1 0 0 0  -141     141    0
R     63     6  ASP A   10     20  TYR A   24       9.8905     1 0 0 0  -105     105    0
R     64     6  ASP A   10     43  PRO A   47       5.1022     1 0 0 0   -14      14    0
R     65     6  ASP A   10     44  MET A   48       5.2895     1 0 0 0    -4       4    0
R     66     6  ASP A   10     46  PHE A   50       5.5291     1 0 0 0  -152     152    0
R     67     6  ASP A   10     49  ILE A   53       8.1904     1 0 0 0     0       0    0
R     68     6  ASP A   10     63  ALA A   67       5.0696     1 0 0 0    -4       4    0
R     69     6  ASP A   10    111  LYS A  115      11.8979     1 0 0 1   177     177    0
R     75     7  THR A   11     15  LYS A   19       8.0857     0 0 0 1     6       6    0
R     76     7  THR A   11     20  TYR A   24       9.2441     1 0 0 1    64      64    0
R     77     7  THR A   11     43  PRO A   47       4.9628     1 0 0 1     2       2    0
R     78     7  THR A   11     44  MET A   48       4.8776     1 0 0 1    17      17    0
R     79     7  THR A   11     45  ASP A   49       5.3469     1 0 0 1    62      62    0
R     80     7  THR A   11    134  ASN A  138       7.8427     1 0 0 0   -30      30    0
R     85     8  ALA A   12     13  GLU A   17       5.9606     1 0 0 0     0       0    0
R     86     8  ALA A   12     14  PHE A   18       4.7608     0 0 0 1    26      26    0
R     87     8  ALA A   12    111  LYS A  115      11.2469     0 0 0 1    26      26    0
R     89     8  ALA A   12    135  ILE A  139       7.9528     1 0 0 0   -74      74    0
R     90     8  ALA A   12    136  ASP A  140       8.4525     0 0 0 1     7       7    0
R     96     9  PHE A   13     13  GLU A   17       5.3114     1 0 0 0   -24      24    0
R     98     9  PHE A   13     64  GLY A   68       7.8502     1 0 0 0    -5       5    0
R    100     9  PHE A   13    135  ILE A  139       7.8410     0 0 0 1     8       8    0
R    101     9  PHE A   13    152  HIS A  156      10.4828     1 0 0 0  -108     108    0
R    102     9  PHE A   13    153  ASP A  157       9.4796     1 0 0 1     6       6    0
R    103     9  PHE A   13    155  PRO A  159       9.7009     0 0 0 1     1       1    0
R    104     9  PHE A   13    156  ASN A  160       6.9137     1 0 0 1    97      97    0
R    105     9  PHE A   13    181  TYR A  185      12.9151     1 0 0 0   -23      23    0
R    111    10  VAL A   14     14  PHE A   18       5.9131     1 0 0 1   137     137    0
R    112    10  VAL A   14    135  ILE A  139       9.7808     0 0 0 1    18      18    0
R    114    10  VAL A   14    156  ASN A  160       5.6560     1 0 0 1     3       3    0
R    115    10  VAL A   14    159  TYR A  163       6.8004     1 0 0 1   118     118    0
R    116    10  VAL A   14    160  PHE A  164       7.3688     0 0 0 1    15      15    0
R    122    11  PRO A   15     22  GLY A   26       5.4167     1 0 0 0     0       0    0
R    123    11  PRO A   15     23  PHE A   27       6.2909     1 0 0 1    81      81    0
R    124    11  PRO A   15    155  PRO A  159       7.5490     1 0 0 0   -68      68    0
R    125    11  PRO A   15    156  ASN A  160       6.5257     1 0 0 0     0       0    0
R    126    11  PRO A   15    159  TYR A  163       6.6770     1 0 0 1   166     166    0
R    127    11  PRO A   15    216  TRP A  220       7.0899     1 0 0 1    23      23    0
R    128    11  PRO A   15    217  PHE A  221       8.6979     1 0 0 1    99      99    0
R    133    12  PHE A   16     22  GLY A   26       4.5205     1 0 0 0     0       0    0
R    134    12  PHE A   16     23  PHE A   27       4.3932     1 0 0 1   157     157    0
R    135    12  PHE A   16     24  ASP A   28       4.9751     1 0 0 0   -43      43    0
R    136    12  PHE A   16     25  VAL A   29       7.0352     1 0 0 1    11      11    0
R    138    12  PHE A   16     81  TYR A   85      12.0209     0 0 0 1     2       2    0
R    139    12  PHE A   16     82  TYR A   86      10.6172     1 0 0 1    76      76    0
R    140    12  PHE A   16    155  PRO A  159       9.0763     1 0 0 1    59      59    0
R    141    12  PHE A   16    181  TYR A  185      10.7971     1 0 0 1   156     156    0
R    142    12  PHE A   16    217  PHE A  221      10.5052     1 0 0 1    75      75    0
R    143    13  GLU A   17      5  THR A    9       7.1987     1 0 0 0     0       0    0
R    144    13  GLU A   17      6  ASP A   10       6.3738     1 0 0 0  -209     209    0
R    145    13  GLU A   17      8  ALA A   12       5.9606     1 0 0 0     0       0    0
R    146    13  GLU A   17      9  PHE A   13       5.3114     1 0 0 1    36      36    0
R    150    13  GLU A   17     20  TYR A   24       6.3608     1 0 0 1    52      52    0
R    151    13  GLU A   17     21  VAL A   25       5.4423     1 0 0 0     0       0    0
R    152    13  GLU A   17     22  GLY A   26       4.4868     1 0 0 0     0       0    0
R    153    13  GLU A   17     24  ASP A   28       6.2408     1 0 0 0  -190     190    0
R    154    13  GLU A   17     25  VAL A   29       6.3328     1 0 0 1    52      52    0
R    156    13  GLU A   17     63  ALA A   67       7.1905     1 0 0 0     0       0    0
R    158    14  PHE A   18      8  ALA A   12       4.7608     0 0 0 1     8       8    0
R    159    14  PHE A   18     10  VAL A   14       5.9131     1 0 0 1   125     125    0
R    164    14  PHE A   18     20  TYR A   24       5.4445     1 0 0 0    -8       8    0
R    165    14  PHE A   18     21  VAL A   25       5.4493     1 0 0 1   228     228    0
R    166    14  PHE A   18     22  GLY A   26       6.3812     1 0 0 0     0       0    0
R    168    14  PHE A   18    216  TRP A  220      12.5183     1 0 0 1    65      65    0
R    169    15  LYS A   19      7  THR A   11       8.0857     0 0 0 1     6       6    0
R    174    15  LYS A   19     19  LEU A   23       5.8556     1 0 0 0     0       0    0
R    175    15  LYS A   19     20  TYR A   24       4.5282     1 0 0 0   -21      21    0
R    181    16  GLN A   20     21  VAL A   25       6.1118     1 0 0 0    -7       7    0
R    190    19  LEU A   23     15  LYS A   19       5.8556     1 0 0 0     0       0    0
R    197    20  TYR A   24      6  ASP A   10       9.8905     1 0 0 0   -94      94    0
R    198    20  TYR A   24      7  THR A   11       9.2441     1 0 0 1    58      58    0
R    199    20  TYR A   24     13  GLU A   17       6.3608     1 0 0 1    44      44    0
R    200    20  TYR A   24     14  PHE A   18       5.4445     1 0 0 0   -63      63    0
R    201    20  TYR A   24     15  LYS A   19       4.5282     1 0 0 0   -35      35    0
R    204    20  TYR A   24     25  VAL A   29       7.2943     1 0 0 0   -30      30    0
R    205    20  TYR A   24     41  LEU A   45       8.6509     0 0 0 1    47      47    0
R    206    20  TYR A   24     43  PRO A   47       8.5896     1 0 0 1    71      71    0
R    207    21  VAL A   25     13  GLU A   17       5.4423     1 0 0 0     0       0    0
R    208    21  VAL A   25     14  PHE A   18       5.4493     1 0 0 1   215     215    0
R    209    21  VAL A   25     16  GLN A   20       6.1118     1 0 0 0    -5       5    0
R    213    21  VAL A   25     25  VAL A   29       6.0319     1 0 0 0    -5       5    0
R    216    21  VAL A   25    216  TRP A  220      10.4345     1 0 0 1    97      97    0
R    217    22  GLY A   26     11  PRO A   15       5.4167     1 0 0 0     0       0    0
R    218    22  GLY A   26     12  PHE A   16       4.5205     1 0 0 0     0       0    0
R    219    22  GLY A   26     13  GLU A   17       4.4868     1 0 0 0     0       0    0
R    220    22  GLY A   26     14  PHE A   18       6.3812     1 0 0 0     0       0    0
R    225    22  GLY A   26     26  ASP A   30       6.2763     1 0 0 1   146     146    0
R    226    22  GLY A   26    216  TRP A  220       7.3702     1 0 0 0   -15      15    0
R    227    23  PHE A   27     11  PRO A   15       6.2909     1 0 0 0   -10      10    0
R    228    23  PHE A   27     12  PHE A   16       4.3932     1 0 0 1   134     134    0
R    233    23  PHE A   27     27  LEU A   31       5.9856     1 0 0 1   120     120    0
R    234    23  PHE A   27     81  TYR A   85      10.7462     1 0 0 1   108     108    0
R    235    23  PHE A   27     82  TYR A   86      10.0391     0 0 0 1    28      28    0
R    236    23  PHE A   27    209  TYR A  213       9.9577     1 0 0 1    81      81    0
R    237    23  PHE A   27    212  ILE A  216       6.7822     1 0 0 1    38      38    0
R    238    23  PHE A   27    213  TYR A  217       7.0493     1 0 0 1    18      18    0
R    239    23  PHE A   27    216  TRP A  220       6.2710     1 0 0 1    77      77    0
R    240    23  PHE A   27    217  PHE A  221       9.0315     1 0 0 1    66      66    0
R    241    24  ASP A   28      5  THR A    9       8.4978     0 0 0 1     9       9    0
R    242    24  ASP A   28     12  PHE A   16       4.9751     1 0 0 0   -52      52    0
R    243    24  ASP A   28     13  GLU A   17       6.2408     1 0 0 0  -150     150    0
R    249    24  ASP A   28     28  TRP A   32       5.8703     1 0 0 1   131     131    0
R    250    24  ASP A   28     62  LEU A   66       6.2379     1 0 0 1    32      32    0
R    251    24  ASP A   28     63  ALA A   67       7.0813     1 0 0 1    33      33    0
R    252    24  ASP A   28     64  GLY A   68       7.2682     1 0 0 1   131     131    0
R    253    24  ASP A   28     81  TYR A   85       9.6715     1 0 0 1    65      65    0
R    254    25  VAL A   29      5  THR A    9       8.5303     0 0 0 1     8       8    0
R    255    25  VAL A   29     12  PHE A   16       7.0352     1 0 0 0   -31      31    0
R    256    25  VAL A   29     13  GLU A   17       6.3328     1 0 0 1    57      57    0
R    257    25  VAL A   29     20  TYR A   24       7.2943     1 0 0 0   -60      60    0
R    258    25  VAL A   29     21  VAL A   25       6.0319     1 0 0 0   -33      33    0
R    265    25  VAL A   29     29  ALA A   33       6.0039     1 0 0 1   129     129    0
R    267    25  VAL A   29     41  LEU A   45       8.6203     1 0 0 1   107     107    0
R    269    26  ASP A   30     22  GLY A   26       6.2763     1 0 0 1     2       2    0
R    276    26  ASP A   30     30  ALA A   34       6.0145     1 0 0 1    92      92    0
R    277    26  ASP A   30    212  ILE A  216       6.8213     1 0 0 1    84      84    0
R    278    26  ASP A   30    215  LYS A  219       9.7627     1 0 0 1   161     161    0
R    279    26  ASP A   30    216  TRP A  220       9.8105     1 0 0 1    53      53    0
R    280    27  LEU A   31     23  PHE A   27       5.9856     1 0 0 1    10      10    0
R    287    27  LEU A   31     31  ILE A   35       6.2438     1 0 0 1   134     134    0
R    288    27  LEU A   31     62  LEU A   66       9.5071     0 0 0 1    25      25    0
R    289    27  LEU A   31     81  TYR A   85       9.2815     1 0 0 1   213     213    0
R    290    27  LEU A   31    183  ILE A  187      10.4375     0 0 0 1     3       3    0
R    291    27  LEU A   31    200  LEU A  204       8.8106     1 0 0 1    75      75    0
R    292    27  LEU A   31    203  LEU A  207       8.6754     0 0 0 1    44      44    0
R    293    27  LEU A   31    209  TYR A  213       7.3322     1 0 0 1    94      94    0
R    294    27  LEU A   31    212  ILE A  216       6.7658     1 0 0 1    72      72    0
R    295    28  TRP A   32      1  LEU A    5      11.8880     1 0 0 1    18      18    0
R    296    28  TRP A   32      3  VAL A    7       9.4882     1 0 0 0   -13      13    0
R    297    28  TRP A   32     24  ASP A   28       5.8703     1 0 0 0   -28      28    0
R    304    28  TRP A   32     32  ALA A   36       5.7927     1 0 0 1   186     186    0
R    305    28  TRP A   32     37  LEU A   41      10.0348     1 0 0 1   151     151    0
R    306    28  TRP A   32     39  TYR A   43      10.0464     1 0 0 0   -22      22    0
R    307    28  TRP A   32     41  LEU A   45       9.9333     1 0 0 1    49      49    0
R    308    28  TRP A   32     60  LEU A   64      10.7061     1 0 0 1   183     183    0
R    309    28  TRP A   32     62  LEU A   66       8.0578     1 0 0 1   101     101    0
R    310    28  TRP A   32    183  ILE A  187       9.1430     1 0 0 1    25      25    0
R    311    28  TRP A   32    192  LEU A  196      13.5846     0 0 0 1     1       1    0
R    312    28  TRP A   32    196  VAL A  200       9.5175     1 0 0 1    76      76    0
R    313    29  ALA A   33     25  VAL A   29       6.0039     1 0 0 0    -4       4    0
R    320    29  ALA A   33     33  LYS A   37       5.9458     1 0 0 1   106     106    0
R    321    29  ALA A   33     39  TYR A   43       9.2327     1 0 0 0   -51      51    0
R    322    30  ALA A   34     26  ASP A   30       6.0145     1 0 0 0   -14      14    0
R    329    30  ALA A   34     34  GLU A   38       6.1018     1 0 0 1   110     110    0
R    330    30  ALA A   34    203  LEU A  207       7.6691     1 0 0 1    71      71    0
R    331    30  ALA A   34    208  THR A  212       8.1806     1 0 0 1    27      27    0
R    332    30  ALA A   34    212  ILE A  216       8.9997     1 0 0 1    84      84    0
R    333    31  ILE A   35     27  LEU A   31       6.2438     1 0 0 1    35      35    0
R    340    31  ILE A   35     35  LEU A   39       6.1436     1 0 0 1   236     236    0
R    341    31  ILE A   35    183  ILE A  187      11.0023     1 0 0 1   138     138    0
R    342    31  ILE A   35    196  VAL A  200       6.9999     1 0 0 1    34      34    0
R    343    31  ILE A   35    199  ALA A  203       5.7159     1 0 0 1    85      85    0
R    344    31  ILE A   35    200  LEU A  204       6.7438     1 0 0 1    46      46    0
R    345    31  ILE A   35    203  LEU A  207       7.4840     1 0 0 1    68      68    0
R    346    32  ALA A   36     28  TRP A   32       5.7927     1 0 0 0   -45      45    0
R    353    32  ALA A   36     36  LYS A   40       5.5584     1 0 0 1   176     176    0
R    354    32  ALA A   36     37  LEU A   41       4.8517     1 0 0 1    18      18    0
R    355    32  ALA A   36     39  TYR A   43       7.9893     1 0 0 1   146     146    0
R    356    33  LYS A   37     29  ALA A   33       5.9458     1 0 0 0   -25      25    0
R    365    34  GLU A   38     30  ALA A   34       6.1018     1 0 0 1     2       2    0
R    371    34  GLU A   38    199  ALA A  203       6.2603     1 0 0 1    87      87    0
R    372    34  GLU A   38    202  THR A  206       8.3369     1 0 0 0   -25      25    0
R    373    34  GLU A   38    203  LEU A  207       8.2654     1 0 0 1    14      14    0
R    374    34  GLU A   38    206  ASN A  210      11.3614     0 0 0 1    15      15    0
R    375    35  LEU A   39     31  ILE A   35       6.1436     1 0 0 1    81      81    0
R    381    35  LEU A   39    192  LEU A  196      10.1271     0 0 0 1     9       9    0
R    382    35  LEU A   39    195  LYS A  199       8.5990     1 0 0 1     3       3    0
R    383    35  LEU A   39    196  VAL A  200       7.7443     1 0 0 1    54      54    0
R    384    35  LEU A   39    199  ALA A  203       6.8059     1 0 0 1    59      59    0
R    385    36  LYS A   40     32  ALA A   36       5.5584     1 0 0 1    37      37    0
R    391    37  LEU A   41      1  LEU A    5       7.5856     1 0 0 1   106     106    0
R    392    37  LEU A   41     28  TRP A   32      10.0348     1 0 0 1   130     130    0
R    393    37  LEU A   41     32  ALA A   36       4.8517     1 0 0 0   -67      67    0
R    398    37  LEU A   41    192  LEU A  196      10.2936     1 0 0 1    53      53    0
R    400    38  ASP A   42      1  LEU A    5       6.2943     1 0 0 1    73      73    0
R    404    39  TYR A   43      1  LEU A    5       4.4724     1 0 0 1     3       3    0
R    405    39  TYR A   43      3  VAL A    7       7.1552     1 0 0 1    34      34    0
R    407    39  TYR A   43     28  TRP A   32      10.0464     1 0 0 0   -35      35    0
R    408    39  TYR A   43     29  ALA A   33       9.2327     1 0 0 0   -28      28    0
R    409    39  TYR A   43     32  ALA A   36       7.9893     1 0 0 1   120     120    0
R    414    40  GLU A   44      1  LEU A    5       6.5173     1 0 0 0   -14      14    0
R    415    40  GLU A   44      2  VAL A    6       5.2583     1 0 0 0   -46      46    0
R    416    40  GLU A   44      3  VAL A    7       6.4669     1 0 0 1   108     108    0
R    420    41  LEU A   45      3  VAL A    7       4.7841     1 0 0 1   167     167    0
R    421    41  LEU A   45      5  THR A    9       6.7426     1 0 0 1    68      68    0
R    422    41  LEU A   45     20  TYR A   24       8.6509     0 0 0 1    42      42    0
R    423    41  LEU A   45     25  VAL A   29       8.6203     1 0 0 1   140     140    0
R    424    41  LEU A   45     28  TRP A   32       9.9333     1 0 0 1    30      30    0
R    429    42  LYS A   46      2  VAL A    6       6.6087     1 0 0 1    63      63    0
R    430    42  LYS A   46      3  VAL A    7       5.8019     1 0 0 1    31      31    0
R    431    42  LYS A   46      4  ALA A    8       4.7105     1 0 0 0    -8       8    0
R    432    42  LYS A   46      5  THR A    9       5.8683     1 0 0 1    91      91    0
R    437    42  LYS A   46     58  VAL A   62       8.4036     0 0 0 1     5       5    0
R    438    43  PRO A   47      5  THR A    9       4.4100     1 0 0 0   -99      99    0
R    439    43  PRO A   47      6  ASP A   10       5.1022     1 0 0 0   -28      28    0
R    440    43  PRO A   47      7  THR A   11       4.9628     1 0 0 0    -3       3    0
R    441    43  PRO A   47     20  TYR A   24       8.5896     1 0 0 1    68      68    0
R    445    44  MET A   48      4  ALA A    8       6.6677     1 0 0 1    39      39    0
R    446    44  MET A   48      5  THR A    9       6.1170     1 0 0 0   -22      22    0
R    447    44  MET A   48      6  ASP A   10       5.2895     1 0 0 0     0       0    0
R    448    44  MET A   48      7  THR A   11       4.8776     1 0 0 1    76      76    0
R    453    44  MET A   48     48  GLY A   52       6.7674     1 0 0 0     0       0    0
R    454    44  MET A   48     49  ILE A   53       7.0182     1 0 0 1    76      76    0
R    455    44  MET A   48     52  ALA A   56       9.6268     1 0 0 1    33      33    0
R    456    44  MET A   48     58  VAL A   62      10.8631     0 0 0 1    11      11    0
R    457    45  ASP A   49      7  THR A   11       5.3469     1 0 0 1   135     135    0
R    462    45  ASP A   49    133  PRO A  137       6.3803     1 0 0 0  -108     108    0
R    463    45  ASP A   49    134  ASN A  138       6.9261     1 0 0 1   150     150    0
R    464    46  PHE A   50      6  ASP A   10       5.5291     1 0 0 0   -84      84    0
R    470    46  PHE A   50     50  ILE A   54       7.9001     0 0 0 1    44      44    0
R    471    46  PHE A   50     63  ALA A   67       7.3422     1 0 0 0   -48      48    0
R    473    46  PHE A   50     65  ILE A   69       9.0603     1 0 0 1   107     107    0
R    474    46  PHE A   50     71  ARG A   75      14.0446     1 0 0 0   -88      88    0
R    475    46  PHE A   50    111  LYS A  115       8.6570     1 0 0 0    -1       1    0
R    477    46  PHE A   50    113  GLY A  117       6.5671     1 0 0 0  -124     124    0
R    478    46  PHE A   50    114  THR A  118       7.5433     1 0 0 1    77      77    0
R    479    46  PHE A   50    133  PRO A  137       7.5364     0 0 0 1     2       2    0
R    485    47  SER A   51     51  PRO A   55       7.7226     1 0 0 0  -136     136    0
R    486    47  SER A   51    112  SER A  116       6.2906     1 0 0 1   104     104    0
R    487    47  SER A   51    113  GLY A  117       4.7212     1 0 0 1     1       1    0
R    488    47  SER A   51    133  PRO A  137       7.1869     0 0 0 1     5       5    0
R    489    48  GLY A   52     44  MET A   48       6.7674     1 0 0 0     0       0    0
R    496    48  GLY A   52     52  ALA A   56       5.8396     1 0 0 1   105     105    0
R    497    49  ILE A   53      4  ALA A    8       6.4775     1 0 0 1    38      38    0
R    498    49  ILE A   53      5  THR A    9       7.6826     1 0 0 0   -84      84    0
R    499    49  ILE A   53      6  ASP A   10       8.1904     1 0 0 0    -4       4    0
R    500    49  ILE A   53     44  MET A   48       7.0182     1 0 0 1    80      80    0
R    507    49  ILE A   53     53  LEU A   57       6.2658     1 0 0 1   146     146    0
R    508    49  ILE A   53     61  ALA A   65       7.3850     1 0 0 1   126     126    0
R    509    49  ILE A   53     63  ALA A   67       8.6114     1 0 0 1   105     105    0
R    510    49  ILE A   53     65  ILE A   69       9.6717     1 0 0 1    52      52    0
R    511    50  ILE A   54     46  PHE A   50       7.9001     0 0 0 1    54      54    0
R    517    50  ILE A   54     54  GLN A   58       6.1900     1 0 0 1    43      43    0
R    518    50  ILE A   54     65  ILE A   69       9.6123     0 0 0 1    39      39    0
R    519    50  ILE A   54     71  ARG A   75       8.8189     0 0 0 1    16      16    0
R    520    50  ILE A   54     74  ALA A   78       8.1754     0 0 0 1    35      35    0
R    521    50  ILE A   54     75  ILE A   79       7.6304     1 0 0 1   175     175    0
R    522    50  ILE A   54    184  ALA A  188       8.3446     0 0 0 1     2       2    0
R    523    51  PRO A   55     47  SER A   51       7.7226     1 0 0 0  -112     112    0
R    530    51  PRO A   55     55  THR A   59       6.0483     1 0 0 1   158     158    0
R    531    52  ALA A   56     44  MET A   48       9.6268     1 0 0 1    13      13    0
R    532    52  ALA A   56     48  GLY A   52       5.8396     1 0 0 0   -20      20    0
R    539    52  ALA A   56     56  LYS A   60       5.9160     1 0 0 0     0       0    0
R    540    52  ALA A   56     57  ASN A   61       5.1253     1 0 0 1   197     197    0
R    541    52  ALA A   56     58  VAL A   62       5.7441     1 0 0 1    94      94    0
R    542    53  LEU A   57     49  ILE A   53       6.2658     1 0 0 1    16      16    0
R    549    53  LEU A   57     58  VAL A   62       5.3324     1 0 0 1    60      60    0
R    550    53  LEU A   57     59  ASP A   63       6.4709     1 0 0 0     0       0    0
R    551    53  LEU A   57     60  LEU A   64       6.4870     1 0 0 0    -7       7    0
R    552    53  LEU A   57     61  ALA A   65       7.6914     1 0 0 1    38      38    0
R    553    53  LEU A   57     75  ILE A   79       7.3961     1 0 0 1    92      92    0
R    554    53  LEU A   57    184  ALA A  188       7.8956     1 0 0 1   123     123    0
R    555    53  LEU A   57    185  PHE A  189       6.3587     1 0 0 0    -2       2    0
R    556    53  LEU A   57    186  PRO A  190       5.0442     1 0 0 0   -42      42    0
R    557    54  GLN A   58     50  ILE A   54       6.1900     1 0 0 0   -75      75    0
R    563    54  GLN A   58     74  ALA A   78       7.2693     1 0 0 0  -130     130    0
R    564    54  GLN A   58     75  ILE A   79       7.0598     1 0 0 1    14      14    0
R    566    55  THR A   59     51  PRO A   55       6.0483     1 0 0 1    32      32    0
R    572    56  LYS A   60     52  ALA A   56       5.9160     1 0 0 1     2       2    0
R    579    56  LYS A   60    186  PRO A  190       6.3661     1 0 0 1    61      61    0
R    581    57  ASN A   61     52  ALA A   56       5.1253     1 0 0 1     9       9    0
R    585    58  VAL A   62      2  VAL A    6       5.3812     1 0 0 0   -69      69    0
R    586    58  VAL A   62      3  VAL A    7       5.9031     1 0 0 0     0       0    0
R    587    58  VAL A   62      4  ALA A    8       6.1747     1 0 0 0   -52      52    0
R    588    58  VAL A   62     42  LYS A   46       8.4036     0 0 0 1     6       6    0
R    589    58  VAL A   62     44  MET A   48      10.8631     0 0 0 1    11      11    0
R    591    58  VAL A   62     52  ALA A   56       5.7441     1 0 0 1    64      64    0
R    592    58  VAL A   62     53  LEU A   57       5.3324     1 0 0 1    46      46    0
R    597    58  VAL A   62    186  PRO A  190       8.3540     1 0 0 0   -77      77    0
R    598    59  ASP A   63      1  LEU A    5       5.8093     1 0 0 1    27      27    0
R    599    59  ASP A   63      2  VAL A    6       5.4403     1 0 0 1   122     122    0
R    600    59  ASP A   63     53  LEU A   57       6.4709     1 0 0 0     0       0    0
R    605    59  ASP A   63    186  PRO A  190       6.9094     1 0 0 0  -133     133    0
R    606    59  ASP A   63    189  SER A  193       8.4389     0 0 0 1     5       5    0
R    608    60  LEU A   64      1  LEU A    5       7.7831     1 0 0 1   158     158    0
R    609    60  LEU A   64      2  VAL A    6       6.9813     1 0 0 1     3       3    0
R    610    60  LEU A   64      3  VAL A    7       4.9371     1 0 0 1    81      81    0
R    611    60  LEU A   64      4  ALA A    8       6.3454     1 0 0 1   121     121    0
R    612    60  LEU A   64     28  TRP A   32      10.7061     1 0 0 1   151     151    0
R    613    60  LEU A   64     53  LEU A   57       6.4870     1 0 0 0    -2       2    0
R    618    60  LEU A   64    183  ILE A  187       7.1181     1 0 0 1    55      55    0
R    619    60  LEU A   64    184  ALA A  188       5.5938     1 0 0 0   -36      36    0
R    620    60  LEU A   64    185  PHE A  189       4.5694     1 0 0 1    54      54    0
R    621    60  LEU A   64    192  LEU A  196       9.5167     1 0 0 1    46      46    0
R    622    61  ALA A   65      3  VAL A    7       4.9816     1 0 0 0     0       0    0
R    623    61  ALA A   65      4  ALA A    8       4.5675     1 0 0 0   -19      19    0
R    624    61  ALA A   65     49  ILE A   53       7.3850     1 0 0 1   128     128    0
R    625    61  ALA A   65     53  LEU A   57       7.6914     1 0 0 1    63      63    0
R    628    61  ALA A   65     65  ILE A   69       8.2698     1 0 0 1    22      22    0
R    629    61  ALA A   65    183  ILE A  187       5.8594     1 0 0 0    -2       2    0
R    630    61  ALA A   65    184  ALA A  188       5.2264     1 0 0 1   145     145    0
R    631    62  LEU A   66      3  VAL A    7       7.3100     1 0 0 1   101     101    0
R    632    62  LEU A   66      4  ALA A    8       6.5411     1 0 0 1    17      17    0
R    633    62  LEU A   66      5  THR A    9       5.2687     1 0 0 1    14      14    0
R    635    62  LEU A   66     24  ASP A   28       6.2379     1 0 0 0  -115     115    0
R    636    62  LEU A   66     27  LEU A   31       9.5071     0 0 0 1    21      21    0
R    637    62  LEU A   66     28  TRP A   32       8.0578     1 0 0 1    87      87    0
R    645    62  LEU A   66    183  ILE A  187       5.3200     1 0 0 1   123     123    0
R    646    63  ALA A   67      5  THR A    9       5.0180     1 0 0 0     0       0    0
R    647    63  ALA A   67      6  ASP A   10       5.0696     1 0 0 0   -17      17    0
R    649    63  ALA A   67     13  GLU A   17       7.1905     1 0 0 0     0       0    0
R    650    63  ALA A   67     24  ASP A   28       7.0813     1 0 0 1     3       3    0
R    651    63  ALA A   67     46  PHE A   50       7.3422     1 0 0 0   -19      19    0
R    652    63  ALA A   67     49  ILE A   53       8.6114     1 0 0 1   117     117    0
R    656    64  GLY A   68      9  PHE A   13       7.8502     1 0 0 0   -19      19    0
R    659    64  GLY A   68     24  ASP A   28       7.2682     1 0 0 1    53      53    0
R    665    64  GLY A   68     81  TYR A   85       9.2308     1 0 0 1     6       6    0
R    667    64  GLY A   68    181  TYR A  185       5.2941     1 0 0 0  -112     112    0
R    668    65  ILE A   69     46  PHE A   50       9.0603     1 0 0 1    62      62    0
R    669    65  ILE A   69     49  ILE A   53       9.6717     1 0 0 1    42      42    0
R    670    65  ILE A   69     50  ILE A   54       9.6123     0 0 0 1    39      39    0
R    672    65  ILE A   69     61  ALA A   65       8.2698     1 0 0 0    -9       9    0
R    678    65  ILE A   69     71  ARG A   75      10.1011     1 0 0 0   -56      56    0
R    679    65  ILE A   69     77  PHE A   81       9.3100     1 0 0 1    90      90    0
R    680    65  ILE A   69    181  TYR A  185       4.9458     1 0 0 0   -16      16    0
R    681    65  ILE A   69    182  GLY A  186       5.8732     1 0 0 1   130     130    0
R    682    65  ILE A   69    184  ALA A  188       7.3830     1 0 0 1    50      50    0
R    687    66  THR A   70     71  ARG A   75       8.8453     1 0 0 1   107     107    0
R    688    66  THR A   70     77  PHE A   81       9.3792     1 0 0 0   -59      59    0
R    690    66  THR A   70    153  ASP A  157       9.8960     0 0 0 1     9       9    0
R    691    66  THR A   70    179  GLN A  183       6.4522     1 0 0 1   131     131    0
R    692    66  THR A   70    180  GLN A  184       5.5144     1 0 0 0    -7       7    0
R    693    66  THR A   70    181  TYR A  185       4.3517     1 0 0 0   -42      42    0
R    698    67  ILE A   71     72  LYS A   76       7.4907     1 0 0 0    -4       4    0
R    699    67  ILE A   71     77  PHE A   81       7.0464     1 0 0 1   128     128    0
R    700    67  ILE A   71     78  SER A   82       9.0299     1 0 0 0   -69      69    0
R    701    67  ILE A   71     80  GLY A   84       7.8969     1 0 0 0     0       0    0
R    703    67  ILE A   71    180  GLN A  184       5.8312     1 0 0 1    60      60    0
R    704    67  ILE A   71    181  TYR A  185       5.8321     1 0 0 0   -81      81    0
R    705    67  ILE A   71    182  GLY A  186       6.1660     1 0 0 0   -30      30    0
R    711    68  THR A   72     72  LYS A   76       6.3218     1 0 0 1    81      81    0
R    719    69  ASP A   73     73  LYS A   77       6.7558     1 0 0 0   -24      24    0
R    726    71  ARG A   75     46  PHE A   50      14.0446     1 0 0 0   -82      82    0
R    727    71  ARG A   75     50  ILE A   54       8.8189     0 0 0 1    26      26    0
R    728    71  ARG A   75     65  ILE A   69      10.1011     1 0 0 0   -35      35    0
R    729    71  ARG A   75     66  THR A   70       8.8453     1 0 0 1    30      30    0
R    736    71  ARG A   75     75  ILE A   79       6.2848     1 0 0 1    63      63    0
R    737    71  ARG A   75     77  PHE A   81       9.1884     1 0 0 1    54      54    0
R    738    71  ARG A   75    113  GLY A  117      11.7286     1 0 0 1   106     106    0
R    739    71  ARG A   75    114  THR A  118      11.2819     1 0 0 0     0       0    0
R    741    71  ARG A   75    118  ASP A  122      11.7859     0 0 0 1    22      22    0
R    742    72  LYS A   76     67  ILE A   71       7.4907     1 0 0 0    -7       7    0
R    743    72  LYS A   76     68  THR A   72       6.3218     1 0 0 0    -6       6    0
R    751    72  LYS A   76     77  PHE A   81       7.4090     0 0 0 1    50      50    0
R    752    72  LYS A   76    187  LYS A  191       9.1686     1 0 0 1   165     165    0
R    753    73  LYS A   77     69  ASP A   73       6.7558     1 0 0 0   -25      25    0
R    759    73  LYS A   77    187  LYS A  191       8.9389     1 0 0 0    -1       1    0
R    760    74  ALA A   78     50  ILE A   54       8.1754     0 0 0 1    36      36    0
R    761    74  ALA A   78     54  GLN A   58       7.2693     1 0 0 0  -115     115    0
R    767    74  ALA A   78    187  LYS A  191       7.0642     1 0 0 0   -54      54    0
R    768    75  ILE A   79     50  ILE A   54       7.6304     1 0 0 1   113     113    0
R    769    75  ILE A   79     53  LEU A   57       7.3961     1 0 0 1   110     110    0
R    770    75  ILE A   79     54  GLN A   58       7.0598     1 0 0 1    53      53    0
R    771    75  ILE A   79     71  ARG A   75       6.2848     1 0 0 0   -36      36    0
R    777    75  ILE A   79    184  ALA A  188       6.5578     1 0 0 1   127     127    0
R    778    75  ILE A   79    185  PHE A  189       5.8214     1 0 0 0   -50      50    0
R    779    75  ILE A   79    186  PRO A  190       5.1165     0 0 0 1    10      10    0
R    780    75  ILE A   79    187  LYS A  191       5.0787     1 0 0 1    14      14    0
R    784    76  ASP A   80    184  ALA A  188       5.5331     1 0 0 0     0       0    0
R    785    76  ASP A   80    185  PHE A  189       4.9536     1 0 0 1   189     189    0
R    786    76  ASP A   80    186  PRO A  190       6.0629     1 0 0 0   -25      25    0
R    787    76  ASP A   80    187  LYS A  191       5.5967     1 0 0 1   114     114    0
R    788    76  ASP A   80    188  GLY A  192       8.1492     0 0 0 1    32      32    0
R    789    76  ASP A   80    189  SER A  193       7.7952     0 0 0 1    14      14    0
R    791    76  ASP A   80    193  ARG A  197       7.8766     1 0 0 1    42      42    0
R    792    77  PHE A   81     65  ILE A   69       9.3100     1 0 0 1    67      67    0
R    793    77  PHE A   81     66  THR A   70       9.3792     1 0 0 0  -100     100    0
R    794    77  PHE A   81     67  ILE A   71       7.0464     1 0 0 1   127     127    0
R    796    77  PHE A   81     71  ARG A   75       9.1884     1 0 0 1    71      71    0
R    797    77  PHE A   81     72  LYS A   76       7.4090     0 0 0 1    53      53    0
R    801    77  PHE A   81    182  GLY A  186       5.8494     1 0 0 0   -75      75    0
R    802    77  PHE A   81    183  ILE A  187       5.4835     1 0 0 0   -43      43    0
R    803    77  PHE A   81    184  ALA A  188       4.6664     1 0 0 1    39      39    0
R    805    77  PHE A   81    193  ARG A  197       7.3844     1 0 0 1   112     112    0
R    806    77  PHE A   81    197  ASN A  201       9.2558     0 0 0 1     3       3    0
R    807    78  SER A   82     67  ILE A   71       9.0299     1 0 0 0   -51      51    0
R    812    78  SER A   82    182  GLY A  186       5.5088     1 0 0 0     0       0    0
R    813    78  SER A   82    183  ILE A  187       5.3074     1 0 0 1   144     144    0
R    814    78  SER A   82    185  PHE A  189       8.2314     1 0 0 0     0       0    0
R    815    78  SER A   82    193  ARG A  197       6.1277     1 0 0 0   -13      13    0
R    816    78  SER A   82    196  VAL A  200       6.9160     1 0 0 0     0       0    0
R    817    78  SER A   82    197  ASN A  201       5.6324     1 0 0 0     0       0    0
R    818    78  SER A   82    200  LEU A  204       8.5958     1 0 0 0   -61      61    0
R    822    79  ASP A   83    197  ASN A  201       5.7518     1 0 0 1    31      31    0
R    823    79  ASP A   83    200  LEU A  204       8.0284     0 0 0 1     7       7    0
R    824    79  ASP A   83    201  LYS A  205       8.9248     1 0 0 1     9       9    0
R    825    80  GLY A   84     67  ILE A   71       7.8969     1 0 0 0    -1       1    0
R    831    80  GLY A   84    180  GLN A  184       6.0503     1 0 0 0   -19      19    0
R    832    80  GLY A   84    181  TYR A  185       5.9116     1 0 0 0     0       0    0
R    833    80  GLY A   84    182  GLY A  186       4.6135     1 0 0 0     0       0    0
R    835    81  TYR A   85     12  PHE A   16      12.0209     0 0 0 1     3       3    0
R    836    81  TYR A   85     23  PHE A   27      10.7462     1 0 0 1    62      62    0
R    837    81  TYR A   85     24  ASP A   28       9.6715     1 0 0 1    62      62    0
R    838    81  TYR A   85     27  LEU A   31       9.2815     1 0 0 1   143     143    0
R    841    81  TYR A   85     64  GLY A   68       9.2308     1 0 0 1    65      65    0
R    847    81  TYR A   85    180  GLN A  184       6.7677     1 0 0 0    -5       5    0
R    848    81  TYR A   85    181  TYR A  185       5.8141     1 0 0 1    66      66    0
R    849    81  TYR A   85    182  GLY A  186       5.6424     1 0 0 1     5       5    0
R    850    81  TYR A   85    183  ILE A  187       8.1175     1 0 0 1    44      44    0
R    851    81  TYR A   85    200  LEU A  204       7.7221     1 0 0 1    78      78    0
R    852    81  TYR A   85    209  TYR A  213       9.2340     1 0 0 1   156     156    0
R    853    82  TYR A   86     12  PHE A   16      10.6172     1 0 0 1    44      44    0
R    854    82  TYR A   86     23  PHE A   27      10.0391     0 0 0 1    21      21    0
R    859    82  TYR A   86    155  PRO A  159      10.2344     1 0 0 0    -3       3    0
R    860    82  TYR A   86    180  GLN A  184       5.5186     1 0 0 1     4       4    0
R    861    82  TYR A   86    181  TYR A  185       5.3131     1 0 0 1   277     277    0
R    863    82  TYR A   86    213  TYR A  217       9.2851     1 0 0 1   136     136    0
R    864    82  TYR A   86    217  PHE A  221      11.5734     1 0 0 1    74      74    0
R    869    83  LYS A   87    179  GLN A  183       5.6739     1 0 0 0   -20      20    0
R    870    83  LYS A   87    180  GLN A  184       4.5090     1 0 0 0   -81      81    0
R    876    84  SER A   88    155  PRO A  159       7.0085     1 0 0 0  -114     114    0
R    877    84  SER A   88    175  SER A  179       8.0123     0 0 0 1     5       5    0
R    878    84  SER A   88    178  ALA A  182       5.8775     1 0 0 0    -2       2    0
R    879    84  SER A   88    179  GLN A  183       5.2452     1 0 0 1   159     159    0
R    880    84  SER A   88    181  TYR A  185       7.1747     1 0 0 1    86      86    0
R    883    85  GLY A   89    153  ASP A  157       5.5675     1 0 0 0    -4       4    0
R    884    85  GLY A   89    154  THR A  158       5.3301     1 0 0 1   143     143    0
R    885    85  GLY A   89    175  SER A  179       5.2930     1 0 0 1    10      10    0
R    886    85  GLY A   89    176  LEU A  180       5.3493     1 0 0 0     0       0    0
R    887    85  GLY A   89    177  GLU A  181       5.0499     1 0 0 0     0       0    0
R    889    85  GLY A   89    179  GLN A  183       5.6583     1 0 0 0    -1       1    0
R    894    86  LEU A   90    119  TYR A  123       8.8440     1 0 0 1   175     175    0
R    895    86  LEU A   90    151  LEU A  155       6.5920     1 0 0 1    91      91    0
R    896    86  LEU A   90    152  HIS A  156       5.2180     1 0 0 0    -8       8    0
R    897    86  LEU A   90    153  ASP A  157       4.3867     1 0 0 0   -27      27    0
R    898    86  LEU A   90    154  THR A  158       4.8942     1 0 0 1     4       4    0
R    899    86  LEU A   90    175  SER A  179       5.3394     1 0 0 1     1       1    0
R    900    86  LEU A   90    176  LEU A  180       4.9366     1 0 0 1   146     146    0
R    901    86  LEU A   90    177  GLU A  181       6.0242     1 0 0 1    84      84    0
R    902    86  LEU A   90    179  GLN A  183       8.8109     1 0 0 0   -82      82    0
R    907    87  LEU A   91    151  LEU A  155       5.7391     1 0 0 0    -1       1    0
R    908    87  LEU A   91    152  HIS A  156       5.7904     1 0 0 1   147     147    0
R    909    87  LEU A   91    154  THR A  158       4.9023     1 0 0 0     0       0    0
R    910    87  LEU A   91    157  ILE A  161       7.0960     1 0 0 1   133     133    0
R    911    87  LEU A   91    158  LEU A  162       8.4458     1 0 0 1   105     105    0
R    912    87  LEU A   91    171  ALA A  175       6.6891     1 0 0 1    42      42    0
R    913    87  LEU A   91    172  VAL A  176       7.0604     1 0 0 0  -103     103    0
R    914    87  LEU A   91    173  GLY A  177       7.2724     1 0 0 0   -64      64    0
R    915    87  LEU A   91    174  ASP A  178       6.4167     1 0 0 0   -49      49    0
R    916    87  LEU A   91    175  SER A  179       5.2241     1 0 0 0    -5       5    0
R    921    88  VAL A   92     97  VAL A  101       9.1044     1 0 0 1    14      14    0
R    922    88  VAL A   92     99  SER A  103       7.3857     1 0 0 0   -74      74    0
R    923    88  VAL A   92    100  VAL A  104       6.6120     1 0 0 1    65      65    0
R    925    88  VAL A   92    149  ALA A  153       6.4488     1 0 0 1   102     102    0
R    926    88  VAL A   92    150  VAL A  154       5.9081     1 0 0 0    -2       2    0
R    927    88  VAL A   92    151  LEU A  155       4.6794     1 0 0 1    98      98    0
R    928    88  VAL A   92    157  ILE A  161       8.2253     1 0 0 0    -6       6    0
R    929    88  VAL A   92    171  ALA A  175       5.7323     1 0 0 0   -12      12    0
R    930    88  VAL A   92    172  VAL A  176       5.4163     1 0 0 1   157     157    0
R    931    88  VAL A   92    176  LEU A  180       8.9382     0 0 0 1    10      10    0
R    935    89  MET A   93    139  TYR A  143       8.7404     1 0 0 1   154     154    0
R    936    89  MET A   93    142  LEU A  146       8.7162     1 0 0 1    68      68    0
R    937    89  MET A   93    149  ALA A  153       5.3973     1 0 0 0     0       0    0
R    938    89  MET A   93    150  VAL A  154       5.0458     1 0 0 1   247     247    0
R    939    89  MET A   93    157  ILE A  161       7.0441     1 0 0 1    66      66    0
R    940    89  MET A   93    160  PHE A  164      10.3064     1 0 0 1    19      19    0
R    941    89  MET A   93    161  ILE A  165       8.9660     1 0 0 1    19      19    0
R    942    89  MET A   93    169  PHE A  173       6.7719     1 0 0 1    38      38    0
R    943    89  MET A   93    170  LYS A  174       5.6444     1 0 0 0   -58      58    0
R    944    89  MET A   93    171  ALA A  175       4.5682     1 0 0 0     0       0    0
R    949    90  VAL A   94     94  ASN A   98       6.4103     1 0 0 1    14      14    0
R    950    90  VAL A   94     97  VAL A  101       7.7211     1 0 0 1    82      82    0
R    951    90  VAL A   94    142  LEU A  146       7.0226     1 0 0 0     0       0    0
R    952    90  VAL A   94    148  ASP A  152       6.2989     1 0 0 0   -85      85    0
R    953    90  VAL A   94    149  ALA A  153       4.5126     1 0 0 1    50      50    0
R    954    90  VAL A   94    169  PHE A  173       5.8621     1 0 0 0   -25      25    0
R    955    90  VAL A   94    170  LYS A  174       5.8680     1 0 0 1   148     148    0
R    956    90  VAL A   94    172  VAL A  176       7.2290     1 0 0 1    67      67    0
R    961    91  LYS A   95    142  LEU A  146       7.0191     1 0 0 0   -28      28    0
R    962    91  LYS A   95    143  GLY A  147       7.0311     1 0 0 1   134     134    0
R    963    91  LYS A   95    145  ASN A  149       8.6197     1 0 0 1    13      13    0
R    965    91  LYS A   95    148  ASP A  152       7.8311     0 0 0 1     2       2    0
R    966    91  LYS A   95    168  GLN A  172       6.1163     1 0 0 0   -31      31    0
R    967    91  LYS A   95    169  PHE A  173       4.4275     1 0 0 1    29      29    0
R    968    91  LYS A   95    170  LYS A  174       6.1687     1 0 0 0     0       0    0
R    973    92  ALA A   96    167  GLY A  171       6.4079     1 0 0 0   -87      87    0
R    974    92  ALA A   96    168  GLN A  172       5.1984     1 0 0 0   -14      14    0
R    975    92  ALA A   96    169  PHE A  173       4.3338     1 0 0 0   -10      10    0
R    976    92  ALA A   96    170  LYS A  174       5.3485     1 0 0 1   154     154    0
R    981    93  ASN A   97    170  LYS A  174       8.5270     1 0 0 0     0       0    0
R    982    94  ASN A   98     90  VAL A   94       6.4103     1 0 0 0   -11      11    0
R    991    94  ASN A   98    170  LYS A  174       8.8976     1 0 0 1   111     111    0
R   1001    96  ASP A  100    101  LYS A  105       9.4671     1 0 0 1     2       2    0
R   1002    96  ASP A  100    106  LYS A  110      10.0330     1 0 0 1    70      70    0
R   1004    97  VAL A  101     88  VAL A   92       9.1044     1 0 0 1    14      14    0
R   1005    97  VAL A  101     90  VAL A   94       7.7211     1 0 0 1    90      90    0
R   1011    97  VAL A  101    101  LYS A  105       6.9047     1 0 0 0    -9       9    0
R   1012    97  VAL A  101    102  ASP A  106       7.0389     1 0 0 0   -92      92    0
R   1013    97  VAL A  101    106  LYS A  110       9.3886     1 0 0 1     5       5    0
R   1016    97  VAL A  101    172  VAL A  176       7.5996     1 0 0 0   -65      65    0
R   1022    98  LYS A  102    172  VAL A  176       5.9301     1 0 0 0   -44      44    0
R   1023    98  LYS A  102    173  GLY A  177       6.4757     0 0 0 1    43      43    0
R   1024    99  SER A  103     88  VAL A   92       7.3857     1 0 0 0   -50      50    0
R   1030    99  SER A  103    172  VAL A  176       6.1637     1 0 0 0  -160     160    0
R   1033   100  VAL A  104     88  VAL A   92       6.6120     1 0 0 1    58      58    0
R   1038   100  VAL A  104    119  TYR A  123      10.7199     1 0 0 1     8       8    0
R   1039   100  VAL A  104    124  ILE A  128       7.7677     1 0 0 1    32      32    0
R   1040   100  VAL A  104    151  LEU A  155       8.8771     1 0 0 1    20      20    0
R   1041   100  VAL A  104    176  LEU A  180       8.7936     1 0 0 1   199     199    0
R   1042   101  LYS A  105     96  ASP A  100       9.4671     1 0 0 1     3       3    0
R   1043   101  LYS A  105     97  VAL A  101       6.9047     1 0 0 0   -10      10    0
R   1052   102  ASP A  106     97  VAL A  101       7.0389     1 0 0 0   -90      90    0
R   1059   102  ASP A  106    106  LYS A  110       4.8019     1 0 0 1     7       7    0
R   1060   102  ASP A  106    108  VAL A  112       7.3155     1 0 0 1    27      27    0
R   1061   102  ASP A  106    124  ILE A  128       6.6406     1 0 0 1     2       2    0
R   1065   102  ASP A  106    149  ALA A  153       7.7538     1 0 0 0  -172     172    0
R   1071   103  LEU A  107    123  ASN A  127       7.4002     1 0 0 0   -72      72    0
R   1072   103  LEU A  107    124  ILE A  128       4.1306     1 0 0 1     6       6    0
R   1073   103  LEU A  107    125  LYS A  129       4.2783     1 0 0 0   -89      89    0
R   1079   104  ASP A  108    125  LYS A  129       5.2185     1 0 0 1    53      53    0
R   1084   105  GLY A  109    125  LYS A  129       6.3366     1 0 0 1    63      63    0
R   1085   105  GLY A  109    126  THR A  130       4.7277     1 0 0 0     0       0    0
R   1086   105  GLY A  109    127  LYS A  131       3.8901     1 0 0 0   -73      73    0
R   1088   106  LYS A  110     96  ASP A  100      10.0330     1 0 0 1   124     124    0
R   1089   106  LYS A  110     97  VAL A  101       9.3886     1 0 0 1     3       3    0
R   1091   106  LYS A  110    102  ASP A  106       4.8019     1 0 0 1    71      71    0
R   1096   106  LYS A  110    126  THR A  130       5.1520     1 0 0 0    -4       4    0
R   1097   106  LYS A  110    127  LYS A  131       5.1119     1 0 0 1   107     107    0
R   1098   106  LYS A  110    128  ASP A  132       6.5371     1 0 0 0   -31      31    0
R   1099   106  LYS A  110    148  ASP A  152       6.1712     1 0 0 0   -26      26    0
R   1102   107  VAL A  111    127  LYS A  131       5.6794     1 0 0 1    56      56    0
R   1103   107  VAL A  111    128  ASP A  132       4.5496     1 0 0 1    83      83    0
R   1104   107  VAL A  111    130  ARG A  134       7.3988     1 0 0 0  -151     151    0
R   1105   107  VAL A  111    146  ARG A  150       7.8158     1 0 0 0   -44      44    0
R   1106   107  VAL A  111    147  ALA A  151       4.9536     1 0 0 0    -1       1    0
R   1107   107  VAL A  111    148  ASP A  152       5.2958     1 0 0 1   142     142    0
R   1108   107  VAL A  111    149  ALA A  153       6.8944     1 0 0 1     7       7    0
R   1109   108  VAL A  112    102  ASP A  106       7.3155     1 0 0 0   -74      74    0
R   1114   108  VAL A  112    120  ALA A  124       8.2620     0 0 0 1    39      39    0
R   1115   108  VAL A  112    124  ILE A  128       9.6163     0 0 0 1    25      25    0
R   1116   108  VAL A  112    126  THR A  130       6.9271     1 0 0 1    87      87    0
R   1117   108  VAL A  112    128  ASP A  132       6.4302     1 0 0 1    34      34    0
R   1118   108  VAL A  112    129  LEU A  133       4.8835     1 0 0 0    -1       1    0
R   1119   108  VAL A  112    130  ARG A  134       6.2136     1 0 0 1   137     137    0
R   1121   108  VAL A  112    149  ALA A  153       5.0703     1 0 0 1     9       9    0
R   1123   108  VAL A  112    151  LEU A  155       7.0675     1 0 0 0    -1       1    0
R   1126   109  ALA A  113    130  ARG A  134       4.5041     1 0 0 0    -8       8    0
R   1127   109  ALA A  113    132  PHE A  136       7.6633     1 0 0 1    41      41    0
R   1128   109  ALA A  113    138  ALA A  142       5.3419     1 0 0 1    50      50    0
R   1129   109  ALA A  113    141  GLU A  145       7.1098     1 0 0 1    11      11    0
R   1130   109  ALA A  113    147  ALA A  151       6.0756     1 0 0 1    69      69    0
R   1131   109  ALA A  113    149  ALA A  153       6.3756     1 0 0 1    22      22    0
R   1132   109  ALA A  113    150  VAL A  154       4.8268     1 0 0 0   -12      12    0
R   1133   109  ALA A  113    151  LEU A  155       6.7592     1 0 0 1   104     104    0
R   1137   110  VAL A  114    116  SER A  120       6.2759     1 0 0 0   -34      34    0
R   1138   110  VAL A  114    117  VAL A  121       6.4849     1 0 0 1   112     112    0
R   1139   110  VAL A  114    120  ALA A  124       8.7263     0 0 0 1    21      21    0
R   1140   110  VAL A  114    129  LEU A  133       7.2699     1 0 0 1    58      58    0
R   1141   110  VAL A  114    130  ARG A  134       5.9608     1 0 0 0   -42      42    0
R   1142   110  VAL A  114    131  GLN A  135       4.9152     1 0 0 1    53      53    0
R   1143   110  VAL A  114    132  PHE A  136       6.3661     1 0 0 1    82      82    0
R   1145   110  VAL A  114    138  ALA A  142       6.0020     1 0 0 0    -9       9    0
R   1147   110  VAL A  114    151  LEU A  155       5.9632     1 0 0 0   -53      53    0
R   1148   111  LYS A  115      6  ASP A   10      11.8979     1 0 0 1   171     171    0
R   1149   111  LYS A  115      8  ALA A   12      11.2469     0 0 0 1    41      41    0
R   1151   111  LYS A  115     46  PHE A   50       8.6570     1 0 0 0    -2       2    0
R   1157   111  LYS A  115    117  VAL A  121       7.3567     1 0 0 0   -44      44    0
R   1158   111  LYS A  115    132  PHE A  136       4.6913     1 0 0 0    -4       4    0
R   1159   111  LYS A  115    133  PRO A  137       5.6874     1 0 0 0   -41      41    0
R   1160   111  LYS A  115    134  ASN A  138       5.4120     1 0 0 1    12      12    0
R   1161   111  LYS A  115    135  ILE A  139       5.4371     1 0 0 0   -23      23    0
R   1162   111  LYS A  115    152  HIS A  156       7.8544     1 0 0 0   -24      24    0
R   1164   112  SER A  116     47  SER A   51       6.2906     1 0 0 1    46      46    0
R   1169   112  SER A  116    117  VAL A  121       6.9937     1 0 0 0     0       0    0
R   1170   112  SER A  116    131  GLN A  135       4.9793     1 0 0 0  -103     103    0
R   1171   112  SER A  116    132  PHE A  136       5.3543     1 0 0 1    88      88    0
R   1173   113  GLY A  117     46  PHE A   50       6.5671     1 0 0 0   -86      86    0
R   1174   113  GLY A  117     47  SER A   51       4.7212     1 0 0 0     0       0    0
R   1175   113  GLY A  117     71  ARG A   75      11.7286     1 0 0 1    49      49    0
R   1180   113  GLY A  117    131  GLN A  135       8.5376     0 0 0 1    26      26    0
R   1181   114  THR A  118     46  PHE A   50       7.5433     1 0 0 1    76      76    0
R   1182   114  THR A  118     71  ARG A   75      11.2819     1 0 0 0     0       0    0
R   1189   114  THR A  118    118  ASP A  122       7.1306     1 0 0 0    -8       8    0
R   1190   114  THR A  118    152  HIS A  156       8.6055     1 0 0 1    10      10    0
R   1198   115  GLY A  119    119  TYR A  123       5.9559     1 0 0 1   101     101    0
R   1202   116  SER A  120    110  VAL A  114       6.2759     1 0 0 0    -6       6    0
R   1208   116  SER A  120    120  ALA A  124       6.0606     1 0 0 1    99      99    0
R   1209   116  SER A  120    151  LEU A  155       6.3275     1 0 0 1     2       2    0
R   1210   116  SER A  120    152  HIS A  156       5.6871     1 0 0 1   133     133    0
R   1211   116  SER A  120    153  ASP A  157       7.7258     0 0 0 1    16      16    0
R   1212   117  VAL A  121    110  VAL A  114       6.4849     1 0 0 1    91      91    0
R   1213   117  VAL A  121    111  LYS A  115       7.3567     1 0 0 0   -75      75    0
R   1214   117  VAL A  121    112  SER A  116       6.9937     1 0 0 0     0       0    0
R   1222   117  VAL A  121    121  LYS A  125       6.0086     1 0 0 0   -20      20    0
R   1223   117  VAL A  121    129  LEU A  133       8.4193     1 0 0 1    35      35    0
R   1224   117  VAL A  121    131  GLN A  135       7.8720     1 0 0 0  -118     118    0
R   1226   118  ASP A  122     71  ARG A   75      11.7859     0 0 0 1    33      33    0
R   1227   118  ASP A  122    114  THR A  118       7.1306     1 0 0 0   -13      13    0
R   1234   118  ASP A  122    122  ALA A  126       6.1926     1 0 0 1    65      65    0
R   1235   119  TYR A  123     86  LEU A   90       8.8440     1 0 0 1    75      75    0
R   1236   119  TYR A  123    100  VAL A  104      10.7199     1 0 0 1    28      28    0
R   1237   119  TYR A  123    115  GLY A  119       5.9559     1 0 0 0   -10      10    0
R   1244   119  TYR A  123    123  ASN A  127       5.8226     1 0 0 0  -111     111    0
R   1245   119  TYR A  123    124  ILE A  128       7.7444     0 0 0 1    13      13    0
R   1246   119  TYR A  123    151  LEU A  155       9.2242     1 0 0 1    70      70    0
R   1247   119  TYR A  123    176  LEU A  180       9.5222     1 0 0 0   -58      58    0
R   1248   119  TYR A  123    177  GLU A  181       8.2616     1 0 0 0   -39      39    0
R   1249   120  ALA A  124    108  VAL A  112       8.2620     0 0 0 1    33      33    0
R   1250   120  ALA A  124    110  VAL A  114       8.7263     0 0 0 1    35      35    0
R   1251   120  ALA A  124    116  SER A  120       6.0606     1 0 0 0   -33      33    0
R   1258   120  ALA A  124    124  ILE A  128       5.1816     1 0 0 1    81      81    0
R   1259   120  ALA A  124    126  THR A  130       7.7605     0 0 0 1    41      41    0
R   1260   120  ALA A  124    129  LEU A  133       8.2201     1 0 0 1    86      86    0
R   1261   120  ALA A  124    151  LEU A  155       8.1431     0 0 0 1    19      19    0
R   1262   121  LYS A  125    117  VAL A  121       6.0086     1 0 0 0  -144     144    0
R   1271   122  ALA A  126    118  ASP A  122       6.1926     1 0 0 0   -42      42    0
R   1277   123  ASN A  127    103  LEU A  107       7.4002     1 0 0 0   -94      94    0
R   1278   123  ASN A  127    119  TYR A  123       5.8226     1 0 0 0  -150     150    0
R   1283   124  ILE A  128    100  VAL A  104       7.7677     1 0 0 1     6       6    0
R   1284   124  ILE A  128    102  ASP A  106       6.6406     1 0 0 1    26      26    0
R   1285   124  ILE A  128    103  LEU A  107       4.1306     1 0 0 0   -15      15    0
R   1286   124  ILE A  128    108  VAL A  112       9.6163     0 0 0 1    27      27    0
R   1287   124  ILE A  128    119  TYR A  123       7.7444     0 0 0 1    27      27    0
R   1288   124  ILE A  128    120  ALA A  124       5.1816     1 0 0 0   -66      66    0
R   1294   124  ILE A  128    151  LEU A  155      11.2259     0 0 0 1    29      29    0
R   1295   125  LYS A  129    103  LEU A  107       4.2783     1 0 0 0   -46      46    0
R   1296   125  LYS A  129    104  ASP A  108       5.2185     1 0 0 1    27      27    0
R   1297   125  LYS A  129    105  GLY A  109       6.3366     1 0 0 1   132     132    0
R   1302   126  THR A  130    105  GLY A  109       4.7277     1 0 0 0     0       0    0
R   1303   126  THR A  130    106  LYS A  110       5.1520     1 0 0 0   -35      35    0
R   1304   126  THR A  130    108  VAL A  112       6.9271     1 0 0 1   102     102    0
R   1305   126  THR A  130    120  ALA A  124       7.7605     0 0 0 1    20      20    0
R   1311   127  LYS A  131    105  GLY A  109       3.8901     1 0 0 0   -28      28    0
R   1312   127  LYS A  131    106  LYS A  110       5.1119     1 0 0 1    14      14    0
R   1313   127  LYS A  131    107  VAL A  111       5.6794     1 0 0 1    36      36    0
R   1317   128  ASP A  132    106  LYS A  110       6.5371     1 0 0 0   -12      12    0
R   1318   128  ASP A  132    107  VAL A  111       4.5496     1 0 0 1   106     106    0
R   1319   128  ASP A  132    108  VAL A  112       6.4302     1 0 0 1   131     131    0
R   1324   129  LEU A  133    108  VAL A  112       4.8835     1 0 0 0    -6       6    0
R   1325   129  LEU A  133    110  VAL A  114       7.2699     1 0 0 1    98      98    0
R   1326   129  LEU A  133    117  VAL A  121       8.4193     1 0 0 1    63      63    0
R   1327   129  LEU A  133    120  ALA A  124       8.2201     1 0 0 1   101     101    0
R   1333   130  ARG A  134    107  VAL A  111       7.3988     1 0 0 0   -79      79    0
R   1334   130  ARG A  134    108  VAL A  112       6.2136     1 0 0 1    40      40    0
R   1335   130  ARG A  134    109  ALA A  113       4.5041     1 0 0 1     7       7    0
R   1336   130  ARG A  134    110  VAL A  114       5.9608     1 0 0 1   172     172    0
R   1341   130  ARG A  134    141  GLU A  145       8.7671     1 0 0 0    -3       3    0
R   1342   130  ARG A  134    146  ARG A  150       9.4271     1 0 0 1    89      89    0
R   1344   131  GLN A  135    110  VAL A  114       4.9152     1 0 0 1    83      83    0
R   1345   131  GLN A  135    112  SER A  116       4.9793     1 0 0 0   -58      58    0
R   1346   131  GLN A  135    113  GLY A  117       8.5376     0 0 0 1    10      10    0
R   1347   131  GLN A  135    117  VAL A  121       7.8720     1 0 0 0  -146     146    0
R   1353   132  PHE A  136    109  ALA A  113       7.6633     1 0 0 1    19      19    0
R   1354   132  PHE A  136    110  VAL A  114       6.3661     1 0 0 0   -29      29    0
R   1355   132  PHE A  136    111  LYS A  115       4.6913     1 0 0 0     0       0    0
R   1356   132  PHE A  136    112  SER A  116       5.3543     1 0 0 1   138     138    0
R   1361   132  PHE A  136    137  ASN A  141       6.0454     1 0 0 1   145     145    0
R   1362   132  PHE A  136    138  ALA A  142       6.3586     1 0 0 0     0       0    0
R   1363   132  PHE A  136    141  GLU A  145       9.5727     1 0 0 1   132     132    0
R   1364   133  PRO A  137     45  ASP A   49       6.3803     1 0 0 0  -107     107    0
R   1365   133  PRO A  137     46  PHE A   50       7.5364     0 0 0 1     7       7    0
R   1366   133  PRO A  137     47  SER A   51       7.1869     0 0 0 1     3       3    0
R   1367   133  PRO A  137    111  LYS A  115       5.6874     1 0 0 0   -58      58    0
R   1372   133  PRO A  137    137  ASN A  141       7.4896     1 0 0 0   -56      56    0
R   1374   134  ASN A  138      7  THR A   11       7.8427     1 0 0 0   -29      29    0
R   1376   134  ASN A  138     45  ASP A   49       6.9261     1 0 0 1    88      88    0
R   1377   134  ASN A  138    111  LYS A  115       5.4120     1 0 0 1     8       8    0
R   1383   134  ASN A  138    138  ALA A  142       7.1774     1 0 0 1     3       3    0
R   1384   135  ILE A  139      8  ALA A   12       7.9528     1 0 0 0   -82      82    0
R   1385   135  ILE A  139      9  PHE A   13       7.8410     0 0 0 1     6       6    0
R   1386   135  ILE A  139     10  VAL A   14       9.7808     0 0 0 1    16      16    0
R   1388   135  ILE A  139    111  LYS A  115       5.4371     1 0 0 1    55      55    0
R   1393   135  ILE A  139    139  TYR A  143       6.2637     1 0 0 1    31      31    0
R   1394   135  ILE A  139    150  VAL A  154       8.7224     0 0 0 1    17      17    0
R   1395   135  ILE A  139    152  HIS A  156       8.1180     1 0 0 1   173     173    0
R   1396   135  ILE A  139    156  ASN A  160       9.3494     1 0 0 0   -61      61    0
R   1397   136  ASP A  140      8  ALA A   12       8.4525     0 0 0 1     7       7    0
R   1403   136  ASP A  140    140  MET A  144       6.1718     1 0 0 0   -27      27    0
R   1404   137  ASN A  141    132  PHE A  136       6.0454     1 0 0 1   115     115    0
R   1405   137  ASN A  141    133  PRO A  137       7.4896     1 0 0 0   -95      95    0
R   1412   137  ASN A  141    141  GLU A  145       6.2902     1 0 0 1    58      58    0
R   1413   138  ALA A  142    109  ALA A  113       5.3419     1 0 0 1    72      72    0
R   1414   138  ALA A  142    110  VAL A  114       6.0020     1 0 0 0   -43      43    0
R   1415   138  ALA A  142    132  PHE A  136       6.3586     1 0 0 1    34      34    0
R   1416   138  ALA A  142    134  ASN A  138       7.1774     1 0 0 0    -2       2    0
R   1423   138  ALA A  142    142  LEU A  146       6.4143     1 0 0 1   108     108    0
R   1424   138  ALA A  142    150  VAL A  154       6.5321     1 0 0 1     2       2    0
R   1426   139  TYR A  143     89  MET A   93       8.7404     1 0 0 1   133     133    0
R   1427   139  TYR A  143    135  ILE A  139       6.2637     1 0 0 1    81      81    0
R   1434   139  TYR A  143    143  GLY A  147       6.1187     1 0 0 1   133     133    0
R   1435   139  TYR A  143    150  VAL A  154       6.7350     1 0 0 1    32      32    0
R   1436   139  TYR A  143    156  ASN A  160      11.4211     1 0 0 1   175     175    0
R   1437   139  TYR A  143    157  ILE A  161       9.3220     0 0 0 1    22      22    0
R   1438   139  TYR A  143    160  PHE A  164       9.4924     1 0 0 1   137     137    0
R   1439   139  TYR A  143    169  PHE A  173       9.0116     1 0 0 0   -33      33    0
R   1440   140  MET A  144    136  ASP A  140       6.1718     1 0 0 0   -94      94    0
R   1447   140  MET A  144    144  THR A  148       5.9867     1 0 0 1   200     200    0
R   1448   141  GLU A  145    109  ALA A  113       7.1098     1 0 0 1    38      38    0
R   1449   141  GLU A  145    130  ARG A  134       8.7671     1 0 0 1    62      62    0
R   1450   141  GLU A  145    132  PHE A  136       9.5727     1 0 0 1    74      74    0
R   1451   141  GLU A  145    137  ASN A  141       6.2902     1 0 0 0    -4       4    0
R   1458   141  GLU A  145    145  ASN A  149       6.2827     1 0 0 1    21      21    0
R   1459   141  GLU A  145    146  ARG A  150       5.1047     1 0 0 1    53      53    0
R   1460   141  GLU A  145    147  ALA A  151       5.6927     1 0 0 1    26      26    0
R   1461   142  LEU A  146     89  MET A   93       8.7162     1 0 0 0   -76      76    0
R   1462   142  LEU A  146     90  VAL A   94       7.0226     1 0 0 0    -1       1    0
R   1463   142  LEU A  146     91  LYS A   95       7.0191     1 0 0 0   -46      46    0
R   1464   142  LEU A  146    138  ALA A  142       6.4143     1 0 0 0    -3       3    0
R   1471   142  LEU A  146    147  ALA A  151       4.8590     1 0 0 0   -82      82    0
R   1472   142  LEU A  146    148  ASP A  152       6.2442     1 0 0 0   -83      83    0
R   1473   142  LEU A  146    149  ALA A  153       6.2778     1 0 0 0    -9       9    0
R   1474   142  LEU A  146    150  VAL A  154       6.7950     1 0 0 1    18      18    0
R   1475   142  LEU A  146    169  PHE A  173       8.8598     1 0 0 1    89      89    0
R   1476   143  GLY A  147     91  LYS A   95       7.0311     1 0 0 1   124     124    0
R   1477   143  GLY A  147    139  TYR A  143       6.1187     1 0 0 1    65      65    0
R   1483   143  GLY A  147    169  PHE A  173       8.1493     1 0 0 0    -2       2    0
R   1484   144  THR A  148    140  MET A  144       5.9867     1 0 0 1    74      74    0
R   1490   145  ASN A  149     91  LYS A   95       8.6197     1 0 0 1    63      63    0
R   1491   145  ASN A  149    141  GLU A  145       6.2827     1 0 0 0     0       0    0
R   1497   146  ARG A  150    107  VAL A  111       7.8158     1 0 0 0   -13      13    0
R   1498   146  ARG A  150    130  ARG A  134       9.4271     1 0 0 1   167     167    0
R   1499   146  ARG A  150    141  GLU A  145       5.1047     1 0 0 0   -59      59    0
R   1504   147  ALA A  151    107  VAL A  111       4.9536     1 0 0 0   -18      18    0
R   1505   147  ALA A  151    109  ALA A  113       6.0756     1 0 0 1    87      87    0
R   1507   147  ALA A  151    141  GLU A  145       5.6927     1 0 0 1     4       4    0
R   1508   147  ALA A  151    142  LEU A  146       4.8590     1 0 0 0  -113     113    0
R   1513   148  ASP A  152     90  VAL A   94       6.2989     1 0 0 0  -118     118    0
R   1514   148  ASP A  152     91  LYS A   95       7.8311     0 0 0 1     3       3    0
R   1520   148  ASP A  152    106  LYS A  110       6.1712     1 0 0 1    10      10    0
R   1521   148  ASP A  152    107  VAL A  111       5.2958     1 0 0 1   137     137    0
R   1522   148  ASP A  152    142  LEU A  146       6.2442     1 0 0 0   -53      53    0
R   1525   149  ALA A  153     88  VAL A   92       6.4488     1 0 0 1    61      61    0
R   1526   149  ALA A  153     89  MET A   93       5.3973     1 0 0 0   -27      27    0
R   1527   149  ALA A  153     90  VAL A   94       4.5126     1 0 0 1    51      51    0
R   1528   149  ALA A  153    102  ASP A  106       7.7538     1 0 0 0  -108     108    0
R   1529   149  ALA A  153    107  VAL A  111       6.8944     1 0 0 1     8       8    0
R   1530   149  ALA A  153    108  VAL A  112       5.0703     1 0 0 1    30      30    0
R   1531   149  ALA A  153    109  ALA A  113       6.3756     1 0 0 1   131     131    0
R   1532   149  ALA A  153    142  LEU A  146       6.2778     1 0 0 0    -4       4    0
R   1537   150  VAL A  154     88  VAL A   92       5.9081     1 0 0 0    -1       1    0
R   1538   150  VAL A  154     89  MET A   93       5.0458     1 0 0 1   272     272    0
R   1540   150  VAL A  154    109  ALA A  113       4.8268     1 0 0 0   -34      34    0
R   1542   150  VAL A  154    135  ILE A  139       8.7224     0 0 0 1    15      15    0
R   1543   150  VAL A  154    138  ALA A  142       6.5321     1 0 0 0   -65      65    0
R   1544   150  VAL A  154    139  TYR A  143       6.7350     1 0 0 1    29      29    0
R   1545   150  VAL A  154    142  LEU A  146       6.7950     1 0 0 1    76      76    0
R   1549   150  VAL A  154    157  ILE A  161       8.8269     0 0 0 1    15      15    0
R   1550   151  LEU A  155     86  LEU A   90       6.5920     1 0 0 1    81      81    0
R   1551   151  LEU A  155     87  LEU A   91       5.7391     1 0 0 0   -37      37    0
R   1552   151  LEU A  155     88  VAL A   92       4.6794     1 0 0 1   137     137    0
R   1553   151  LEU A  155    100  VAL A  104       8.8771     1 0 0 1    28      28    0
R   1554   151  LEU A  155    108  VAL A  112       7.0675     1 0 0 1    59      59    0
R   1555   151  LEU A  155    109  ALA A  113       6.7592     1 0 0 1    25      25    0
R   1556   151  LEU A  155    110  VAL A  114       5.9632     1 0 0 0   -32      32    0
R   1557   151  LEU A  155    116  SER A  120       6.3275     1 0 0 0   -13      13    0
R   1558   151  LEU A  155    119  TYR A  123       9.2242     1 0 0 1   106     106    0
R   1559   151  LEU A  155    120  ALA A  124       8.1431     0 0 0 1     7       7    0
R   1560   151  LEU A  155    124  ILE A  128      11.2259     0 0 0 1    28      28    0
R   1564   151  LEU A  155    176  LEU A  180      10.1024     1 0 0 1    76      76    0
R   1565   152  HIS A  156      9  PHE A   13      10.4828     1 0 0 0   -69      69    0
R   1566   152  HIS A  156     86  LEU A   90       5.2180     1 0 0 0     0       0    0
R   1567   152  HIS A  156     87  LEU A   91       5.7904     1 0 0 1   150     150    0
R   1568   152  HIS A  156    111  LYS A  115       7.8544     1 0 0 0   -18      18    0
R   1569   152  HIS A  156    114  THR A  118       8.6055     1 0 0 1     3       3    0
R   1570   152  HIS A  156    116  SER A  120       5.6871     1 0 0 1    84      84    0
R   1571   152  HIS A  156    135  ILE A  139       8.1180     1 0 0 1    77      77    0
R   1576   152  HIS A  156    156  ASN A  160       7.1307     1 0 0 0   -84      84    0
R   1577   152  HIS A  156    157  ILE A  161       6.6280     1 0 0 1    26      26    0
R   1578   153  ASP A  157      9  PHE A   13       9.4796     1 0 0 1    43      43    0
R   1580   153  ASP A  157     66  THR A   70       9.8960     0 0 0 1     6       6    0
R   1582   153  ASP A  157     85  GLY A   89       5.5675     1 0 0 0    -5       5    0
R   1583   153  ASP A  157     86  LEU A   90       4.3867     1 0 0 0   -20      20    0
R   1585   153  ASP A  157    116  SER A  120       7.7258     0 0 0 1    16      16    0
R   1590   153  ASP A  157    157  ILE A  161       6.3651     1 0 0 1    54      54    0
R   1591   153  ASP A  157    179  GLN A  183       9.8289     0 0 0 1    55      55    0
R   1592   153  ASP A  157    181  TYR A  185      10.7363     1 0 0 0   -28      28    0
R   1594   154  THR A  158     85  GLY A   89       5.3301     1 0 0 1    37      37    0
R   1595   154  THR A  158     86  LEU A   90       4.8942     1 0 0 1    14      14    0
R   1596   154  THR A  158     87  LEU A   91       4.9023     1 0 0 1    41      41    0
R   1602   154  THR A  158    158  LEU A  162       5.8871     1 0 0 1   188     188    0
R   1603   154  THR A  158    175  SER A  179       6.2646     1 0 0 1    95      95    0
R   1604   155  PRO A  159      9  PHE A   13       9.7009     0 0 0 1     1       1    0
R   1605   155  PRO A  159     11  PRO A   15       7.5490     1 0 0 0   -10      10    0
R   1606   155  PRO A  159     12  PHE A   16       9.0763     1 0 0 1    82      82    0
R   1607   155  PRO A  159     82  TYR A   86      10.2344     1 0 0 0   -84      84    0
R   1608   155  PRO A  159     84  SER A   88       7.0085     1 0 0 0  -122     122    0
R   1614   155  PRO A  159    159  TYR A  163       5.9228     1 0 0 1    85      85    0
R   1615   155  PRO A  159    181  TYR A  185      11.7090     1 0 0 0   -15      15    0
R   1616   155  PRO A  159    217  PHE A  221       8.7110     1 0 0 1    46      46    0
R   1617   156  ASN A  160      9  PHE A   13       6.9137     1 0 0 1    45      45    0
R   1618   156  ASN A  160     10  VAL A   14       5.6560     1 0 0 0   -20      20    0
R   1619   156  ASN A  160     11  PRO A   15       6.5257     1 0 0 0     0       0    0
R   1620   156  ASN A  160    135  ILE A  139       9.3494     1 0 0 0   -49      49    0
R   1621   156  ASN A  160    139  TYR A  143      11.4211     1 0 0 1   146     146    0
R   1622   156  ASN A  160    152  HIS A  156       7.1307     1 0 0 0   -86      86    0
R   1629   156  ASN A  160    160  PHE A  164       6.1349     1 0 0 1   114     114    0
R   1630   157  ILE A  161     87  LEU A   91       7.0960     1 0 0 1   190     190    0
R   1631   157  ILE A  161     88  VAL A   92       8.2253     1 0 0 0   -32      32    0
R   1632   157  ILE A  161     89  MET A   93       7.0441     1 0 0 1    51      51    0
R   1633   157  ILE A  161    139  TYR A  143       9.3220     0 0 0 1    46      46    0
R   1634   157  ILE A  161    150  VAL A  154       8.8269     0 0 0 1    16      16    0
R   1635   157  ILE A  161    152  HIS A  156       6.6280     1 0 0 1    58      58    0
R   1636   157  ILE A  161    153  ASP A  157       6.3651     1 0 0 1     5       5    0
R   1643   157  ILE A  161    161  ILE A  165       6.0417     1 0 0 1    96      96    0
R   1644   157  ILE A  161    171  ALA A  175       7.4403     1 0 0 1    82      82    0
R   1645   158  LEU A  162     87  LEU A   91       8.4458     1 0 0 1   128     128    0
R   1646   158  LEU A  162    154  THR A  158       5.8871     1 0 0 1    75      75    0
R   1653   158  LEU A  162    162  LYS A  166       6.5436     1 0 0 1    47      47    0
R   1654   158  LEU A  162    171  ALA A  175       7.4306     1 0 0 1    37      37    0
R   1655   159  TYR A  163     10  VAL A   14       6.8004     1 0 0 1   135     135    0
R   1656   159  TYR A  163     11  PRO A   15       6.6770     1 0 0 1   163     163    0
R   1658   159  TYR A  163    155  PRO A  159       5.9228     1 0 0 0    -7       7    0
R   1665   159  TYR A  163    163  THR A  167       6.2374     1 0 0 1    88      88    0
R   1667   160  PHE A  164     10  VAL A   14       7.3688     0 0 0 1    27      27    0
R   1668   160  PHE A  164     89  MET A   93      10.3064     1 0 0 1     3       3    0
R   1669   160  PHE A  164    139  TYR A  143       9.4924     1 0 0 1   155     155    0
R   1670   160  PHE A  164    156  ASN A  160       6.1349     1 0 0 0   -31      31    0
R   1677   160  PHE A  164    164  ALA A  168       5.2669     1 0 0 1   163     163    0
R   1678   160  PHE A  164    165  GLY A  169       5.4601     1 0 0 1   176     176    0
R   1679   160  PHE A  164    169  PHE A  173       9.1312     1 0 0 1   137     137    0
R   1680   161  ILE A  165     89  MET A   93       8.9660     1 0 0 1    11      11    0
R   1681   161  ILE A  165    157  ILE A  161       6.0417     1 0 0 0   -19      19    0
R   1687   161  ILE A  165    165  GLY A  169       4.3643     1 0 0 0     0       0    0
R   1688   161  ILE A  165    166  ASN A  170       5.0202     1 0 0 0    -4       4    0
R   1690   161  ILE A  165    169  PHE A  173       6.3637     1 0 0 0   -73      73    0
R   1691   161  ILE A  165    170  LYS A  174       6.5335     1 0 0 0    -2       2    0
R   1692   161  ILE A  165    171  ALA A  175       7.8835     1 0 0 0   -70      70    0
R   1693   162  LYS A  166    158  LEU A  162       6.5436     1 0 0 0   -15      15    0
R   1698   162  LYS A  166    166  ASN A  170       5.3367     1 0 0 0   -39      39    0
R   1699   162  LYS A  166    216  TRP A  220      13.2163     0 0 0 1     5       5    0
R   1700   162  LYS A  166    217  PHE A  221      11.8689     0 0 0 1    10      10    0
R   1701   163  THR A  167    159  TYR A  163       6.2374     1 0 0 1    71      71    0
R   1708   164  ALA A  168    160  PHE A  164       5.2669     1 0 0 1   101     101    0
R   1713   165  GLY A  169    160  PHE A  164       5.4601     1 0 0 1    69      69    0
R   1714   165  GLY A  169    161  ILE A  165       4.3643     1 0 0 0    -2       2    0
R   1720   165  GLY A  169    169  PHE A  173       5.9323     1 0 0 1    20      20    0
R   1721   166  ASN A  170    161  ILE A  165       5.0202     1 0 0 0   -16      16    0
R   1722   166  ASN A  170    162  LYS A  166       5.3367     1 0 0 0    -7       7    0
R   1728   167  GLY A  171     92  ALA A   96       6.4079     1 0 0 0   -81      81    0
R   1734   168  GLN A  172     91  LYS A   95       6.1163     1 0 0 0   -26      26    0
R   1735   168  GLN A  172     92  ALA A   96       5.1984     1 0 0 1    91      91    0
R   1741   169  PHE A  173     89  MET A   93       6.7719     1 0 0 1     9       9    0
R   1742   169  PHE A  173     90  VAL A   94       5.8621     1 0 0 0   -49      49    0
R   1743   169  PHE A  173     91  LYS A   95       4.4275     1 0 0 1    29      29    0
R   1744   169  PHE A  173     92  ALA A   96       4.3338     1 0 0 0   -12      12    0
R   1745   169  PHE A  173    139  TYR A  143       9.0116     1 0 0 0   -74      74    0
R   1746   169  PHE A  173    142  LEU A  146       8.8598     1 0 0 1   146     146    0
R   1747   169  PHE A  173    143  GLY A  147       8.1493     1 0 0 0   -26      26    0
R   1748   169  PHE A  173    160  PHE A  164       9.1312     1 0 0 1   124     124    0
R   1749   169  PHE A  173    161  ILE A  165       6.3637     1 0 0 0   -57      57    0
R   1750   169  PHE A  173    165  GLY A  169       5.9323     1 0 0 0   -57      57    0
R   1754   170  LYS A  174     89  MET A   93       5.6444     1 0 0 0   -33      33    0
R   1755   170  LYS A  174     90  VAL A   94       5.8680     1 0 0 1   194     194    0
R   1756   170  LYS A  174     91  LYS A   95       6.1687     1 0 0 0    -4       4    0
R   1757   170  LYS A  174     92  ALA A   96       5.3485     1 0 0 1    32      32    0
R   1758   170  LYS A  174     93  ASN A   97       8.5270     1 0 0 0     0       0    0
R   1759   170  LYS A  174     94  ASN A   98       8.8976     1 0 0 1    83      83    0
R   1761   170  LYS A  174    161  ILE A  165       6.5335     1 0 0 0     0       0    0
R   1765   171  ALA A  175     87  LEU A   91       6.6891     1 0 0 1    76      76    0
R   1766   171  ALA A  175     88  VAL A   92       5.7323     1 0 0 0     0       0    0
R   1767   171  ALA A  175     89  MET A   93       4.5682     1 0 0 0     0       0    0
R   1768   171  ALA A  175    157  ILE A  161       7.4403     1 0 0 1   109     109    0
R   1769   171  ALA A  175    158  LEU A  162       7.4306     1 0 0 1    24      24    0
R   1770   171  ALA A  175    161  ILE A  165       7.8835     1 0 0 1     6       6    0
R   1774   172  VAL A  176     87  LEU A   91       7.0604     1 0 0 0   -76      76    0
R   1775   172  VAL A  176     88  VAL A   92       5.4163     1 0 0 1    40      40    0
R   1776   172  VAL A  176     90  VAL A   94       7.2290     1 0 0 1    94      94    0
R   1777   172  VAL A  176     97  VAL A  101       7.5996     1 0 0 0   -73      73    0
R   1778   172  VAL A  176     98  LYS A  102       5.9301     1 0 0 0    -2       2    0
R   1779   172  VAL A  176     99  SER A  103       6.1637     1 0 0 0  -200     200    0
R   1784   173  GLY A  177     87  LEU A   91       7.2724     1 0 0 0   -39      39    0
R   1785   173  GLY A  177     98  LYS A  102       6.4757     0 0 0 1    12      12    0
R   1790   174  ASP A  178     87  LEU A   91       6.4167     1 0 0 0   -41      41    0
R   1795   175  SER A  179     84  SER A   88       8.0123     0 0 0 1     3       3    0
R   1796   175  SER A  179     85  GLY A   89       5.2930     1 0 0 1     4       4    0
R   1797   175  SER A  179     86  LEU A   90       5.3394     1 0 0 0     0       0    0
R   1798   175  SER A  179     87  LEU A   91       5.2241     1 0 0 0    -9       9    0
R   1799   175  SER A  179    154  THR A  158       6.2646     1 0 0 1    95      95    0
R   1803   176  LEU A  180     85  GLY A   89       5.3493     1 0 0 0     0       0    0
R   1804   176  LEU A  180     86  LEU A   90       4.9366     1 0 0 1   104     104    0
R   1806   176  LEU A  180     88  VAL A   92       8.9382     0 0 0 1    18      18    0
R   1808   176  LEU A  180    100  VAL A  104       8.7936     1 0 0 1   213     213    0
R   1809   176  LEU A  180    119  TYR A  123       9.5222     1 0 0 0   -58      58    0
R   1810   176  LEU A  180    151  LEU A  155      10.1024     1 0 0 1    67      67    0
R   1815   177  GLU A  181     85  GLY A   89       5.0499     1 0 0 0     0       0    0
R   1816   177  GLU A  181     86  LEU A   90       6.0242     1 0 0 1    88      88    0
R   1818   177  GLU A  181    119  TYR A  123       8.2616     1 0 0 0  -110     110    0
R   1822   178  ALA A  182     84  SER A   88       5.8775     1 0 0 0    -4       4    0
R   1828   179  GLN A  183     66  THR A   70       6.4522     1 0 0 1   186     186    0
R   1830   179  GLN A  183     83  LYS A   87       5.6739     1 0 0 0   -11      11    0
R   1831   179  GLN A  183     84  SER A   88       5.2452     1 0 0 1   173     173    0
R   1832   179  GLN A  183     85  GLY A   89       5.6583     1 0 0 1     1       1    0
R   1833   179  GLN A  183     86  LEU A   90       8.8109     1 0 0 0  -127     127    0
R   1835   179  GLN A  183    153  ASP A  157       9.8289     0 0 0 1    27      27    0
R   1840   180  GLN A  184     66  THR A   70       5.5144     1 0 0 0    -2       2    0
R   1841   180  GLN A  184     67  ILE A   71       5.8312     1 0 0 1   212     212    0
R   1842   180  GLN A  184     80  GLY A   84       6.0503     1 0 0 0    -2       2    0
R   1843   180  GLN A  184     81  TYR A   85       6.7677     1 0 0 1     7       7    0
R   1844   180  GLN A  184     82  TYR A   86       5.5186     1 0 0 1    37      37    0
R   1845   180  GLN A  184     83  LYS A   87       4.5090     1 0 0 0  -223     223    0
R   1849   181  TYR A  185      9  PHE A   13      12.9151     1 0 0 0   -20      20    0
R   1850   181  TYR A  185     12  PHE A   16      10.7971     1 0 0 1   106     106    0
R   1851   181  TYR A  185     64  GLY A   68       5.2941     1 0 0 0   -99      99    0
R   1852   181  TYR A  185     65  ILE A   69       4.9458     1 0 0 0    -9       9    0
R   1853   181  TYR A  185     66  THR A   70       4.3517     1 0 0 0   -74      74    0
R   1854   181  TYR A  185     67  ILE A   71       5.8321     1 0 0 0     0       0    0
R   1855   181  TYR A  185     80  GLY A   84       5.9116     1 0 0 0     0       0    0
R   1856   181  TYR A  185     81  TYR A   85       5.8141     1 0 0 1   215     215    0
R   1857   181  TYR A  185     82  TYR A   86       5.3131     1 0 0 1   182     182    0
R   1858   181  TYR A  185     84  SER A   88       7.1747     1 0 0 1   105     105    0
R   1859   181  TYR A  185    153  ASP A  157      10.7363     1 0 0 1    26      26    0
R   1860   181  TYR A  185    155  PRO A  159      11.7090     1 0 0 0   -14      14    0
R   1866   182  GLY A  186     65  ILE A   69       5.8732     1 0 0 0   -54      54    0
R   1867   182  GLY A  186     67  ILE A   71       6.1660     1 0 0 0   -15      15    0
R   1868   182  GLY A  186     77  PHE A   81       5.8494     1 0 0 0   -31      31    0
R   1869   182  GLY A  186     78  SER A   82       5.5088     1 0 0 0     0       0    0
R   1870   182  GLY A  186     80  GLY A   84       4.6135     1 0 0 0     0       0    0
R   1871   182  GLY A  186     81  TYR A   85       5.6424     1 0 0 0   -20      20    0
R   1875   183  ILE A  187     27  LEU A   31      10.4375     0 0 0 1     4       4    0
R   1876   183  ILE A  187     28  TRP A   32       9.1430     1 0 0 1    19      19    0
R   1877   183  ILE A  187     31  ILE A   35      11.0023     1 0 0 1   144     144    0
R   1878   183  ILE A  187     60  LEU A   64       7.1181     1 0 0 1    89      89    0
R   1879   183  ILE A  187     61  ALA A   65       5.8594     1 0 0 0   -35      35    0
R   1880   183  ILE A  187     62  LEU A   66       5.3200     1 0 0 1   113     113    0
R   1881   183  ILE A  187     77  PHE A   81       5.4835     1 0 0 0    -1       1    0
R   1882   183  ILE A  187     78  SER A   82       5.3074     1 0 0 1   124     124    0
R   1883   183  ILE A  187     81  TYR A   85       8.1175     1 0 0 1    48      48    0
R   1887   183  ILE A  187    196  VAL A  200       8.6309     1 0 0 1    75      75    0
R   1888   183  ILE A  187    200  LEU A  204      10.2158     0 0 0 1    22      22    0
R   1889   184  ALA A  188     50  ILE A   54       8.3446     0 0 0 1     1       1    0
R   1890   184  ALA A  188     53  LEU A   57       7.8956     1 0 0 1    66      66    0
R   1891   184  ALA A  188     60  LEU A   64       5.5938     1 0 0 0   -17      17    0
R   1892   184  ALA A  188     61  ALA A   65       5.2264     1 0 0 1   149     149    0
R   1893   184  ALA A  188     65  ILE A   69       7.3830     1 0 0 1    78      78    0
R   1894   184  ALA A  188     75  ILE A   79       6.5578     1 0 0 1   114     114    0
R   1895   184  ALA A  188     76  ASP A   80       5.5331     1 0 0 0     0       0    0
R   1896   184  ALA A  188     77  PHE A   81       4.6664     1 0 0 1    35      35    0
R   1900   185  PHE A  189     53  LEU A   57       6.3587     1 0 0 0     0       0    0
R   1902   185  PHE A  189     60  LEU A   64       4.5694     1 0 0 1    86      86    0
R   1903   185  PHE A  189     75  ILE A   79       5.8214     1 0 0 0   -54      54    0
R   1904   185  PHE A  189     76  ASP A   80       4.9536     1 0 0 1   137     137    0
R   1905   185  PHE A  189     78  SER A   82       8.2314     1 0 0 0   -13      13    0
R   1910   185  PHE A  189    189  SER A  193       6.3258     1 0 0 0    -6       6    0
R   1911   185  PHE A  189    192  LEU A  196       8.5406     1 0 0 1   182     182    0
R   1912   185  PHE A  189    193  ARG A  197       7.2802     1 0 0 1   153     153    0
R   1913   185  PHE A  189    196  VAL A  200      10.5009     1 0 0 1   108     108    0
R   1914   186  PRO A  190     53  LEU A   57       5.0442     1 0 0 0   -81      81    0
R   1916   186  PRO A  190     56  LYS A   60       6.3661     1 0 0 1    51      51    0
R   1917   186  PRO A  190     58  VAL A   62       8.3540     1 0 0 0   -49      49    0
R   1918   186  PRO A  190     59  ASP A   63       6.9094     1 0 0 0  -102     102    0
R   1919   186  PRO A  190     75  ILE A   79       5.1165     0 0 0 1    13      13    0
R   1920   186  PRO A  190     76  ASP A   80       6.0629     1 0 0 0   -26      26    0
R   1925   187  LYS A  191     72  LYS A   76       9.1686     1 0 0 1    79      79    0
R   1926   187  LYS A  191     73  LYS A   77       8.9389     1 0 0 0    -3       3    0
R   1927   187  LYS A  191     74  ALA A   78       7.0642     1 0 0 0   -70      70    0
R   1928   187  LYS A  191     75  ILE A   79       5.0787     1 0 0 1     8       8    0
R   1929   187  LYS A  191     76  ASP A   80       5.5967     1 0 0 1    92      92    0
R   1934   188  GLY A  192     76  ASP A   80       8.1492     0 0 0 1    29      29    0
R   1940   189  SER A  193     59  ASP A   63       8.4389     0 0 0 1     3       3    0
R   1941   189  SER A  193     76  ASP A   80       7.7952     0 0 0 1     5       5    0
R   1942   189  SER A  193    185  PHE A  189       6.3258     1 0 0 0    -3       3    0
R   1949   189  SER A  193    193  ARG A  197       6.2493     1 0 0 1    83      83    0
R   1956   190  ASP A  194    194  ASP A  198       5.5202     1 0 0 0  -117     117    0
R   1962   191  GLU A  195    195  LYS A  199       7.1648     1 0 0 0   -63      63    0
R   1963   192  LEU A  196      1  LEU A    5      10.7871     1 0 0 1    67      67    0
R   1964   192  LEU A  196     28  TRP A   32      13.5846     0 0 0 1     3       3    0
R   1965   192  LEU A  196     35  LEU A   39      10.1271     0 0 0 1    12      12    0
R   1966   192  LEU A  196     37  LEU A   41      10.2936     1 0 0 1    86      86    0
R   1968   192  LEU A  196     60  LEU A   64       9.5167     1 0 0 1    82      82    0
R   1969   192  LEU A  196    185  PHE A  189       8.5406     1 0 0 1   106     106    0
R   1976   192  LEU A  196    196  VAL A  200       6.4373     1 0 0 1   197     197    0
R   1977   193  ARG A  197     76  ASP A   80       7.8766     1 0 0 1     6       6    0
R   1978   193  ARG A  197     77  PHE A   81       7.3844     1 0 0 1    56      56    0
R   1979   193  ARG A  197     78  SER A   82       6.1277     1 0 0 0    -4       4    0
R   1980   193  ARG A  197    185  PHE A  189       7.2802     1 0 0 1   149     149    0
R   1981   193  ARG A  197    189  SER A  193       6.2493     1 0 0 0    -8       8    0
R   1988   193  ARG A  197    197  ASN A  201       6.3050     1 0 0 1    89      89    0
R   1989   194  ASP A  198    190  ASP A  194       5.5202     1 0 0 0  -144     144    0
R   1995   195  LYS A  199     35  LEU A   39       8.5990     1 0 0 1    44      44    0
R   1997   195  LYS A  199    191  GLU A  195       7.1648     1 0 0 0   -22      22    0
R   2004   195  LYS A  199    199  ALA A  203       6.5033     1 0 0 1    61      61    0
R   2005   196  VAL A  200     28  TRP A   32       9.5175     1 0 0 1    94      94    0
R   2006   196  VAL A  200     31  ILE A   35       6.9999     1 0 0 1    18      18    0
R   2007   196  VAL A  200     35  LEU A   39       7.7443     1 0 0 1    52      52    0
R   2008   196  VAL A  200     78  SER A   82       6.9160     1 0 0 0     0       0    0
R   2009   196  VAL A  200    183  ILE A  187       8.6309     1 0 0 1   117     117    0
R   2010   196  VAL A  200    185  PHE A  189      10.5009     1 0 0 1    91      91    0
R   2011   196  VAL A  200    192  LEU A  196       6.4373     1 0 0 1    22      22    0
R   2017   196  VAL A  200    200  LEU A  204       6.0926     1 0 0 1   186     186    0
R   2018   197  ASN A  201     77  PHE A   81       9.2558     0 0 0 1     1       1    0
R   2019   197  ASN A  201     78  SER A   82       5.6324     1 0 0 0     0       0    0
R   2020   197  ASN A  201     79  ASP A   83       5.7518     1 0 0 1   114     114    0
R   2021   197  ASN A  201    193  ARG A  197       6.3050     1 0 0 0    -6       6    0
R   2028   197  ASN A  201    201  LYS A  205       6.4062     1 0 0 1    65      65    0
R   2035   198  GLY A  202    202  THR A  206       6.4542     1 0 0 1   134     134    0
R   2036   199  ALA A  203     31  ILE A   35       5.7159     1 0 0 1   115     115    0
R   2037   199  ALA A  203     34  GLU A   38       6.2603     1 0 0 1    51      51    0
R   2038   199  ALA A  203     35  LEU A   39       6.8059     1 0 0 1    88      88    0
R   2039   199  ALA A  203    195  LYS A  199       6.5033     1 0 0 1    19      19    0
R   2046   199  ALA A  203    203  LEU A  207       6.2109     1 0 0 0   -42      42    0
R   2047   200  LEU A  204     27  LEU A   31       8.8106     1 0 0 1   112     112    0
R   2048   200  LEU A  204     31  ILE A   35       6.7438     1 0 0 1    50      50    0
R   2049   200  LEU A  204     78  SER A   82       8.5958     1 0 0 0   -92      92    0
R   2050   200  LEU A  204     79  ASP A   83       8.0284     0 0 0 1     4       4    0
R   2052   200  LEU A  204     81  TYR A   85       7.7221     1 0 0 1   133     133    0
R   2053   200  LEU A  204    183  ILE A  187      10.2158     0 0 0 1    32      32    0
R   2054   200  LEU A  204    196  VAL A  200       6.0926     1 0 0 1     8       8    0
R   2061   200  LEU A  204    204  ARG A  208       6.2828     1 0 0 1    94      94    0
R   2062   200  LEU A  204    209  TYR A  213       8.3234     0 0 0 1    22      22    0
R   2063   201  LYS A  205     79  ASP A   83       8.9248     1 0 0 1    55      55    0
R   2064   201  LYS A  205    197  ASN A  201       6.4062     1 0 0 0    -5       5    0
R   2071   201  LYS A  205    205  GLU A  209       6.0914     1 0 0 1    70      70    0
R   2072   202  THR A  206     34  GLU A   38       8.3369     1 0 0 1     2       2    0
R   2073   202  THR A  206    198  GLY A  202       6.4542     1 0 0 1    57      57    0
R   2080   202  THR A  206    206  ASN A  210       6.0120     1 0 0 1    94      94    0
R   2081   203  LEU A  207     27  LEU A   31       8.6754     0 0 0 1    38      38    0
R   2082   203  LEU A  207     30  ALA A   34       7.6691     1 0 0 1    48      48    0
R   2083   203  LEU A  207     31  ILE A   35       7.4840     1 0 0 1   113     113    0
R   2085   203  LEU A  207     34  GLU A   38       8.2654     1 0 0 1    21      21    0
R   2086   203  LEU A  207    199  ALA A  203       6.2109     1 0 0 0   -54      54    0
R   2093   203  LEU A  207    207  GLY A  211       6.1908     1 0 0 0     0       0    0
R   2094   203  LEU A  207    208  THR A  212       5.0462     1 0 0 1   160     160    0
R   2095   203  LEU A  207    209  TYR A  213       5.2012     1 0 0 1   123     123    0
R   2096   204  ARG A  208    200  LEU A  204       6.2828     1 0 0 0    -5       5    0
R   2103   204  ARG A  208    209  TYR A  213       5.2553     1 0 0 1    80      80    0
R   2105   205  GLU A  209    201  LYS A  205       6.0914     1 0 0 0   -30      30    0
R   2111   206  ASN A  210     34  GLU A   38      11.3614     0 0 0 1    12      12    0
R   2112   206  ASN A  210    202  THR A  206       6.0120     1 0 0 0   -12      12    0
R   2118   207  GLY A  211    203  LEU A  207       6.1908     1 0 0 0     0       0    0
R   2125   207  GLY A  211    211  GLU A  215       6.6858     1 0 0 0   -14      14    0
R   2126   208  THR A  212     30  ALA A   34       8.1806     1 0 0 1    28      28    0
R   2128   208  THR A  212    203  LEU A  207       5.0462     1 0 0 1    76      76    0
R   2134   208  THR A  212    212  ILE A  216       6.3056     1 0 0 1   151     151    0
R   2135   209  TYR A  213     23  PHE A   27       9.9577     1 0 0 1    42      42    0
R   2136   209  TYR A  213     27  LEU A   31       7.3322     1 0 0 1    81      81    0
R   2137   209  TYR A  213     81  TYR A   85       9.2340     1 0 0 1    85      85    0
R   2140   209  TYR A  213    200  LEU A  204       8.3234     0 0 0 1    20      20    0
R   2141   209  TYR A  213    203  LEU A  207       5.2012     1 0 0 0   -21      21    0
R   2142   209  TYR A  213    204  ARG A  208       5.2553     1 0 0 1    63      63    0
R   2148   209  TYR A  213    213  TYR A  217       5.9920     1 0 0 1    84      84    0
R   2156   210  ASN A  214    214  LYS A  218       5.8634     1 0 0 1   108     108    0
R   2157   210  ASN A  214    220  GLU A  224       5.4164     1 0 0 1    88      88    0
R   2158   211  GLU A  215    207  GLY A  211       6.6858     1 0 0 0   -45      45    0
R   2165   211  GLU A  215    215  LYS A  219       5.8836     1 0 0 1   103     103    0
R   2166   211  GLU A  215    220  GLU A  224       7.1853     1 0 0 0   -67      67    0
R   2167   212  ILE A  216     23  PHE A   27       6.7822     1 0 0 1    60      60    0
R   2168   212  ILE A  216     26  ASP A   30       6.8213     1 0 0 1    96      96    0
R   2169   212  ILE A  216     27  LEU A   31       6.7658     1 0 0 1    48      48    0
R   2170   212  ILE A  216     30  ALA A   34       8.9997     1 0 0 1    89      89    0
R   2172   212  ILE A  216    208  THR A  212       6.3056     1 0 0 0   -11      11    0
R   2179   212  ILE A  216    216  TRP A  220       6.6220     1 0 0 0   -59      59    0
R   2180   213  TYR A  217     23  PHE A   27       7.0493     1 0 0 1    38      38    0
R   2181   213  TYR A  217     82  TYR A   86       9.2851     1 0 0 1    95      95    0
R   2182   213  TYR A  217    209  TYR A  213       5.9920     1 0 0 0   -74      74    0
R   2189   213  TYR A  217    217  PHE A  221       5.9209     1 0 0 1   246     246    0
R   2190   213  TYR A  217    219  THR A  223       7.1437     1 0 0 0  -134     134    0
R   2191   213  TYR A  217    220  GLU A  224       6.3772     1 0 0 0   -47      47    0
R   2192   214  LYS A  218    210  ASN A  214       5.8634     1 0 0 0   -24      24    0
R   2199   214  LYS A  218    218  GLY A  222       4.7788     1 0 0 1   113     113    0
R   2200   214  LYS A  218    219  THR A  223       4.4522     1 0 0 0    -7       7    0
R   2201   214  LYS A  218    220  GLU A  224       5.0149     1 0 0 0   -18      18    0
R   2203   215  LYS A  219     26  ASP A   30       9.7627     1 0 0 1    77      77    0
R   2204   215  LYS A  219    211  GLU A  215       5.8836     1 0 0 0   -10      10    0
R   2211   216  TRP A  220     11  PRO A   15       7.0899     1 0 0 0   -46      46    0
R   2212   216  TRP A  220     14  PHE A   18      12.5183     1 0 0 1    73      73    0
R   2213   216  TRP A  220     21  VAL A   25      10.4345     1 0 0 1   126     126    0
R   2214   216  TRP A  220     22  GLY A   26       7.3702     1 0 0 0   -13      13    0
R   2215   216  TRP A  220     23  PHE A   27       6.2710     1 0 0 1    55      55    0
R   2216   216  TRP A  220     26  ASP A   30       9.8105     1 0 0 1    97      97    0
R   2218   216  TRP A  220    162  LYS A  166      13.2163     0 0 0 1     7       7    0
R   2219   216  TRP A  220    212  ILE A  216       6.6220     1 0 0 0   -82      82    0
R   2225   217  PHE A  221     11  PRO A   15       8.6979     1 0 0 1    88      88    0
R   2226   217  PHE A  221     12  PHE A   16      10.5052     1 0 0 1    76      76    0
R   2227   217  PHE A  221     23  PHE A   27       9.0315     1 0 0 1   112     112    0
R   2228   217  PHE A  221     82  TYR A   86      11.5734     1 0 0 1    71      71    0
R   2229   217  PHE A  221    155  PRO A  159       8.7110     1 0 0 1    66      66    0
R   2230   217  PHE A  221    162  LYS A  166      11.8689     0 0 0 1    12      12    0
R   2231   217  PHE A  221    213  TYR A  217       5.9209     1 0 0 1   118     118    0
R   2237   218  GLY A  222    214  LYS A  218       4.7788     1 0 0 1    20      20    0
R   2242   219  THR A  223    213  TYR A  217       7.1437     1 0 0 0  -151     151    0
R   2243   219  THR A  223    214  LYS A  218       4.4522     1 0 0 1     7       7    0
R   2247   220  GLU A  224    210  ASN A  214       5.4164     1 0 0 1    69      69    0
R   2248   220  GLU A  224    211  GLU A  215       7.1853     1 0 0 0  -116     116    0
R   2249   220  GLU A  224    213  TYR A  217       6.3772     1 0 0 0   -45      45    0
R   2250   220  GLU A  224    214  LYS A  218       5.0149     1 0 0 1    66      66    0
