                         CONTACT MAPS FROM PDB FILES                          
                                                                              
 This software is written by:                                                
       Rodrigo Azevedo Moreira da Silva                                      
                                                                              
 Copyright (c) 2020 - IPPT-PAN                                              
       Institute of Fundamental Techonological Research                     
       Polish Academy of Sciences                                          
 MIT LICENSE, check out LICENSE for more informations.                      
                                                                              
Reading file:    uploads/xxx/7LJB_clean.pdb
pdb natoms:      1714
pdb nresidues:   518
Memory usage:     6.88 MB
Fibonacci grid:  610
ALPHA:           1.24
WATER_RADIUS:    2.80

Residue-Residue Contacts

ID       - atom identification
I1,I2    - serial residue id
AA       - 3-letter code of aminoacid
C        - chain
I(PDB)   - residue number in PDB file
DCA      - distance between CA
CMs      - OV , CSU , oCSU , rCSU
           (CSU does not take into account chemical properties of atoms)
rCSU     - net contact from rCSU
Count    - number of contacts between residues
MODEL    - model number

      ID    I1  AA  C I(PDB)     I2  AA  C I(PDB)        DCA       CMs    rCSU   Count Model
============================================================================================
R      1    1  ARG  A   28      2  SER  A   29       3.9051   1 0 0 0    -23      23    0
R      2    1  ARG  A   28      3  THR  A   30       5.4486   1 0 0 0    -76      76    0
R      3    1  ARG  A   28      4  THR  A   31       4.9934   1 0 0 1    107     107    0
R      4    1  ARG  A   28      5  LEU  A   32       6.1716   1 0 0 0    -82      82    0
R      9    2  SER  A   29      1  ARG  A   28       3.9051   1 0 0 0    -39      39    0
R     10    2  SER  A   29      3  THR  A   30       3.8615   1 0 0 1     12      12    0
R     11    2  SER  A   29      4  THR  A   31       5.5525   1 0 0 0      0       0    0
R     12    2  SER  A   29      5  LEU  A   32       5.3233   1 0 0 1     44      44    0
R     13    2  SER  A   29      6  LEU  A   33       6.7997   1 0 0 1     31      31    0
R     14    2  SER  A   29    399  ARG  B  167       8.5970   1 0 0 1     68      68    0
R     15    3  THR  A   30      1  ARG  A   28       5.4486   1 0 0 0    -43      43    0
R     16    3  THR  A   30      2  SER  A   29       3.8615   1 0 0 0    -17      17    0
R     17    3  THR  A   30      4  THR  A   31       3.8866   1 0 0 1     27      27    0
R     18    3  THR  A   30      5  LEU  A   32       5.6506   1 0 0 0      0       0    0
R     19    3  THR  A   30      6  LEU  A   33       5.6751   1 0 0 0     -3       3    0
R     20    3  THR  A   30      7  ALA  A   34       6.2683   1 0 0 1     96      96    0
R     21    4  THR  A   31      1  ARG  A   28       4.9934   1 0 0 1    132     132    0
R     22    4  THR  A   31      2  SER  A   29       5.5525   1 0 0 0      0       0    0
R     23    4  THR  A   31      3  THR  A   30       3.8866   1 0 0 1     24      24    0
R     24    4  THR  A   31      5  LEU  A   32       3.8824   1 0 0 0    -10      10    0
R     25    4  THR  A   31      6  LEU  A   33       5.5858   1 0 0 0      0       0    0
R     26    4  THR  A   31      7  ALA  A   34       4.8466   1 0 0 1      7       7    0
R     27    4  THR  A   31      8  LEU  A   35       5.9495   1 0 0 1    162     162    0
R     28    5  LEU  A   32      1  ARG  A   28       6.1716   1 0 0 0   -106     106    0
R     29    5  LEU  A   32      2  SER  A   29       5.3233   1 0 0 0    -36      36    0
R     30    5  LEU  A   32      3  THR  A   30       5.6506   1 0 0 0      0       0    0
R     31    5  LEU  A   32      4  THR  A   31       3.8824   1 0 0 0     -9       9    0
R     32    5  LEU  A   32      6  LEU  A   33       3.8771   1 0 0 0     -3       3    0
R     33    5  LEU  A   32      7  ALA  A   34       5.4825   1 0 0 0      0       0    0
R     34    5  LEU  A   32      8  LEU  A   35       4.9394   1 0 0 1     50      50    0
R     35    5  LEU  A   32      9  LEU  A   36       6.0375   1 0 0 1    151     151    0
R     38    5  LEU  A   32    395  GLY  B  163       6.4925   1 0 0 0    -83      83    0
R     39    5  LEU  A   32    396  VAL  B  164       7.6016   0 0 0 1      4       4    0
R     40    5  LEU  A   32    399  ARG  B  167       9.2760   1 0 0 0    -28      28    0
R     41    6  LEU  A   33      2  SER  A   29       6.7997   1 0 0 0    -10      10    0
R     42    6  LEU  A   33      3  THR  A   30       5.6751   1 0 0 0    -29      29    0
R     43    6  LEU  A   33      4  THR  A   31       5.5858   1 0 0 0      0       0    0
R     44    6  LEU  A   33      5  LEU  A   32       3.8771   1 0 0 0    -32      32    0
R     45    6  LEU  A   33      7  ALA  A   34       3.8659   1 0 0 0    -20      20    0
R     46    6  LEU  A   33      8  LEU  A   35       5.1671   1 0 0 0      0       0    0
R     47    6  LEU  A   33      9  LEU  A   36       4.5372   1 0 0 1     68      68    0
R     48    6  LEU  A   33     10  ALA  A   37       5.9163   1 0 0 1    223     223    0
R     49    7  ALA  A   34      3  THR  A   30       6.2683   1 0 0 0    -18      18    0
R     50    7  ALA  A   34      4  THR  A   31       4.8466   1 0 0 0    -36      36    0
R     51    7  ALA  A   34      5  LEU  A   32       5.4825   1 0 0 0      0       0    0
R     52    7  ALA  A   34      6  LEU  A   33       3.8659   1 0 0 0    -36      36    0
R     53    7  ALA  A   34      8  LEU  A   35       3.8677   1 0 0 0    -10      10    0
R     54    7  ALA  A   34      9  LEU  A   36       5.5229   1 0 0 0      0       0    0
R     55    7  ALA  A   34     10  ALA  A   37       5.2387   1 0 0 0    -12      12    0
R     56    7  ALA  A   34     11  LEU  A   38       6.1103   1 0 0 1    103     103    0
R     57    8  LEU  A   35      4  THR  A   31       5.9495   1 0 0 1      5       5    0
R     58    8  LEU  A   35      5  LEU  A   32       4.9394   1 0 0 1      2       2    0
R     59    8  LEU  A   35      6  LEU  A   33       5.1671   1 0 0 0      0       0    0
R     60    8  LEU  A   35      7  ALA  A   34       3.8677   1 0 0 0    -16      16    0
R     61    8  LEU  A   35      9  LEU  A   36       3.9035   1 0 0 0     -2       2    0
R     62    8  LEU  A   35     10  ALA  A   37       5.5576   1 0 0 0      0       0    0
R     63    8  LEU  A   35     11  LEU  A   38       4.9196   1 0 0 1     28      28    0
R     64    8  LEU  A   35     12  VAL  A   39       6.1746   1 0 0 1     99      99    0
R     65    8  LEU  A   35    388  LEU  B  156       8.5118   1 0 0 1    128     128    0
R     66    8  LEU  A   35    391  ILE  B  159       8.6003   1 0 0 1    139     139    0
R     67    8  LEU  A   35    392  LEU  B  160       6.7002   1 0 0 0    -36      36    0
R     68    9  LEU  A   36      5  LEU  A   32       6.0375   1 0 0 1     11      11    0
R     69    9  LEU  A   36      6  LEU  A   33       4.5372   1 0 0 1     70      70    0
R     70    9  LEU  A   36      7  ALA  A   34       5.5229   1 0 0 0      0       0    0
R     71    9  LEU  A   36      8  LEU  A   35       3.9035   1 0 0 0    -18      18    0
R     72    9  LEU  A   36     10  ALA  A   37       3.8693   1 0 0 0     -6       6    0
R     73    9  LEU  A   36     11  LEU  A   38       5.4352   1 0 0 0      0       0    0
R     74    9  LEU  A   36     12  VAL  A   39       5.1812   1 0 0 1      2       2    0
R     75    9  LEU  A   36     13  LEU  A   40       6.1477   1 0 0 1    260     260    0
R     76    9  LEU  A   36    392  LEU  B  160       6.7876   1 0 0 1     55      55    0
R     77    9  LEU  A   36    494  TRP  B  262      13.0605   0 0 0 1     13      13    0
R     78    9  LEU  A   36    498  LEU  B  266      10.5256   1 0 0 1     90      90    0
R     79   10  ALA  A   37      6  LEU  A   33       5.9163   1 0 0 1     29      29    0
R     80   10  ALA  A   37      7  ALA  A   34       5.2387   1 0 0 0    -19      19    0
R     81   10  ALA  A   37      8  LEU  A   35       5.5576   1 0 0 0      0       0    0
R     82   10  ALA  A   37      9  LEU  A   36       3.8693   1 0 0 0    -10      10    0
R     83   10  ALA  A   37     11  LEU  A   38       3.8873   1 0 0 0     -9       9    0
R     84   10  ALA  A   37     12  VAL  A   39       5.5313   1 0 0 0      0       0    0
R     85   10  ALA  A   37     13  LEU  A   40       5.0178   1 0 0 0     -4       4    0
R     86   10  ALA  A   37     14  LEU  A   41       6.1831   1 0 0 1     79      79    0
R     87   11  LEU  A   38      7  ALA  A   34       6.1103   1 0 0 0    -17      17    0
R     88   11  LEU  A   38      8  LEU  A   35       4.9196   1 0 0 1     19      19    0
R     89   11  LEU  A   38      9  LEU  A   36       5.4352   1 0 0 0      0       0    0
R     90   11  LEU  A   38     10  ALA  A   37       3.8873   1 0 0 0    -34      34    0
R     91   11  LEU  A   38     12  VAL  A   39       3.8718   1 0 0 0     -9       9    0
R     92   11  LEU  A   38     13  LEU  A   40       5.5679   1 0 0 0      0       0    0
R     93   11  LEU  A   38     14  LEU  A   41       5.2816   1 0 0 1      7       7    0
R     94   11  LEU  A   38     15  TYR  A   42       6.0152   1 0 0 1    159     159    0
R     95   11  LEU  A   38    388  LEU  B  156       9.3881   1 0 0 1    146     146    0
R     96   12  VAL  A   39      8  LEU  A   35       6.1746   1 0 0 0    -32      32    0
R     97   12  VAL  A   39      9  LEU  A   36       5.1812   1 0 0 0    -19      19    0
R     98   12  VAL  A   39     10  ALA  A   37       5.5313   1 0 0 0      0       0    0
R     99   12  VAL  A   39     11  LEU  A   38       3.8718   1 0 0 0    -22      22    0
R    100   12  VAL  A   39     13  LEU  A   40       3.8807   1 0 0 0    -12      12    0
R    101   12  VAL  A   39     14  LEU  A   41       5.4986   1 0 0 0      0       0    0
R    102   12  VAL  A   39     15  TYR  A   42       4.7074   1 0 0 0     -3       3    0
R    103   12  VAL  A   39     16  LEU  A   43       6.1961   1 0 0 1    152     152    0
R    104   12  VAL  A   39    359  ILE  B  127       9.3874   1 0 0 1    109     109    0
R    105   12  VAL  A   39    388  LEU  B  156       7.5562   1 0 0 1    133     133    0
R    107   12  VAL  A   39    392  LEU  B  160       8.3202   1 0 0 1    131     131    0
R    108   12  VAL  A   39    494  TRP  B  262      12.5128   1 0 0 1     36      36    0
R    109   13  LEU  A   40      9  LEU  A   36       6.1477   1 0 0 1     89      89    0
R    110   13  LEU  A   40     10  ALA  A   37       5.0178   1 0 0 0    -23      23    0
R    111   13  LEU  A   40     11  LEU  A   38       5.5679   1 0 0 0      0       0    0
R    112   13  LEU  A   40     12  VAL  A   39       3.8807   1 0 0 0    -19      19    0
R    113   13  LEU  A   40     14  LEU  A   41       3.8910   1 0 0 1      5       5    0
R    114   13  LEU  A   40     15  TYR  A   42       5.3780   1 0 0 0      0       0    0
R    115   13  LEU  A   40     16  LEU  A   43       5.1741   1 0 0 0     -2       2    0
R    116   13  LEU  A   40     17  VAL  A   44       6.1733   1 0 0 1     96      96    0
R    117   13  LEU  A   40    352  PHE  B  120       9.2235   1 0 0 1     73      73    0
R    118   13  LEU  A   40    494  TRP  B  262      10.9086   1 0 0 1    115     115    0
R    119   14  LEU  A   41     10  ALA  A   37       6.1831   1 0 0 0    -24      24    0
R    120   14  LEU  A   41     11  LEU  A   38       5.2816   1 0 0 0    -15      15    0
R    121   14  LEU  A   41     12  VAL  A   39       5.4986   1 0 0 0      0       0    0
R    122   14  LEU  A   41     13  LEU  A   40       3.8910   1 0 0 0    -19      19    0
R    123   14  LEU  A   41     15  TYR  A   42       3.8735   1 0 0 0     -7       7    0
R    124   14  LEU  A   41     16  LEU  A   43       5.3963   1 0 0 0      0       0    0
R    125   14  LEU  A   41     17  VAL  A   44       4.9034   1 0 0 1     62      62    0
R    126   14  LEU  A   41     18  SER  A   45       5.7271   1 0 0 1    164     164    0
R    127   15  TYR  A   42     11  LEU  A   38       6.0152   1 0 0 0     -2       2    0
R    128   15  TYR  A   42     12  VAL  A   39       4.7074   1 0 0 0    -42      42    0
R    129   15  TYR  A   42     13  LEU  A   40       5.3780   1 0 0 0      0       0    0
R    130   15  TYR  A   42     14  LEU  A   41       3.8735   1 0 0 0    -33      33    0
R    131   15  TYR  A   42     16  LEU  A   43       3.8689   1 0 0 1      8       8    0
R    132   15  TYR  A   42     17  VAL  A   44       5.6915   1 0 0 0      0       0    0
R    133   15  TYR  A   42     18  SER  A   45       5.0643   1 0 0 1     66      66    0
R    134   15  TYR  A   42     19  GLY  A   46       6.0456   1 0 0 1     24      24    0
R    135   15  TYR  A   42    359  ILE  B  127       9.9408   1 0 0 1     43      43    0
R    136   15  TYR  A   42    381  TYR  B  149       9.0656   1 0 0 1    310     310    0
R    137   15  TYR  A   42    384  VAL  B  152       9.8377   1 0 0 1     32      32    0
R    138   15  TYR  A   42    385  GLY  B  153       7.8429   1 0 0 1     33      33    0
R    139   15  TYR  A   42    388  LEU  B  156       9.7928   1 0 0 1     80      80    0
R    140   16  LEU  A   43     12  VAL  A   39       6.1961   1 0 0 0    -20      20    0
R    141   16  LEU  A   43     13  LEU  A   40       5.1741   1 0 0 0    -16      16    0
R    142   16  LEU  A   43     14  LEU  A   41       5.3963   1 0 0 0      0       0    0
R    143   16  LEU  A   43     15  TYR  A   42       3.8689   1 0 0 0    -23      23    0
R    144   16  LEU  A   43     17  VAL  A   44       3.8596   1 0 0 0     -5       5    0
R    145   16  LEU  A   43     18  SER  A   45       5.2912   1 0 0 0      0       0    0
R    146   16  LEU  A   43     19  GLY  A   46       4.8152   1 0 0 1      9       9    0
R    147   16  LEU  A   43     20  ALA  A   47       5.9253   1 0 0 1    146     146    0
R    148   16  LEU  A   43    352  PHE  B  120       5.7574   1 0 0 1    130     130    0
R    149   16  LEU  A   43    355  SER  B  123       5.7477   1 0 0 1      2       2    0
R    150   16  LEU  A   43    356  GLY  B  124       6.6184   1 0 0 0    -18      18    0
R    151   16  LEU  A   43    359  ILE  B  127       8.8032   1 0 0 1    102     102    0
R    152   16  LEU  A   43    381  TYR  B  149       9.5557   1 0 0 0    -53      53    0
R    153   16  LEU  A   43    494  TRP  B  262      11.1426   1 0 0 1    163     163    0
R    154   17  VAL  A   44     13  LEU  A   40       6.1733   1 0 0 0    -24      24    0
R    155   17  VAL  A   44     14  LEU  A   41       4.9034   1 0 0 1     25      25    0
R    156   17  VAL  A   44     15  TYR  A   42       5.6915   1 0 0 0      0       0    0
R    157   17  VAL  A   44     16  LEU  A   43       3.8596   1 0 0 0    -22      22    0
R    158   17  VAL  A   44     18  SER  A   45       3.8718   1 0 0 0    -12      12    0
R    159   17  VAL  A   44     19  GLY  A   46       5.4762   1 0 0 0      0       0    0
R    160   17  VAL  A   44     20  ALA  A   47       4.9361   1 0 0 0     -6       6    0
R    161   17  VAL  A   44     21  LEU  A   48       6.3354   1 0 0 1    105     105    0
R    162   17  VAL  A   44    348  LEU  B  116       8.2032   0 0 0 1     54      54    0
R    163   17  VAL  A   44    352  PHE  B  120       5.8374   1 0 0 1     63      63    0
R    164   18  SER  A   45     14  LEU  A   41       5.7271   1 0 0 1     44      44    0
R    165   18  SER  A   45     15  TYR  A   42       5.0643   1 0 0 1     94      94    0
R    166   18  SER  A   45     16  LEU  A   43       5.2912   1 0 0 0      0       0    0
R    167   18  SER  A   45     17  VAL  A   44       3.8718   1 0 0 0    -35      35    0
R    168   18  SER  A   45     19  GLY  A   46       3.8573   1 0 0 1     19      19    0
R    169   18  SER  A   45     20  ALA  A   47       5.4462   1 0 0 0      0       0    0
R    170   18  SER  A   45     21  LEU  A   48       5.3034   1 0 0 0     -3       3    0
R    171   18  SER  A   45     22  VAL  A   49       6.4405   1 0 0 1     47      47    0
R    173   19  GLY  A   46     15  TYR  A   42       6.0456   1 0 0 1     25      25    0
R    174   19  GLY  A   46     16  LEU  A   43       4.8152   1 0 0 1      2       2    0
R    175   19  GLY  A   46     17  VAL  A   44       5.4762   1 0 0 0      0       0    0
R    176   19  GLY  A   46     18  SER  A   45       3.8573   1 0 0 1     18      18    0
R    177   19  GLY  A   46     20  ALA  A   47       3.8626   1 0 0 1     13      13    0
R    178   19  GLY  A   46     21  LEU  A   48       5.5359   1 0 0 0      0       0    0
R    179   19  GLY  A   46     22  VAL  A   49       5.1289   1 0 0 1      6       6    0
R    180   19  GLY  A   46     23  PHE  A   50       6.0989   1 0 0 1     96      96    0
R    181   19  GLY  A   46    355  SER  B  123       6.0076   1 0 0 0      0       0    0
R    182   19  GLY  A   46    377  PHE  B  145       9.1829   1 0 0 0      0       0    0
R    183   19  GLY  A   46    381  TYR  B  149       7.6197   1 0 0 0     -1       1    0
R    184   20  ALA  A   47     16  LEU  A   43       5.9253   1 0 0 0    -14      14    0
R    185   20  ALA  A   47     17  VAL  A   44       4.9361   1 0 0 0    -30      30    0
R    186   20  ALA  A   47     18  SER  A   45       5.4462   1 0 0 0      0       0    0
R    187   20  ALA  A   47     19  GLY  A   46       3.8626   1 0 0 0     -5       5    0
R    188   20  ALA  A   47     21  LEU  A   48       3.8671   1 0 0 0    -16      16    0
R    189   20  ALA  A   47     22  VAL  A   49       5.5421   1 0 0 0      0       0    0
R    190   20  ALA  A   47     23  PHE  A   50       5.4559   1 0 0 0      0       0    0
R    191   20  ALA  A   47     24  ARG  A   51       5.9886   1 0 0 1     75      75    0
R    192   20  ALA  A   47    348  LEU  B  116       6.0346   1 0 0 1     66      66    0
R    193   20  ALA  A   47    351  ALA  B  119       4.4821   1 0 0 0    -26      26    0
R    194   20  ALA  A   47    352  PHE  B  120       4.4031   1 0 0 0    -87      87    0
R    195   20  ALA  A   47    355  SER  B  123       6.2579   1 0 0 1      7       7    0
R    196   21  LEU  A   48     17  VAL  A   44       6.3354   1 0 0 0     -6       6    0
R    197   21  LEU  A   48     18  SER  A   45       5.3034   1 0 0 0    -44      44    0
R    198   21  LEU  A   48     19  GLY  A   46       5.5359   1 0 0 0      0       0    0
R    199   21  LEU  A   48     20  ALA  A   47       3.8671   1 0 0 0    -35      35    0
R    200   21  LEU  A   48     22  VAL  A   49       3.8973   1 0 0 1     12      12    0
R    201   21  LEU  A   48     23  PHE  A   50       5.8831   1 0 0 0      0       0    0
R    202   21  LEU  A   48     24  ARG  A   51       5.3204   1 0 0 0    -91      91    0
R    203   21  LEU  A   48     25  ALA  A   52       6.1077   1 0 0 1    110     110    0
R    204   21  LEU  A   48    348  LEU  B  116       6.8284   1 0 0 1      3       3    0
R    205   22  VAL  A   49     18  SER  A   45       6.4405   1 0 0 0    -62      62    0
R    206   22  VAL  A   49     19  GLY  A   46       5.1289   1 0 0 0    -24      24    0
R    207   22  VAL  A   49     20  ALA  A   47       5.5421   1 0 0 0      0       0    0
R    208   22  VAL  A   49     21  LEU  A   48       3.8973   1 0 0 0     -1       1    0
R    209   22  VAL  A   49     23  PHE  A   50       3.8476   1 0 0 0    -10      10    0
R    210   22  VAL  A   49     24  ARG  A   51       5.4233   1 0 0 0      0       0    0
R    211   22  VAL  A   49     25  ALA  A   52       5.0523   1 0 0 1     63      63    0
R    212   22  VAL  A   49     26  LEU  A   53       6.3263   1 0 0 1     89      89    0
R    213   22  VAL  A   49    377  PHE  B  145       8.6574   1 0 0 1    187     187    0
R    214   23  PHE  A   50     19  GLY  A   46       6.0989   1 0 0 0    -46      46    0
R    215   23  PHE  A   50     20  ALA  A   47       5.4559   1 0 0 0    -10      10    0
R    216   23  PHE  A   50     21  LEU  A   48       5.8831   1 0 0 0      0       0    0
R    217   23  PHE  A   50     22  VAL  A   49       3.8476   1 0 0 0    -27      27    0
R    218   23  PHE  A   50     24  ARG  A   51       3.8295   1 0 0 0    -14      14    0
R    219   23  PHE  A   50     25  ALA  A   52       5.4587   1 0 0 0      0       0    0
R    220   23  PHE  A   50     26  LEU  A   53       5.2251   1 0 0 1     12      12    0
R    221   23  PHE  A   50     27  GLU  A   54       5.7143   1 0 0 1    128     128    0
R    222   23  PHE  A   50    346  TRP  B  114       7.4679   1 0 0 1     78      78    0
R    223   23  PHE  A   50    351  ALA  B  119       6.4027   0 0 0 1     13      13    0
R    224   23  PHE  A   50    354  PHE  B  122       8.7144   1 0 0 1     75      75    0
R    225   23  PHE  A   50    355  SER  B  123       8.1726   1 0 0 0    -77      77    0
R    226   23  PHE  A   50    358  ILE  B  126      11.9263   1 0 0 1    149     149    0
R    227   23  PHE  A   50    369  LEU  B  137       8.5323   1 0 0 1     56      56    0
R    228   23  PHE  A   50    374  GLY  B  142       6.1761   1 0 0 0    -85      85    0
R    229   23  PHE  A   50    377  PHE  B  145       8.3173   1 0 0 1    158     158    0
R    230   23  PHE  A   50    378  CYS  B  146       8.3886   1 0 0 1     13      13    0
R    231   23  PHE  A   50    381  TYR  B  149      10.3485   1 0 0 1     44      44    0
R    232   24  ARG  A   51     20  ALA  A   47       5.9886   1 0 0 0    -25      25    0
R    233   24  ARG  A   51     21  LEU  A   48       5.3204   1 0 0 0   -154     154    0
R    234   24  ARG  A   51     22  VAL  A   49       5.4233   1 0 0 0      0       0    0
R    235   24  ARG  A   51     23  PHE  A   50       3.8295   1 0 0 0    -40      40    0
R    236   24  ARG  A   51     25  ALA  A   52       3.8505   1 0 0 0     -5       5    0
R    237   24  ARG  A   51     26  LEU  A   53       5.5598   1 0 0 0      0       0    0
R    238   24  ARG  A   51     27  GLU  A   54       5.3443   1 0 0 0      0       0    0
R    239   24  ARG  A   51     28  GLN  A   55       5.1502   1 0 0 1     15      15    0
R    240   24  ARG  A   51     29  PRO  A   56       8.2557   1 0 0 0      0       0    0
R    241   24  ARG  A   51    346  TRP  B  114       5.1635   1 0 0 0    -46      46    0
R    242   24  ARG  A   51    347  ASP  B  115       6.7714   1 0 0 0      0       0    0
R    243   24  ARG  A   51    348  LEU  B  116       6.8914   1 0 0 0   -160     160    0
R    244   24  ARG  A   51    351  ALA  B  119       6.0588   1 0 0 1      6       6    0
R    245   25  ALA  A   52     21  LEU  A   48       6.1077   1 0 0 0    -19      19    0
R    246   25  ALA  A   52     22  VAL  A   49       5.0523   1 0 0 0    -16      16    0
R    247   25  ALA  A   52     23  PHE  A   50       5.4587   1 0 0 0      0       0    0
R    248   25  ALA  A   52     24  ARG  A   51       3.8505   1 0 0 0    -35      35    0
R    249   25  ALA  A   52     26  LEU  A   53       3.8722   1 0 0 1      4       4    0
R    250   25  ALA  A   52     27  GLU  A   54       6.0304   1 0 0 0      0       0    0
R    252   25  ALA  A   52     29  PRO  A   56       7.5228   1 0 0 0    -91      91    0
R    253   26  LEU  A   53     22  VAL  A   49       6.3263   1 0 0 1     26      26    0
R    254   26  LEU  A   53     23  PHE  A   50       5.2251   1 0 0 0    -10      10    0
R    255   26  LEU  A   53     24  ARG  A   51       5.5598   1 0 0 0      0       0    0
R    256   26  LEU  A   53     25  ALA  A   52       3.8722   1 0 0 0    -17      17    0
R    257   26  LEU  A   53     27  GLU  A   54       3.8514   1 0 0 1      7       7    0
R    258   26  LEU  A   53     28  GLN  A   55       6.2313   1 0 0 0      0       0    0
R    259   26  LEU  A   53     29  PRO  A   56       6.8884   1 0 0 0    -82      82    0
R    260   26  LEU  A   53     30  HIS  A   57       7.9714   1 0 0 1      3       3    0
R    261   26  LEU  A   53    371  THR  B  139       6.8406   1 0 0 0   -180     180    0
R    262   26  LEU  A   53    373  ALA  B  141       6.8269   1 0 0 1     75      75    0
R    263   26  LEU  A   53    374  GLY  B  142       6.0197   1 0 0 0     -6       6    0
R    264   26  LEU  A   53    377  PHE  B  145       9.6254   1 0 0 1     33      33    0
R    265   27  GLU  A   54     23  PHE  A   50       5.7143   1 0 0 0    -28      28    0
R    266   27  GLU  A   54     24  ARG  A   51       5.3443   1 0 0 0      0       0    0
R    267   27  GLU  A   54     25  ALA  A   52       6.0304   1 0 0 0      0       0    0
R    268   27  GLU  A   54     26  LEU  A   53       3.8514   1 0 0 1      6       6    0
R    269   27  GLU  A   54     28  GLN  A   55       3.8928   1 0 0 0     -5       5    0
R    270   27  GLU  A   54     29  PRO  A   56       5.6112   1 0 0 0      0       0    0
R    271   27  GLU  A   54     30  HIS  A   57       5.4195   1 0 0 1    128     128    0
R    272   27  GLU  A   54     31  GLU  A   58       6.3930   1 0 0 1     51      51    0
R    273   27  GLU  A   54    346  TRP  B  114       6.8806   1 0 0 1    100     100    0
R    275   27  GLU  A   54    369  LEU  B  137       6.5841   1 0 0 1     52      52    0
R    276   27  GLU  A   54    370  ARG  B  138       6.5136   1 0 0 1     68      68    0
R    277   27  GLU  A   54    371  THR  B  139       6.3651   1 0 0 1    187     187    0
R    278   27  GLU  A   54    374  GLY  B  142       6.7180   1 0 0 0      0       0    0
R    279   28  GLN  A   55     24  ARG  A   51       5.1502   1 0 0 0   -144     144    0
R    280   28  GLN  A   55     26  LEU  A   53       6.2313   1 0 0 0      0       0    0
R    281   28  GLN  A   55     27  GLU  A   54       3.8928   1 0 0 0    -40      40    0
R    282   28  GLN  A   55     29  PRO  A   56       3.8592   1 0 0 0    -53      53    0
R    283   28  GLN  A   55     30  HIS  A   57       5.4063   1 0 0 0      0       0    0
R    284   28  GLN  A   55     31  GLU  A   58       5.0627   1 0 0 0    -23      23    0
R    285   28  GLN  A   55    344  SER  B  112       7.8430   1 0 0 1    108     108    0
R    286   28  GLN  A   55    346  TRP  B  114       5.3268   1 0 0 0    -31      31    0
R    287   28  GLN  A   55    347  ASP  B  115       7.7158   0 0 0 1      5       5    0
R    288   29  PRO  A   56     24  ARG  A   51       8.2557   1 0 0 0     -1       1    0
R    289   29  PRO  A   56     25  ALA  A   52       7.5228   1 0 0 0    -89      89    0
R    290   29  PRO  A   56     26  LEU  A   53       6.8884   1 0 0 0    -69      69    0
R    291   29  PRO  A   56     27  GLU  A   54       5.6112   1 0 0 0      0       0    0
R    292   29  PRO  A   56     28  GLN  A   55       3.8592   1 0 0 0    -61      61    0
R    293   29  PRO  A   56     30  HIS  A   57       3.8872   1 0 0 0    -12      12    0
R    294   29  PRO  A   56     31  GLU  A   58       5.7728   1 0 0 1      5       5    0
R    295   29  PRO  A   56     32  GLN  A   59       7.5111   0 0 0 1      5       5    0
R    296   30  HIS  A   57     26  LEU  A   53       7.9714   1 0 0 1     21      21    0
R    297   30  HIS  A   57     27  GLU  A   54       5.4195   1 0 0 0     -3       3    0
R    298   30  HIS  A   57     28  GLN  A   55       5.4063   1 0 0 0      0       0    0
R    299   30  HIS  A   57     29  PRO  A   56       3.8872   1 0 0 1      1       1    0
R    300   30  HIS  A   57     31  GLU  A   58       3.9031   1 0 0 1      2       2    0
R    301   30  HIS  A   57     32  GLN  A   59       5.5963   1 0 0 1      2       2    0
R    302   30  HIS  A   57     33  GLN  A   60       5.5288   1 0 0 1      7       7    0
R    303   30  HIS  A   57    370  ARG  B  138       6.7053   1 0 0 1    251     251    0
R    304   30  HIS  A   57    371  THR  B  139       7.6302   1 0 0 1     19      19    0
R    305   31  GLU  A   58     27  GLU  A   54       6.3930   1 0 0 1     16      16    0
R    306   31  GLU  A   58     28  GLN  A   55       5.0627   1 0 0 0   -112     112    0
R    307   31  GLU  A   58     29  PRO  A   56       5.7728   1 0 0 0      0       0    0
R    308   31  GLU  A   58     30  HIS  A   57       3.9031   1 0 0 0    -38      38    0
R    309   31  GLU  A   58     32  GLN  A   59       3.8051   1 0 0 1     33      33    0
R    310   31  GLU  A   58     33  GLN  A   60       5.8544   1 0 0 1     12      12    0
R    311   31  GLU  A   58     34  ALA  A   61       7.5481   0 0 0 1      2       2    0
R    312   31  GLU  A   58     35  GLN  A   62       8.5115   0 0 0 1      1       1    0
R    313   31  GLU  A   58    343  HIS  B  111       9.5224   1 0 0 0    -29      29    0
R    314   31  GLU  A   58    344  SER  B  112       7.6161   1 0 0 1    101     101    0
R    315   31  GLU  A   58    345  ALA  B  113       7.2365   1 0 0 1    171     171    0
R    316   31  GLU  A   58    346  TRP  B  114       7.4676   1 0 0 1    106     106    0
R    317   31  GLU  A   58    370  ARG  B  138       8.0681   1 0 0 1     80      80    0
R    319   32  GLN  A   59     30  HIS  A   57       5.5963   1 0 0 0      0       0    0
R    320   32  GLN  A   59     31  GLU  A   58       3.8051   1 0 0 0     -3       3    0
R    321   32  GLN  A   59     33  GLN  A   60       3.8635   1 0 0 0     -3       3    0
R    322   32  GLN  A   59     34  ALA  A   61       5.8064   1 0 0 0      0       0    0
R    323   32  GLN  A   59     35  GLN  A   62       5.5355   1 0 0 0    -70      70    0
R    324   32  GLN  A   59     36  ARG  A   63       6.1957   1 0 0 1    117     117    0
R    325   32  GLN  A   59    337  SER  B  105       7.8470   1 0 0 0    -19      19    0
R    328   32  GLN  A   59    342  SER  B  110       7.8281   1 0 0 1    105     105    0
R    329   32  GLN  A   59    343  HIS  B  111       9.6954   0 0 0 1     22      22    0
R    330   33  GLN  A   60     30  HIS  A   57       5.5288   1 0 0 0    -10      10    0
R    331   33  GLN  A   60     31  GLU  A   58       5.8544   1 0 0 0      0       0    0
R    332   33  GLN  A   60     32  GLN  A   59       3.8635   1 0 0 0    -35      35    0
R    333   33  GLN  A   60     34  ALA  A   61       3.8496   1 0 0 1      1       1    0
R    334   33  GLN  A   60     35  GLN  A   62       5.5515   1 0 0 0      0       0    0
R    335   33  GLN  A   60     36  ARG  A   63       5.1155   1 0 0 1     77      77    0
R    336   33  GLN  A   60     37  GLU  A   64       6.1434   1 0 0 1    111     111    0
R    337   33  GLN  A   60     40  GLU  A   67      10.2891   0 0 0 1     11      11    0
R    338   33  GLN  A   60    370  ARG  B  138       8.8894   1 0 0 0    -93      93    0
R    340   34  ALA  A   61     32  GLN  A   59       5.8064   1 0 0 0      0       0    0
R    341   34  ALA  A   61     33  GLN  A   60       3.8496   1 0 0 0    -40      40    0
R    342   34  ALA  A   61     35  GLN  A   62       3.8025   1 0 0 0    -17      17    0
R    343   34  ALA  A   61     36  ARG  A   63       5.4714   1 0 0 0      0       0    0
R    344   34  ALA  A   61     37  GLU  A   64       5.0681   1 0 0 0     -8       8    0
R    345   34  ALA  A   61     38  LEU  A   65       6.2859   1 0 0 1    135     135    0
R    346   34  ALA  A   61    326  ALA  B   94       5.1616   1 0 0 0    -66      66    0
R    347   34  ALA  A   61    329  GLY  B   97       5.3096   1 0 0 0    -54      54    0
R    348   34  ALA  A   61    330  GLY  B   98       6.1374   1 0 0 0      0       0    0
R    349   34  ALA  A   61    331  ALA  B   99       5.0565   1 0 0 0    -69      69    0
R    350   34  ALA  A   61    370  ARG  B  138       9.6332   1 0 0 0   -113     113    0
R    351   35  GLN  A   62     31  GLU  A   58       8.5115   0 0 0 1      1       1    0
R    352   35  GLN  A   62     32  GLN  A   59       5.5355   1 0 0 0    -83      83    0
R    353   35  GLN  A   62     33  GLN  A   60       5.5515   1 0 0 0      0       0    0
R    354   35  GLN  A   62     34  ALA  A   61       3.8025   1 0 0 0    -49      49    0
R    355   35  GLN  A   62     36  ARG  A   63       3.8554   1 0 0 0     -4       4    0
R    356   35  GLN  A   62     37  GLU  A   64       5.4088   1 0 0 0      0       0    0
R    357   35  GLN  A   62     38  LEU  A   65       5.0956   1 0 0 0    -48      48    0
R    358   35  GLN  A   62     39  GLY  A   66       6.2993   1 0 0 1    109     109    0
R    359   35  GLN  A   62    331  ALA  B   99       4.2850   1 0 0 1      3       3    0
R    360   35  GLN  A   62    332  ASP  B  100       6.6054   1 0 0 1    135     135    0
R    361   35  GLN  A   62    335  THR  B  103       8.4043   1 0 0 1    139     139    0
R    362   35  GLN  A   62    336  ASN  B  104       7.2552   1 0 0 0      0       0    0
R    363   35  GLN  A   62    337  SER  B  105       6.3851   1 0 0 0    -11      11    0
R    364   35  GLN  A   62    338  THR  B  106       6.6226   0 0 0 1      8       8    0
R    366   36  ARG  A   63     32  GLN  A   59       6.1957   1 0 0 0     -6       6    0
R    367   36  ARG  A   63     33  GLN  A   60       5.1155   1 0 0 1     94      94    0
R    368   36  ARG  A   63     34  ALA  A   61       5.4714   1 0 0 0      0       0    0
R    369   36  ARG  A   63     35  GLN  A   62       3.8554   1 0 0 0    -35      35    0
R    370   36  ARG  A   63     37  GLU  A   64       3.8547   1 0 0 0     -1       1    0
R    371   36  ARG  A   63     38  LEU  A   65       5.5079   1 0 0 0      0       0    0
R    372   36  ARG  A   63     39  GLY  A   66       5.1486   1 0 0 1     13      13    0
R    373   36  ARG  A   63     40  GLU  A   67       6.0449   1 0 0 1    261     261    0
R    374   36  ARG  A   63    337  SER  B  105       6.2000   1 0 0 0    -27      27    0
R    375   36  ARG  A   63    338  THR  B  106       4.1711   1 0 0 1      6       6    0
R    376   37  GLU  A   64     33  GLN  A   60       6.1434   1 0 0 1     24      24    0
R    377   37  GLU  A   64     34  ALA  A   61       5.0681   1 0 0 0    -31      31    0
R    378   37  GLU  A   64     35  GLN  A   62       5.4088   1 0 0 0      0       0    0
R    379   37  GLU  A   64     36  ARG  A   63       3.8547   1 0 0 0    -32      32    0
R    380   37  GLU  A   64     38  LEU  A   65       3.8680   1 0 0 0     -3       3    0
R    381   37  GLU  A   64     39  GLY  A   66       5.4689   1 0 0 0      0       0    0
R    382   37  GLU  A   64     40  GLU  A   67       4.8818   1 0 0 0    -40      40    0
R    383   37  GLU  A   64     41  VAL  A   68       6.1727   1 0 0 1     71      71    0
R    384   37  GLU  A   64    326  ALA  B   94       6.2875   0 0 0 1     25      25    0
R    385   38  LEU  A   65     34  ALA  A   61       6.2859   1 0 0 1     21      21    0
R    386   38  LEU  A   65     35  GLN  A   62       5.0956   1 0 0 0    -73      73    0
R    387   38  LEU  A   65     36  ARG  A   63       5.5079   1 0 0 0      0       0    0
R    388   38  LEU  A   65     37  GLU  A   64       3.8680   1 0 0 0    -25      25    0
R    389   38  LEU  A   65     39  GLY  A   66       3.8240   1 0 0 0    -15      15    0
R    390   38  LEU  A   65     40  GLU  A   67       5.4251   1 0 0 0      0       0    0
R    391   38  LEU  A   65     41  VAL  A   68       5.0846   1 0 0 1      7       7    0
R    392   38  LEU  A   65     42  ARG  A   69       6.3336   1 0 0 1    120     120    0
R    393   38  LEU  A   65     61  ILE  A   88       9.5196   1 0 0 1     83      83    0
R    394   38  LEU  A   65    323  VAL  B   91       6.0277   1 0 0 1    165     165    0
R    395   38  LEU  A   65    326  ALA  B   94       5.3211   1 0 0 1     62      62    0
R    396   38  LEU  A   65    327  LEU  B   95       7.5094   0 0 0 1     18      18    0
R    397   38  LEU  A   65    331  ALA  B   99       6.6337   1 0 0 1     50      50    0
R    398   38  LEU  A   65    332  ASP  B  100       8.4858   1 0 0 0    -95      95    0
R    399   38  LEU  A   65    333  PRO  B  101       8.2924   1 0 0 1     42      42    0
R    401   39  GLY  A   66     35  GLN  A   62       6.2993   1 0 0 1     31      31    0
R    402   39  GLY  A   66     36  ARG  A   63       5.1486   1 0 0 0      0       0    0
R    403   39  GLY  A   66     37  GLU  A   64       5.4689   1 0 0 0      0       0    0
R    404   39  GLY  A   66     38  LEU  A   65       3.8240   1 0 0 0    -60      60    0
R    405   39  GLY  A   66     40  GLU  A   67       3.8729   1 0 0 1     15      15    0
R    406   39  GLY  A   66     41  VAL  A   68       5.3769   1 0 0 0      0       0    0
R    407   39  GLY  A   66     42  ARG  A   69       5.0043   1 0 0 1      1       1    0
R    408   39  GLY  A   66     43  GLU  A   70       6.1006   1 0 0 1     77      77    0
R    411   39  GLY  A   66    338  THR  B  106       5.6981   1 0 0 0      0       0    0
R    412   40  GLU  A   67     33  GLN  A   60      10.2891   0 0 0 1     14      14    0
R    413   40  GLU  A   67     36  ARG  A   63       6.0449   1 0 0 1    182     182    0
R    414   40  GLU  A   67     37  GLU  A   64       4.8818   1 0 0 0    -67      67    0
R    415   40  GLU  A   67     38  LEU  A   65       5.4251   1 0 0 0      0       0    0
R    416   40  GLU  A   67     39  GLY  A   66       3.8729   1 0 0 0     -4       4    0
R    417   40  GLU  A   67     41  VAL  A   68       3.8639   1 0 0 0     -7       7    0
R    418   40  GLU  A   67     42  ARG  A   69       5.5388   1 0 0 0      0       0    0
R    419   40  GLU  A   67     43  GLU  A   70       5.2343   1 0 0 1      2       2    0
R    420   40  GLU  A   67     44  LYS  A   71       6.2539   1 0 0 1     62      62    0
R    421   40  GLU  A   67    338  THR  B  106       7.1733   0 0 0 1     41      41    0
R    422   41  VAL  A   68     37  GLU  A   64       6.1727   1 0 0 0    -12      12    0
R    423   41  VAL  A   68     38  LEU  A   65       5.0846   1 0 0 0    -39      39    0
R    424   41  VAL  A   68     39  GLY  A   66       5.3769   1 0 0 0      0       0    0
R    425   41  VAL  A   68     40  GLU  A   67       3.8639   1 0 0 0    -29      29    0
R    426   41  VAL  A   68     42  ARG  A   69       3.8729   1 0 0 0     -6       6    0
R    427   41  VAL  A   68     43  GLU  A   70       5.6336   1 0 0 0      0       0    0
R    428   41  VAL  A   68     44  LYS  A   71       5.3760   1 0 0 1      1       1    0
R    429   41  VAL  A   68     45  PHE  A   72       6.1567   1 0 0 1     91      91    0
R    430   41  VAL  A   68    319  LEU  B   87       7.2707   1 0 0 1    125     125    0
R    431   41  VAL  A   68    322  GLU  B   90       6.9738   1 0 0 1     90      90    0
R    432   41  VAL  A   68    323  VAL  B   91       7.0854   1 0 0 1     70      70    0
R    433   41  VAL  A   68    326  ALA  B   94       8.8544   0 0 0 1      2       2    0
R    434   42  ARG  A   69     38  LEU  A   65       6.3336   1 0 0 0      0       0    0
R    435   42  ARG  A   69     39  GLY  A   66       5.0043   1 0 0 0    -12      12    0
R    436   42  ARG  A   69     40  GLU  A   67       5.5388   1 0 0 0      0       0    0
R    437   42  ARG  A   69     41  VAL  A   68       3.8729   1 0 0 0    -32      32    0
R    438   42  ARG  A   69     43  GLU  A   70       3.8330   1 0 0 0    -66      66    0
R    439   42  ARG  A   69     44  LYS  A   71       5.5539   1 0 0 0      0       0    0
R    440   42  ARG  A   69     45  PHE  A   72       5.1020   1 0 0 1      5       5    0
R    441   42  ARG  A   69     46  LEU  A   73       6.1979   1 0 0 1     51      51    0
R    442   42  ARG  A   69     54  ASP  A   81       7.8119   1 0 0 1    160     160    0
R    443   42  ARG  A   69     57  LEU  A   84       7.2351   1 0 0 1     38      38    0
R    445   42  ARG  A   69     61  ILE  A   88       9.0744   1 0 0 1     96      96    0
R    447   42  ARG  A   69    336  ASN  B  104       9.3544   1 0 0 1     53      53    0
R    448   42  ARG  A   69    338  THR  B  106      10.3636   0 0 0 1      4       4    0
R    449   43  GLU  A   70     39  GLY  A   66       6.1006   1 0 0 0    -49      49    0
R    450   43  GLU  A   70     40  GLU  A   67       5.2343   1 0 0 0    -14      14    0
R    451   43  GLU  A   70     41  VAL  A   68       5.6336   1 0 0 0      0       0    0
R    452   43  GLU  A   70     42  ARG  A   69       3.8330   1 0 0 0    -87      87    0
R    453   43  GLU  A   70     44  LYS  A   71       3.8586   1 0 0 0     -3       3    0
R    454   43  GLU  A   70     45  PHE  A   72       5.4977   1 0 0 0      0       0    0
R    455   43  GLU  A   70     46  LEU  A   73       5.2013   1 0 0 1      9       9    0
R    456   43  GLU  A   70     47  ARG  A   74       6.2281   1 0 0 1    181     181    0
R    457   43  GLU  A   70    338  THR  B  106       9.8528   1 0 0 0   -119     119    0
R    458   44  LYS  A   71     40  GLU  A   67       6.2539   1 0 0 0    -24      24    0
R    459   44  LYS  A   71     41  VAL  A   68       5.3760   1 0 0 0    -18      18    0
R    460   44  LYS  A   71     42  ARG  A   69       5.5539   1 0 0 0      0       0    0
R    461   44  LYS  A   71     43  GLU  A   70       3.8586   1 0 0 0    -18      18    0
R    462   44  LYS  A   71     45  PHE  A   72       3.8094   1 0 0 0    -15      15    0
R    463   44  LYS  A   71     46  LEU  A   73       5.4355   1 0 0 0      0       0    0
R    464   44  LYS  A   71     47  ARG  A   74       5.0334   1 0 0 0     -4       4    0
R    465   44  LYS  A   71     48  ALA  A   75       6.1335   1 0 0 1     66      66    0
R    466   44  LYS  A   71    322  GLU  B   90      11.3706   0 0 0 1     23      23    0
R    467   45  PHE  A   72     41  VAL  A   68       6.1567   1 0 0 0    -26      26    0
R    468   45  PHE  A   72     42  ARG  A   69       5.1020   1 0 0 0    -21      21    0
R    469   45  PHE  A   72     43  GLU  A   70       5.4977   1 0 0 0      0       0    0
R    470   45  PHE  A   72     44  LYS  A   71       3.8094   1 0 0 0    -38      38    0
R    471   45  PHE  A   72     46  LEU  A   73       3.8513   1 0 0 1      4       4    0
R    472   45  PHE  A   72     47  ARG  A   74       5.5102   1 0 0 0      0       0    0
R    473   45  PHE  A   72     48  ALA  A   75       5.1478   1 0 0 1      9       9    0
R    474   45  PHE  A   72     49  HIS  A   76       5.9293   1 0 0 1    202     202    0
R    475   45  PHE  A   72     52  VAL  A   79       8.5085   1 0 0 1     65      65    0
R    476   45  PHE  A   72     57  LEU  A   84       8.5454   1 0 0 1    146     146    0
R    477   45  PHE  A   72    304  PHE  B   72      13.4113   1 0 0 1     69      69    0
R    478   45  PHE  A   72    311  VAL  B   79       9.4581   1 0 0 1    115     115    0
R    480   45  PHE  A   72    316  LEU  B   84       9.1158   0 0 0 1      5       5    0
R    481   45  PHE  A   72    319  LEU  B   87       7.5180   1 0 0 1    192     192    0
R    482   46  LEU  A   73     42  ARG  A   69       6.1979   1 0 0 0    -67      67    0
R    483   46  LEU  A   73     43  GLU  A   70       5.2013   1 0 0 0    -14      14    0
R    484   46  LEU  A   73     44  LYS  A   71       5.4355   1 0 0 0      0       0    0
R    485   46  LEU  A   73     45  PHE  A   72       3.8513   1 0 0 0    -25      25    0
R    486   46  LEU  A   73     47  ARG  A   74       3.8257   1 0 0 0    -46      46    0
R    487   46  LEU  A   73     48  ALA  A   75       5.4282   1 0 0 1     11      11    0
R    488   46  LEU  A   73     49  HIS  A   76       5.1702   1 0 0 1      8       8    0
R    490   46  LEU  A   73     52  VAL  A   79       6.2739   1 0 0 0    -95      95    0
R    491   46  LEU  A   73     53  SER  A   80       7.1724   1 0 0 0    -62      62    0
R    492   46  LEU  A   73     54  ASP  A   81       6.8378   1 0 0 0    -30      30    0
R    493   46  LEU  A   73     57  LEU  A   84       7.9934   1 0 0 1     60      60    0
R    494   47  ARG  A   74     43  GLU  A   70       6.2281   1 0 0 1     65      65    0
R    495   47  ARG  A   74     44  LYS  A   71       5.0334   1 0 0 0    -17      17    0
R    496   47  ARG  A   74     45  PHE  A   72       5.5102   1 0 0 0      0       0    0
R    497   47  ARG  A   74     46  LEU  A   73       3.8257   1 0 0 0    -72      72    0
R    498   47  ARG  A   74     48  ALA  A   75       3.8434   1 0 0 0    -11      11    0
R    499   47  ARG  A   74     49  HIS  A   76       5.8491   1 0 0 0      0       0    0
R    501   48  ALA  A   75     44  LYS  A   71       6.1335   1 0 0 0    -42      42    0
R    502   48  ALA  A   75     45  PHE  A   72       5.1478   1 0 0 0    -13      13    0
R    503   48  ALA  A   75     46  LEU  A   73       5.4282   1 0 0 0      0       0    0
R    504   48  ALA  A   75     47  ARG  A   74       3.8434   1 0 0 0    -36      36    0
R    505   48  ALA  A   75     49  HIS  A   76       3.8710   1 0 0 0    -18      18    0
R    506   48  ALA  A   75     50  PRO  A   77       6.3434   1 0 0 0    -41      41    0
R    509   49  HIS  A   76     45  PHE  A   72       5.9293   1 0 0 1     13      13    0
R    510   49  HIS  A   76     46  LEU  A   73       5.1702   1 0 0 0    -37      37    0
R    511   49  HIS  A   76     47  ARG  A   74       5.8491   1 0 0 0      0       0    0
R    512   49  HIS  A   76     48  ALA  A   75       3.8710   1 0 0 0    -52      52    0
R    513   49  HIS  A   76     50  PRO  A   77       3.8331   1 0 0 0    -48      48    0
R    514   49  HIS  A   76     51  CYS  A   78       5.7683   1 0 0 1     14      14    0
R    515   49  HIS  A   76     52  VAL  A   79       5.9613   1 0 0 1     71      71    0
R    516   49  HIS  A   76    310  CYS  B   78       5.8236   1 0 0 1     65      65    0
R    517   49  HIS  A   76    311  VAL  B   79       6.4534   1 0 0 1     18      18    0
R    518   49  HIS  A   76    315  GLU  B   83       9.8648   1 0 0 0   -120     120    0
R    521   50  PRO  A   77     48  ALA  A   75       6.3434   1 0 0 0    -30      30    0
R    522   50  PRO  A   77     49  HIS  A   76       3.8331   1 0 0 0    -28      28    0
R    523   50  PRO  A   77     51  CYS  A   78       3.8627   1 0 0 1      3       3    0
R    524   50  PRO  A   77     52  VAL  A   79       5.2368   1 0 0 1      5       5    0
R    525   50  PRO  A   77    310  CYS  B   78       7.3764   1 0 0 1     18      18    0
R    526   51  CYS  A   78     49  HIS  A   76       5.7683   1 0 0 1      1       1    0
R    527   51  CYS  A   78     50  PRO  A   77       3.8627   1 0 0 0    -52      52    0
R    528   51  CYS  A   78     52  VAL  A   79       3.8797   1 0 0 1      1       1    0
R    529   51  CYS  A   78     53  SER  A   80       6.7331   0 0 0 1      1       1    0
R    531   51  CYS  A   78    308  HIS  B   76       6.0212   1 0 0 1     86      86    0
R    532   51  CYS  A   78    309  PRO  B   77       7.6011   1 0 0 1     24      24    0
R    533   51  CYS  A   78    310  CYS  B   78       6.4332   1 0 0 1      7       7    0
R    534   52  VAL  A   79     45  PHE  A   72       8.5085   1 0 0 1     60      60    0
R    535   52  VAL  A   79     46  LEU  A   73       6.2739   1 0 0 0    -63      63    0
R    536   52  VAL  A   79     49  HIS  A   76       5.9613   1 0 0 0    -13      13    0
R    537   52  VAL  A   79     50  PRO  A   77       5.2368   1 0 0 0    -19      19    0
R    538   52  VAL  A   79     51  CYS  A   78       3.8797   1 0 0 0    -31      31    0
R    539   52  VAL  A   79     53  SER  A   80       3.8216   1 0 0 0    -46      46    0
R    540   52  VAL  A   79     56  GLU  A   83       6.3061   1 0 0 1     14      14    0
R    541   52  VAL  A   79     57  LEU  A   84       6.6131   1 0 0 1     77      77    0
R    542   52  VAL  A   79    304  PHE  B   72       9.7422   1 0 0 1     74      74    0
R    543   52  VAL  A   79    308  HIS  B   76       6.6050   1 0 0 1    105     105    0
R    544   52  VAL  A   79    311  VAL  B   79       9.1025   1 0 0 1     10      10    0
R    545   53  SER  A   80     46  LEU  A   73       7.1724   1 0 0 0     -1       1    0
R    546   53  SER  A   80     51  CYS  A   78       6.7331   0 0 0 1      1       1    0
R    547   53  SER  A   80     52  VAL  A   79       3.8216   1 0 0 0    -35      35    0
R    548   53  SER  A   80     54  ASP  A   81       3.8391   1 0 0 1     15      15    0
R    549   53  SER  A   80     55  GLN  A   82       5.2731   1 0 0 0     -9       9    0
R    550   53  SER  A   80     56  GLU  A   83       5.1101   1 0 0 1     61      61    0
R    551   53  SER  A   80     57  LEU  A   84       6.3704   1 0 0 1     93      93    0
R    552   54  ASP  A   81     42  ARG  A   69       7.8119   1 0 0 1    194     194    0
R    553   54  ASP  A   81     46  LEU  A   73       6.8378   1 0 0 1     19      19    0
R    554   54  ASP  A   81     53  SER  A   80       3.8391   1 0 0 0      0       0    0
R    555   54  ASP  A   81     55  GLN  A   82       3.8271   1 0 0 0    -40      40    0
R    556   54  ASP  A   81     56  GLU  A   83       5.5812   1 0 0 0      0       0    0
R    557   54  ASP  A   81     57  LEU  A   84       5.2717   1 0 0 1      4       4    0
R    558   54  ASP  A   81     58  GLY  A   85       6.1122   1 0 0 1    133     133    0
R    560   55  GLN  A   82     53  SER  A   80       5.2731   1 0 0 0    -20      20    0
R    561   55  GLN  A   82     54  ASP  A   81       3.8271   1 0 0 0    -73      73    0
R    562   55  GLN  A   82     56  GLU  A   83       3.8455   1 0 0 0     -5       5    0
R    563   55  GLN  A   82     57  LEU  A   84       5.5003   1 0 0 0      0       0    0
R    564   55  GLN  A   82     58  GLY  A   85       4.7400   1 0 0 1     48      48    0
R    565   55  GLN  A   82     59  LEU  A   86       6.6566   1 0 0 0    -17      17    0
R    567   56  GLU  A   83     52  VAL  A   79       6.3061   1 0 0 1      8       8    0
R    568   56  GLU  A   83     53  SER  A   80       5.1101   1 0 0 1     78      78    0
R    569   56  GLU  A   83     54  ASP  A   81       5.5812   1 0 0 0      0       0    0
R    570   56  GLU  A   83     55  GLN  A   82       3.8455   1 0 0 0    -26      26    0
R    571   56  GLU  A   83     57  LEU  A   84       3.8524   1 0 0 0     -5       5    0
R    572   56  GLU  A   83     58  GLY  A   85       5.1354   1 0 0 0      0       0    0
R    573   56  GLU  A   83     59  LEU  A   86       5.4020   1 0 0 1      1       1    0
R    574   56  GLU  A   83     60  LEU  A   87       6.5108   1 0 0 1     75      75    0
R    577   56  GLU  A   83    308  HIS  B   76       9.8027   1 0 0 0   -156     156    0
R    578   57  LEU  A   84     42  ARG  A   69       7.2351   1 0 0 0    -10      10    0
R    579   57  LEU  A   84     45  PHE  A   72       8.5454   1 0 0 1    134     134    0
R    580   57  LEU  A   84     46  LEU  A   73       7.9934   1 0 0 1     73      73    0
R    581   57  LEU  A   84     52  VAL  A   79       6.6131   1 0 0 1     23      23    0
R    582   57  LEU  A   84     53  SER  A   80       6.3704   1 0 0 0    -15      15    0
R    583   57  LEU  A   84     54  ASP  A   81       5.2717   1 0 0 0    -36      36    0
R    584   57  LEU  A   84     55  GLN  A   82       5.5003   1 0 0 0      0       0    0
R    585   57  LEU  A   84     56  GLU  A   83       3.8524   1 0 0 0    -24      24    0
R    586   57  LEU  A   84     58  GLY  A   85       3.8222   1 0 0 0     -3       3    0
R    587   57  LEU  A   84     59  LEU  A   86       5.5970   1 0 0 0      0       0    0
R    588   57  LEU  A   84     60  LEU  A   87       5.0348   1 0 0 1     47      47    0
R    589   57  LEU  A   84     61  ILE  A   88       6.3803   1 0 0 1     72      72    0
R    590   57  LEU  A   84    304  PHE  B   72       9.3095   0 0 0 1      7       7    0
R    591   57  LEU  A   84    319  LEU  B   87      10.2083   1 0 0 1    105     105    0
R    593   58  GLY  A   85     54  ASP  A   81       6.1122   1 0 0 1     47      47    0
R    594   58  GLY  A   85     55  GLN  A   82       4.7400   1 0 0 1      1       1    0
R    595   58  GLY  A   85     56  GLU  A   83       5.1354   1 0 0 0      0       0    0
R    596   58  GLY  A   85     57  LEU  A   84       3.8222   1 0 0 0    -34      34    0
R    597   58  GLY  A   85     59  LEU  A   86       3.8463   1 0 0 1     10      10    0
R    598   58  GLY  A   85     60  LEU  A   87       5.4783   1 0 0 0      0       0    0
R    599   58  GLY  A   85     61  ILE  A   88       5.5027   1 0 0 0     -2       2    0
R    600   58  GLY  A   85     62  LYS  A   89       6.4867   1 0 0 1     54      54    0
R    602   59  LEU  A   86     55  GLN  A   82       6.6566   1 0 0 0    -60      60    0
R    603   59  LEU  A   86     56  GLU  A   83       5.4020   1 0 0 0    -21      21    0
R    604   59  LEU  A   86     57  LEU  A   84       5.5970   1 0 0 0      0       0    0
R    605   59  LEU  A   86     58  GLY  A   85       3.8463   1 0 0 0    -13      13    0
R    606   59  LEU  A   86     60  LEU  A   87       3.8321   1 0 0 0    -14      14    0
R    607   59  LEU  A   86     61  ILE  A   88       5.5100   1 0 0 0      0       0    0
R    608   59  LEU  A   86     62  LYS  A   89       5.0475   1 0 0 0   -110     110    0
R    609   59  LEU  A   86     63  GLU  A   90       6.0322   1 0 0 1     55      55    0
R    610   60  LEU  A   87     56  GLU  A   83       6.5108   1 0 0 0    -18      18    0
R    611   60  LEU  A   87     57  LEU  A   84       5.0348   1 0 0 1      6       6    0
R    612   60  LEU  A   87     58  GLY  A   85       5.4783   1 0 0 0      0       0    0
R    613   60  LEU  A   87     59  LEU  A   86       3.8321   1 0 0 0    -47      47    0
R    614   60  LEU  A   87     61  ILE  A   88       3.8240   1 0 0 0     -4       4    0
R    615   60  LEU  A   87     62  LYS  A   89       5.5129   1 0 0 0      0       0    0
R    616   60  LEU  A   87     63  GLU  A   90       5.1274   1 0 0 1      7       7    0
R    617   60  LEU  A   87     64  VAL  A   91       5.8613   1 0 0 1    198     198    0
R    618   60  LEU  A   87    300  VAL  B   68       7.4540   1 0 0 1    120     120    0
R    620   60  LEU  A   87    304  PHE  B   72       7.6954   1 0 0 1    151     151    0
R    621   60  LEU  A   87    316  LEU  B   84      10.3265   1 0 0 1     74      74    0
R    622   60  LEU  A   87    319  LEU  B   87      10.1400   1 0 0 1    146     146    0
R    623   60  LEU  A   87    320  ILE  B   88       9.0965   0 0 0 1     10      10    0
R    624   61  ILE  A   88     38  LEU  A   65       9.5196   1 0 0 1     67      67    0
R    625   61  ILE  A   88     42  ARG  A   69       9.0744   1 0 0 1    143     143    0
R    626   61  ILE  A   88     57  LEU  A   84       6.3803   1 0 0 0     -5       5    0
R    627   61  ILE  A   88     58  GLY  A   85       5.5027   1 0 0 0    -31      31    0
R    628   61  ILE  A   88     59  LEU  A   86       5.5100   1 0 0 0      0       0    0
R    629   61  ILE  A   88     60  LEU  A   87       3.8240   1 0 0 0    -37      37    0
R    630   61  ILE  A   88     62  LYS  A   89       3.8499   1 0 0 0     -8       8    0
R    631   61  ILE  A   88     63  GLU  A   90       5.4607   1 0 0 0      0       0    0
R    632   61  ILE  A   88     64  VAL  A   91       4.8403   1 0 0 0     -4       4    0
R    633   61  ILE  A   88     65  ALA  A   92       5.7738   1 0 0 1    166     166    0
R    634   61  ILE  A   88    319  LEU  B   87       9.2453   0 0 0 1      2       2    0
R    635   61  ILE  A   88    323  VAL  B   91       7.0195   1 0 0 1    176     176    0
R    636   61  ILE  A   88    327  LEU  B   95       9.2923   0 0 0 1      5       5    0
R    637   61  ILE  A   88    333  PRO  B  101       6.1569   1 0 0 1    117     117    0
R    638   62  LYS  A   89     58  GLY  A   85       6.4867   1 0 0 1      6       6    0
R    639   62  LYS  A   89     59  LEU  A   86       5.0475   1 0 0 0   -119     119    0
R    640   62  LYS  A   89     60  LEU  A   87       5.5129   1 0 0 0      0       0    0
R    641   62  LYS  A   89     61  ILE  A   88       3.8499   1 0 0 0    -43      43    0
R    642   62  LYS  A   89     63  GLU  A   90       3.8716   1 0 0 1      1       1    0
R    643   62  LYS  A   89     64  VAL  A   91       5.5022   1 0 0 0      0       0    0
R    644   62  LYS  A   89     65  ALA  A   92       4.9992   1 0 0 0     -6       6    0
R    645   62  LYS  A   89     66  ASP  A   93       6.2158   1 0 0 1    106     106    0
R    646   62  LYS  A   89    333  PRO  B  101       5.5263   1 0 0 1     38      38    0
R    647   62  LYS  A   89    334  GLU  B  102       7.1412   1 0 0 0    -98      98    0
R    648   63  GLU  A   90     59  LEU  A   86       6.0322   1 0 0 0    -49      49    0
R    649   63  GLU  A   90     60  LEU  A   87       5.1274   1 0 0 0    -18      18    0
R    650   63  GLU  A   90     61  ILE  A   88       5.4607   1 0 0 0      0       0    0
R    651   63  GLU  A   90     62  LYS  A   89       3.8716   1 0 0 0    -23      23    0
R    652   63  GLU  A   90     64  VAL  A   91       3.8583   1 0 0 0    -11      11    0
R    653   63  GLU  A   90     65  ALA  A   92       5.4097   1 0 0 0      0       0    0
R    654   63  GLU  A   90     66  ASP  A   93       5.0741   1 0 0 0     -4       4    0
R    655   63  GLU  A   90     67  ALA  A   94       6.3927   1 0 0 1     87      87    0
R    656   63  GLU  A   90    300  VAL  B   68       7.0965   1 0 0 0    -86      86    0
R    657   63  GLU  A   90    303  LYS  B   71      11.2697   0 0 0 1     79      79    0
R    658   64  VAL  A   91     60  LEU  A   87       5.8613   1 0 0 1     70      70    0
R    659   64  VAL  A   91     61  ILE  A   88       4.8403   1 0 0 0    -15      15    0
R    660   64  VAL  A   91     62  LYS  A   89       5.5022   1 0 0 0      0       0    0
R    661   64  VAL  A   91     63  GLU  A   90       3.8583   1 0 0 0    -11      11    0
R    662   64  VAL  A   91     65  ALA  A   92       3.8360   1 0 0 0     -9       9    0
R    663   64  VAL  A   91     66  ASP  A   93       5.4605   1 0 0 0      0       0    0
R    664   64  VAL  A   91     67  ALA  A   94       5.2203   1 0 0 1      3       3    0
R    665   64  VAL  A   91     68  LEU  A   95       6.1969   1 0 0 1    201     201    0
R    666   64  VAL  A   91    297  LEU  B   65       6.0802   1 0 0 1     69      69    0
R    667   64  VAL  A   91    300  VAL  B   68       7.3025   1 0 0 1     17      17    0
R    668   64  VAL  A   91    320  ILE  B   88       7.0861   1 0 0 1    155     155    0
R    669   64  VAL  A   91    323  VAL  B   91       8.1964   1 0 0 1     71      71    0
R    670   65  ALA  A   92     61  ILE  A   88       5.7738   1 0 0 0     -7       7    0
R    671   65  ALA  A   92     62  LYS  A   89       4.9992   1 0 0 0    -28      28    0
R    672   65  ALA  A   92     63  GLU  A   90       5.4097   1 0 0 0      0       0    0
R    673   65  ALA  A   92     64  VAL  A   91       3.8360   1 0 0 0    -24      24    0
R    674   65  ALA  A   92     66  ASP  A   93       3.8536   1 0 0 0    -19      19    0
R    675   65  ALA  A   92     67  ALA  A   94       5.5239   1 0 0 0      0       0    0
R    676   65  ALA  A   92     68  LEU  A   95       5.0720   1 0 0 0     -1       1    0
R    677   65  ALA  A   92     69  GLY  A   96       5.8125   1 0 0 1    182     182    0
R    678   65  ALA  A   92    327  LEU  B   95       7.2260   1 0 0 1     44      44    0
R    679   65  ALA  A   92    333  PRO  B  101       7.0810   1 0 0 1    125     125    0
R    680   66  ASP  A   93     62  LYS  A   89       6.2158   1 0 0 0    -66      66    0
R    681   66  ASP  A   93     63  GLU  A   90       5.0741   1 0 0 0    -26      26    0
R    682   66  ASP  A   93     64  VAL  A   91       5.4605   1 0 0 0      0       0    0
R    683   66  ASP  A   93     65  ALA  A   92       3.8536   1 0 0 0    -35      35    0
R    684   66  ASP  A   93     67  ALA  A   94       3.8417   1 0 0 0    -14      14    0
R    685   66  ASP  A   93     68  LEU  A   95       5.5075   1 0 0 0      0       0    0
R    686   66  ASP  A   93     69  GLY  A   96       4.7322   1 0 0 1      5       5    0
R    687   66  ASP  A   93     70  GLY  A   97       6.2103   1 0 0 1    132     132    0
R    688   67  ALA  A   94     63  GLU  A   90       6.3927   1 0 0 0     -7       7    0
R    689   67  ALA  A   94     64  VAL  A   91       5.2203   1 0 0 0    -32      32    0
R    690   67  ALA  A   94     65  ALA  A   92       5.5239   1 0 0 0      0       0    0
R    691   67  ALA  A   94     66  ASP  A   93       3.8417   1 0 0 0    -33      33    0
R    692   67  ALA  A   94     68  LEU  A   95       3.8590   1 0 0 0     -3       3    0
R    693   67  ALA  A   94     69  GLY  A   96       5.2313   1 0 0 0      0       0    0
R    694   67  ALA  A   94     70  GLY  A   97       4.9882   1 0 0 1     53      53    0
R    695   67  ALA  A   94     71  GLY  A   98       6.5863   1 0 0 1      5       5    0
R    696   67  ALA  A   94     72  ALA  A   99       5.4731   1 0 0 1     93      93    0
R    697   67  ALA  A   94    293  ALA  B   61       4.9377   1 0 0 0    -85      85    0
R    698   67  ALA  A   94    296  GLU  B   64       6.1676   0 0 0 1     15      15    0
R    699   67  ALA  A   94    297  LEU  B   65       5.2999   1 0 0 1    104     104    0
R    700   67  ALA  A   94    300  VAL  B   68       8.9029   0 0 0 1      2       2    0
R    701   68  LEU  A   95     64  VAL  A   91       6.1969   1 0 0 1    121     121    0
R    702   68  LEU  A   95     65  ALA  A   92       5.0720   1 0 0 0    -21      21    0
R    703   68  LEU  A   95     66  ASP  A   93       5.5075   1 0 0 0      0       0    0
R    704   68  LEU  A   95     67  ALA  A   94       3.8590   1 0 0 0    -18      18    0
R    705   68  LEU  A   95     69  GLY  A   96       3.8322   1 0 0 0    -16      16    0
R    706   68  LEU  A   95     70  GLY  A   97       5.3436   1 0 0 0      0       0    0
R    707   68  LEU  A   95     71  GLY  A   98       4.9925   1 0 0 1     90      90    0
R    708   68  LEU  A   95     72  ALA  A   99       4.3961   1 0 0 0    -68      68    0
R    709   68  LEU  A   95     74  PRO  A  101       8.0386   1 0 0 1    127     127    0
R    710   68  LEU  A   95    297  LEU  B   65       7.5986   0 0 0 1     25      25    0
R    711   68  LEU  A   95    320  ILE  B   88       9.6860   0 0 0 1      2       2    0
R    712   68  LEU  A   95    324  ALA  B   92       7.2796   1 0 0 1     13      13    0
R    713   68  LEU  A   95    327  LEU  B   95       9.0318   1 0 0 1    108     108    0
R    714   69  GLY  A   96     65  ALA  A   92       5.8125   1 0 0 1     50      50    0
R    715   69  GLY  A   96     66  ASP  A   93       4.7322   1 0 0 0      0       0    0
R    716   69  GLY  A   96     67  ALA  A   94       5.2313   1 0 0 0      0       0    0
R    717   69  GLY  A   96     68  LEU  A   95       3.8322   1 0 0 0    -44      44    0
R    718   69  GLY  A   96     70  GLY  A   97       3.8331   1 0 0 1     13      13    0
R    719   69  GLY  A   96     71  GLY  A   98       5.3411   1 0 0 1     23      23    0
R    720   69  GLY  A   96    111  ARG  A  138       8.7894   1 0 0 1    101     101    0
R    721   70  GLY  A   97     66  ASP  A   93       6.2103   1 0 0 1     50      50    0
R    722   70  GLY  A   97     67  ALA  A   94       4.9882   1 0 0 1      5       5    0
R    723   70  GLY  A   97     68  LEU  A   95       5.3436   1 0 0 0      0       0    0
R    724   70  GLY  A   97     69  GLY  A   96       3.8331   1 0 0 0    -16      16    0
R    725   70  GLY  A   97     71  GLY  A   98       3.8652   1 0 0 1      4       4    0
R    726   70  GLY  A   97     72  ALA  A   99       6.0075   1 0 0 0      0       0    0
R    727   70  GLY  A   97    111  ARG  A  138       6.7451   1 0 0 0    -34      34    0
R    728   70  GLY  A   97    289  HIS  B   57       7.0346   1 0 0 1     42      42    0
R    729   70  GLY  A   97    290  GLU  B   58       5.9191   1 0 0 0     -2       2    0
R    730   70  GLY  A   97    293  ALA  B   61       5.1253   1 0 0 0    -71      71    0
R    731   71  GLY  A   98     67  ALA  A   94       6.5863   1 0 0 0      0       0    0
R    732   71  GLY  A   98     68  LEU  A   95       4.9925   1 0 0 1     20      20    0
R    733   71  GLY  A   98     69  GLY  A   96       5.3411   1 0 0 1      1       1    0
R    734   71  GLY  A   98     70  GLY  A   97       3.8652   1 0 0 0    -28      28    0
R    735   71  GLY  A   98     72  ALA  A   99       3.8651   1 0 0 0    -15      15    0
R    736   71  GLY  A   98     73  ASP  A  100       6.6144   1 0 0 0     -1       1    0
R    737   71  GLY  A   98     84  HIS  A  111       9.9637   0 0 0 1     55      55    0
R    741   71  GLY  A   98    290  GLU  B   58       5.0686   1 0 0 0    -95      95    0
R    742   71  GLY  A   98    293  ALA  B   61       6.1931   1 0 0 0      0       0    0
R    744   72  ALA  A   99     67  ALA  A   94       5.4731   1 0 0 0    -37      37    0
R    745   72  ALA  A   99     68  LEU  A   95       4.3961   1 0 0 0   -102     102    0
R    746   72  ALA  A   99     70  GLY  A   97       6.0075   1 0 0 0      0       0    0
R    747   72  ALA  A   99     71  GLY  A   98       3.8651   1 0 0 0    -37      37    0
R    748   72  ALA  A   99     73  ASP  A  100       3.8404   1 0 0 0    -29      29    0
R    749   72  ALA  A   99     84  HIS  A  111       8.7028   1 0 0 0      0       0    0
R    751   72  ALA  A   99    293  ALA  B   61       5.3277   1 0 0 0    -94      94    0
R    752   72  ALA  A   99    294  GLN  B   62       4.4487   1 0 0 0     -3       3    0
R    753   72  ALA  A   99    297  LEU  B   65       6.8179   1 0 0 1     58      58    0
R    754   73  ASP  A  100     71  GLY  A   98       6.6144   1 0 0 0    -11      11    0
R    755   73  ASP  A  100     72  ALA  A   99       3.8404   1 0 0 0    -44      44    0
R    756   73  ASP  A  100     74  PRO  A  101       3.8134   1 0 0 0    -60      60    0
R    757   73  ASP  A  100     75  GLU  A  102       5.9249   1 0 0 1     30      30    0
R    759   73  ASP  A  100     84  HIS  A  111       6.7527   1 0 0 0   -143     143    0
R    761   73  ASP  A  100    294  GLN  B   62       6.8895   1 0 0 1    133     133    0
R    762   73  ASP  A  100    297  LEU  B   65       8.5548   1 0 0 0    -16      16    0
R    763   74  PRO  A  101     68  LEU  A   95       8.0386   1 0 0 1     76      76    0
R    765   74  PRO  A  101     73  ASP  A  100       3.8134   1 0 0 0    -14      14    0
R    766   74  PRO  A  101     75  GLU  A  102       3.8446   1 0 0 0    -21      21    0
R    767   74  PRO  A  101     76  THR  A  103       6.5948   1 0 0 1     42      42    0
R    768   74  PRO  A  101     78  SER  A  105       7.0954   1 0 0 1    128     128    0
R    769   74  PRO  A  101    297  LEU  B   65       8.3945   1 0 0 1     16      16    0
R    771   74  PRO  A  101    320  ILE  B   88       6.5311   1 0 0 1     99      99    0
R    772   74  PRO  A  101    321  LYS  B   89       5.6239   1 0 0 1     57      57    0
R    773   74  PRO  A  101    324  ALA  B   92       7.3408   1 0 0 1    130     130    0
R    775   75  GLU  A  102     73  ASP  A  100       5.9249   1 0 0 0     -3       3    0
R    776   75  GLU  A  102     74  PRO  A  101       3.8446   1 0 0 0    -52      52    0
R    777   75  GLU  A  102     76  THR  A  103       3.8860   1 0 0 0    -92      92    0
R    778   75  GLU  A  102     77  ASN  A  104       5.5259   1 0 0 0      0       0    0
R    779   75  GLU  A  102     78  SER  A  105       4.7585   1 0 0 0    -73      73    0
R    781   75  GLU  A  102    294  GLN  B   62       8.9840   1 0 0 0    -66      66    0
R    782   75  GLU  A  102    297  LEU  B   65       9.4851   0 0 0 1     22      22    0
R    784   75  GLU  A  102    301  ARG  B   69      11.0149   1 0 0 1    143     143    0
R    786   76  THR  A  103     74  PRO  A  101       6.5948   1 0 0 1     34      34    0
R    787   76  THR  A  103     75  GLU  A  102       3.8860   1 0 0 0    -76      76    0
R    788   76  THR  A  103     77  ASN  A  104       3.7726   1 0 0 0    -30      30    0
R    789   76  THR  A  103     78  SER  A  105       5.8752   1 0 0 0      0       0    0
R    791   76  THR  A  103    318  LEU  B   86       8.5274   0 0 0 1     15      15    0
R    792   76  THR  A  103    321  LYS  B   89       8.6874   0 0 0 1     16      16    0
R    793   77  ASN  A  104     75  GLU  A  102       5.5259   1 0 0 0      0       0    0
R    794   77  ASN  A  104     76  THR  A  103       3.7726   1 0 0 0    -17      17    0
R    795   77  ASN  A  104     78  SER  A  105       3.8117   1 0 0 0    -10      10    0
R    796   77  ASN  A  104     79  THR  A  106       6.4808   1 0 0 0    -57      57    0
R    797   77  ASN  A  104     83  SER  A  110       9.3765   0 0 0 1      5       5    0
R    799   78  SER  A  105     74  PRO  A  101       7.0954   1 0 0 1    149     149    0
R    800   78  SER  A  105     75  GLU  A  102       4.7585   1 0 0 0   -166     166    0
R    801   78  SER  A  105     76  THR  A  103       5.8752   1 0 0 0      0       0    0
R    802   78  SER  A  105     77  ASN  A  104       3.8117   1 0 0 0    -48      48    0
R    803   78  SER  A  105     79  THR  A  106       3.7942   1 0 0 1     14      14    0
R    805   78  SER  A  105     84  HIS  A  111       5.1109   1 0 0 1     39      39    0
R    807   79  THR  A  106     77  ASN  A  104       6.4808   1 0 0 0    -52      52    0
R    808   79  THR  A  106     78  SER  A  105       3.7942   1 0 0 0     -7       7    0
R    809   79  THR  A  106     80  SER  A  107       3.7154   1 0 0 1     67      67    0
R    810   79  THR  A  106     81  ASN  A  108       6.8198   0 0 0 1      1       1    0
R    811   79  THR  A  106     82  SER  A  109       7.7189   1 0 0 0      0       0    0
R    812   79  THR  A  106     83  SER  A  110       5.8792   1 0 0 1     79      79    0
R    813   79  THR  A  106     84  HIS  A  111       5.1556   1 0 0 1    126     126    0
R    814   79  THR  A  106     85  SER  A  112       7.2083   1 0 0 0      0       0    0
R    816   80  SER  A  107     79  THR  A  106       3.7154   1 0 0 1     55      55    0
R    817   80  SER  A  107     81  ASN  A  108       3.8388   1 0 0 0     -5       5    0
R    818   80  SER  A  107     82  SER  A  109       5.5923   1 0 0 0     -2       2    0
R    820   80  SER  A  107     85  SER  A  112       4.6913   1 0 0 0      0       0    0
R    822   80  SER  A  107    291  GLN  B   59       6.8491   1 0 0 0    -26      26    0
R    823   80  SER  A  107    294  GLN  B   62       7.5921   1 0 0 0    -78      78    0
R    824   81  ASN  A  108     80  SER  A  107       3.8388   1 0 0 0    -28      28    0
R    825   81  ASN  A  108     82  SER  A  109       3.7698   1 0 0 1     10      10    0
R    826   81  ASN  A  108     83  SER  A  110       6.2165   0 0 0 1      2       2    0
R    827   81  ASN  A  108     85  SER  A  112       5.6827   1 0 0 0      0       0    0
R    829   81  ASN  A  108    291  GLN  B   59       7.8772   1 0 0 1     87      87    0
R    830   82  SER  A  109     79  THR  A  106       7.7189   1 0 0 0      0       0    0
R    831   82  SER  A  109     80  SER  A  107       5.5923   1 0 0 0      0       0    0
R    832   82  SER  A  109     81  ASN  A  108       3.7698   1 0 0 0     -2       2    0
R    833   82  SER  A  109     83  SER  A  110       3.8272   1 0 0 1     19      19    0
R    834   82  SER  A  109     84  HIS  A  111       6.2871   1 0 0 0      0       0    0
R    835   82  SER  A  109     85  SER  A  112       4.7853   1 0 0 1     99      99    0
R    836   82  SER  A  109     88  ASP  A  115       5.5064   1 0 0 0    -33      33    0
R    839   83  SER  A  110     77  ASN  A  104       9.3765   0 0 0 1      3       3    0
R    841   83  SER  A  110     79  THR  A  106       5.8792   1 0 0 1     97      97    0
R    844   83  SER  A  110     82  SER  A  109       3.8272   1 0 0 0      0       0    0
R    845   83  SER  A  110     84  HIS  A  111       3.8824   1 0 0 1     69      69    0
R    846   83  SER  A  110     85  SER  A  112       5.1724   1 0 0 1     43      43    0
R    847   83  SER  A  110     88  ASP  A  115       8.0420   0 0 0 1      3       3    0
R    848   83  SER  A  110    222  ASP  A  249       7.2835   1 0 0 0   -146     146    0
R    850   84  HIS  A  111     71  GLY  A   98       9.9637   0 0 0 1     17      17    0
R    851   84  HIS  A  111     72  ALA  A   99       8.7028   1 0 0 0      0       0    0
R    852   84  HIS  A  111     73  ASP  A  100       6.7527   1 0 0 0    -38      38    0
R    853   84  HIS  A  111     78  SER  A  105       5.1109   1 0 0 1     42      42    0
R    854   84  HIS  A  111     79  THR  A  106       5.1556   1 0 0 0    -71      71    0
R    856   84  HIS  A  111     82  SER  A  109       6.2871   1 0 0 0      0       0    0
R    857   84  HIS  A  111     83  SER  A  110       3.8824   1 0 0 1     40      40    0
R    858   84  HIS  A  111     85  SER  A  112       3.8763   1 0 0 1      7       7    0
R    859   84  HIS  A  111     86  ALA  A  113       6.1037   1 0 0 1      7       7    0
R    863   85  SER  A  112     79  THR  A  106       7.2083   1 0 0 1      7       7    0
R    864   85  SER  A  112     80  SER  A  107       4.6913   1 0 0 0      0       0    0
R    865   85  SER  A  112     81  ASN  A  108       5.6827   1 0 0 0      0       0    0
R    866   85  SER  A  112     82  SER  A  109       4.7853   1 0 0 1     10      10    0
R    867   85  SER  A  112     83  SER  A  110       5.1724   1 0 0 0    -22      22    0
R    868   85  SER  A  112     84  HIS  A  111       3.8763   1 0 0 0    -39      39    0
R    869   85  SER  A  112     86  ALA  A  113       3.8597   1 0 0 1     22      22    0
R    870   85  SER  A  112     87  TRP  A  114       5.6130   1 0 0 0      0       0    0
R    871   85  SER  A  112     88  ASP  A  115       5.4535   1 0 0 0   -131     131    0
R    872   85  SER  A  112    222  ASP  A  249       8.2853   1 0 0 0    -25      25    0
R    873   85  SER  A  112    287  GLN  B   55       7.8306   1 0 0 1    154     154    0
R    874   85  SER  A  112    290  GLU  B   58       7.9315   1 0 0 1     61      61    0
R    875   85  SER  A  112    291  GLN  B   59       7.8108   0 0 0 1      5       5    0
R    878   86  ALA  A  113     84  HIS  A  111       6.1037   1 0 0 0    -25      25    0
R    879   86  ALA  A  113     85  SER  A  112       3.8597   1 0 0 0      0       0    0
R    880   86  ALA  A  113     87  TRP  A  114       3.8729   1 0 0 0    -79      79    0
R    881   86  ALA  A  113     88  ASP  A  115       5.6827   1 0 0 0      0       0    0
R    882   86  ALA  A  113     91  SER  A  118       5.3092   1 0 0 0     -5       5    0
R    884   86  ALA  A  113    108  VAL  A  135       7.0755   1 0 0 1    126     126    0
R    886   86  ALA  A  113    290  GLU  B   58       7.9767   1 0 0 0    -21      21    0
R    887   87  TRP  A  114     85  SER  A  112       5.6130   1 0 0 1      6       6    0
R    888   87  TRP  A  114     86  ALA  A  113       3.8729   1 0 0 0    -53      53    0
R    889   87  TRP  A  114     88  ASP  A  115       3.8683   1 0 0 1     10      10    0
R    890   87  TRP  A  114     92  ALA  A  119       4.8507   1 0 0 1     36      36    0
R    891   87  TRP  A  114     95  PHE  A  122       8.4590   1 0 0 1    210     210    0
R    892   87  TRP  A  114    108  VAL  A  135       8.8703   1 0 0 1     12      12    0
R    894   87  TRP  A  114    110  LEU  A  137       9.9165   1 0 0 1    125     125    0
R    895   87  TRP  A  114    282  PHE  B   50       7.0554   1 0 0 1    117     117    0
R    896   87  TRP  A  114    283  ARG  B   51       4.8359   1 0 0 0   -161     161    0
R    897   87  TRP  A  114    286  GLU  B   54       6.5977   1 0 0 1     69      69    0
R    898   87  TRP  A  114    287  GLN  B   55       5.1160   1 0 0 1    104     104    0
R    899   87  TRP  A  114    290  GLU  B   58       7.7746   1 0 0 0      0       0    0
R    900   88  ASP  A  115     82  SER  A  109       5.5064   1 0 0 0    -13      13    0
R    901   88  ASP  A  115     83  SER  A  110       8.0420   0 0 0 1     15      15    0
R    902   88  ASP  A  115     85  SER  A  112       5.4535   1 0 0 0   -122     122    0
R    903   88  ASP  A  115     86  ALA  A  113       5.6827   1 0 0 0      0       0    0
R    904   88  ASP  A  115     87  TRP  A  114       3.8683   1 0 0 0    -30      30    0
R    905   88  ASP  A  115     89  LEU  A  116       3.8593   1 0 0 1      7       7    0
R    906   88  ASP  A  115     90  GLY  A  117       5.4814   1 0 0 1     13      13    0
R    907   88  ASP  A  115     91  SER  A  118       5.5778   1 0 0 1    151     151    0
R    908   88  ASP  A  115     92  ALA  A  119       5.9753   1 0 0 1    115     115    0
R    910   88  ASP  A  115    223  PRO  A  250       9.1713   1 0 0 0   -165     165    0
R    912   88  ASP  A  115    287  GLN  B   55       7.3770   1 0 0 0     -5       5    0
R    913   89  LEU  A  116     87  TRP  A  114       6.2442   0 0 0 1      6       6    0
R    914   89  LEU  A  116     88  ASP  A  115       3.8593   1 0 0 0    -12      12    0
R    915   89  LEU  A  116     90  GLY  A  117       3.8751   1 0 0 0     -4       4    0
R    916   89  LEU  A  116     91  SER  A  118       5.7669   1 0 0 0      0       0    0
R    917   89  LEU  A  116     92  ALA  A  119       5.0818   1 0 0 0      0       0    0
R    918   89  LEU  A  116     93  PHE  A  120       5.8622   1 0 0 1    104     104    0
R    919   89  LEU  A  116    276  VAL  B   44       7.8983   0 0 0 1      7       7    0
R    920   89  LEU  A  116    279  ALA  B   47       5.6448   1 0 0 1     12      12    0
R    921   89  LEU  A  116    280  LEU  B   48       6.4897   1 0 0 1     59      59    0
R    922   89  LEU  A  116    283  ARG  B   51       6.6233   1 0 0 0   -127     127    0
R    923   90  GLY  A  117     88  ASP  A  115       5.4814   1 0 0 1      5       5    0
R    924   90  GLY  A  117     89  LEU  A  116       3.8751   1 0 0 0    -51      51    0
R    925   90  GLY  A  117     91  SER  A  118       3.8695   1 0 0 1      7       7    0
R    926   90  GLY  A  117     92  ALA  A  119       5.5950   1 0 0 0      0       0    0
R    927   90  GLY  A  117     93  PHE  A  120       5.2415   1 0 0 0    -23      23    0
R    928   90  GLY  A  117     94  PHE  A  121       6.3258   1 0 0 1    104     104    0
R    932   91  SER  A  118     85  SER  A  112       7.7944   0 0 0 1      4       4    0
R    933   91  SER  A  118     86  ALA  A  113       5.3092   1 0 0 0     -7       7    0
R    934   91  SER  A  118     88  ASP  A  115       5.5778   1 0 0 1     83      83    0
R    935   91  SER  A  118     89  LEU  A  116       5.7669   1 0 0 0      0       0    0
R    936   91  SER  A  118     90  GLY  A  117       3.8695   1 0 0 0    -11      11    0
R    937   91  SER  A  118     92  ALA  A  119       3.8646   1 0 0 0      0       0    0
R    938   91  SER  A  118     93  PHE  A  120       5.3890   1 0 0 0      0       0    0
R    939   91  SER  A  118     94  PHE  A  121       4.8274   1 0 0 0    -15      15    0
R    940   91  SER  A  118     95  PHE  A  122       5.9880   1 0 0 1    141     141    0
R    942   91  SER  A  118    220  GLY  A  247       7.4278   0 0 0 1      5       5    0
R    943   91  SER  A  118    221  ALA  A  248       5.8405   1 0 0 1     52      52    0
R    944   91  SER  A  118    222  ASP  A  249       5.8358   1 0 0 1    107     107    0
R    946   92  ALA  A  119     86  ALA  A  113       6.9021   0 0 0 1      6       6    0
R    947   92  ALA  A  119     87  TRP  A  114       4.8507   1 0 0 1     45      45    0
R    948   92  ALA  A  119     88  ASP  A  115       5.9753   1 0 0 0    -30      30    0
R    949   92  ALA  A  119     89  LEU  A  116       5.0818   1 0 0 0    -11      11    0
R    950   92  ALA  A  119     90  GLY  A  117       5.5950   1 0 0 0      0       0    0
R    951   92  ALA  A  119     91  SER  A  118       3.8646   1 0 0 0    -30      30    0
R    952   92  ALA  A  119     93  PHE  A  120       3.8789   1 0 0 1      2       2    0
R    953   92  ALA  A  119     94  PHE  A  121       5.3453   1 0 0 0      0       0    0
R    954   92  ALA  A  119     95  PHE  A  122       4.9102   1 0 0 0     -9       9    0
R    955   92  ALA  A  119     96  SER  A  123       6.1055   1 0 0 1    231     231    0
R    956   92  ALA  A  119    279  ALA  B   47       4.3763   1 0 0 0   -115     115    0
R    957   92  ALA  A  119    282  PHE  B   50       6.1676   1 0 0 0     -1       1    0
R    958   92  ALA  A  119    283  ARG  B   51       5.9690   1 0 0 0    -25      25    0
R    959   93  PHE  A  120     89  LEU  A  116       5.8622   1 0 0 0    -36      36    0
R    960   93  PHE  A  120     90  GLY  A  117       5.2415   1 0 0 0    -17      17    0
R    961   93  PHE  A  120     91  SER  A  118       5.3890   1 0 0 0      0       0    0
R    962   93  PHE  A  120     92  ALA  A  119       3.8789   1 0 0 0    -34      34    0
R    963   93  PHE  A  120     94  PHE  A  121       3.8429   1 0 0 0    -11      11    0
R    964   93  PHE  A  120     95  PHE  A  122       5.5435   1 0 0 0      0       0    0
R    965   93  PHE  A  120     96  SER  A  123       5.1476   1 0 0 1     12      12    0
R    966   93  PHE  A  120     97  GLY  A  124       6.3096   1 0 0 1    104     104    0
R    967   93  PHE  A  120    235  TRP  A  262       9.5992   1 0 0 1    202     202    0
R    968   93  PHE  A  120    272  LEU  B   40       9.2016   1 0 0 1     55      55    0
R    969   93  PHE  A  120    275  LEU  B   43       5.6503   1 0 0 1    201     201    0
R    970   93  PHE  A  120    276  VAL  B   44       5.8447   1 0 0 1     13      13    0
R    971   93  PHE  A  120    279  ALA  B   47       4.2924   1 0 0 1     17      17    0
R    972   94  PHE  A  121     90  GLY  A  117       6.3258   1 0 0 1      8       8    0
R    973   94  PHE  A  121     91  SER  A  118       4.8274   1 0 0 0    -39      39    0
R    974   94  PHE  A  121     92  ALA  A  119       5.3453   1 0 0 0      0       0    0
R    975   94  PHE  A  121     93  PHE  A  120       3.8429   1 0 0 0    -39      39    0
R    976   94  PHE  A  121     95  PHE  A  122       3.8572   1 0 0 0    -14      14    0
R    977   94  PHE  A  121     96  SER  A  123       5.4334   1 0 0 0      0       0    0
R    978   94  PHE  A  121     97  GLY  A  124       4.9514   1 0 0 1     76      76    0
R    979   94  PHE  A  121     98  THR  A  125       6.4178   1 0 0 1    137     137    0
R    980   94  PHE  A  121    105  TYR  A  132      10.3195   1 0 0 1    121     121    0
R    982   94  PHE  A  121    218  VAL  A  245      10.9718   1 0 0 1     95      95    0
R    983   94  PHE  A  121    219  ALA  A  246      10.3194   0 0 0 1      5       5    0
R    984   94  PHE  A  121    220  GLY  A  247       7.7425   1 0 0 0    -85      85    0
R    985   94  PHE  A  121    221  ALA  A  248       6.1589   1 0 0 1    150     150    0
R    986   94  PHE  A  121    234  VAL  A  261       9.9449   0 0 0 1     31      31    0
R    987   94  PHE  A  121    235  TRP  A  262       7.4497   1 0 0 1     45      45    0
R    988   94  PHE  A  121    238  ILE  A  265      11.0413   0 0 0 1     82      82    0
R    990   95  PHE  A  122     87  TRP  A  114       8.4590   1 0 0 1    147     147    0
R    991   95  PHE  A  122     91  SER  A  118       5.9880   1 0 0 0     -9       9    0
R    992   95  PHE  A  122     92  ALA  A  119       4.9102   1 0 0 0    -21      21    0
R    993   95  PHE  A  122     93  PHE  A  120       5.5435   1 0 0 0      0       0    0
R    994   95  PHE  A  122     94  PHE  A  121       3.8572   1 0 0 0    -16      16    0
R    995   95  PHE  A  122     96  SER  A  123       3.8625   1 0 0 0    -16      16    0
R    996   95  PHE  A  122     97  GLY  A  124       5.3100   1 0 0 0      0       0    0
R    997   95  PHE  A  122     98  THR  A  125       5.1142   1 0 0 1    122     122    0
R    998   95  PHE  A  122     99  ILE  A  126       6.7162   1 0 0 1     79      79    0
R   1000   95  PHE  A  122    108  VAL  A  135       7.9456   1 0 0 0    -90      90    0
R   1002   95  PHE  A  122    110  LEU  A  137       9.9915   1 0 0 1    119     119    0
R   1003   95  PHE  A  122    282  PHE  B   50       8.5393   1 0 0 1    103     103    0
R   1004   95  PHE  A  122    473  PHE  B  241      10.5889   1 0 0 1    163     163    0
R   1005   96  SER  A  123     92  ALA  A  119       6.1055   1 0 0 1    112     112    0
R   1006   96  SER  A  123     93  PHE  A  120       5.1476   1 0 0 0      0       0    0
R   1007   96  SER  A  123     94  PHE  A  121       5.4334   1 0 0 0      0       0    0
R   1008   96  SER  A  123     95  PHE  A  122       3.8625   1 0 0 0    -29      29    0
R   1009   96  SER  A  123     97  GLY  A  124       3.8473   1 0 0 1      1       1    0
R   1010   96  SER  A  123     98  THR  A  125       5.5515   1 0 0 0      0       0    0
R   1011   96  SER  A  123     99  ILE  A  126       5.3056   1 0 0 1     41      41    0
R   1012   96  SER  A  123    100  ILE  A  127       6.7188   1 0 0 1     57      57    0
R   1013   96  SER  A  123    122  TYR  A  149       8.2196   1 0 0 0    -23      23    0
R   1014   96  SER  A  123    275  LEU  B   43       5.7318   1 0 0 0    -30      30    0
R   1015   96  SER  A  123    278  GLY  B   46       5.7783   1 0 0 0      0       0    0
R   1016   96  SER  A  123    279  ALA  B   47       6.1716   1 0 0 1     89      89    0
R   1017   96  SER  A  123    282  PHE  B   50       7.9959   1 0 0 0    -45      45    0
R   1018   97  GLY  A  124     93  PHE  A  120       6.3096   1 0 0 1     32      32    0
R   1019   97  GLY  A  124     94  PHE  A  121       4.9514   1 0 0 1     20      20    0
R   1020   97  GLY  A  124     95  PHE  A  122       5.3100   1 0 0 0      0       0    0
R   1021   97  GLY  A  124     96  SER  A  123       3.8473   1 0 0 0    -29      29    0
R   1022   97  GLY  A  124     98  THR  A  125       3.8622   1 0 0 1      9       9    0
R   1023   97  GLY  A  124     99  ILE  A  126       5.3022   1 0 0 1      2       2    0
R   1024   97  GLY  A  124    100  ILE  A  127       5.4165   1 0 0 0     -2       2    0
R   1025   97  GLY  A  124    101  THR  A  128       6.0009   1 0 0 1    119     119    0
R   1026   97  GLY  A  124    275  LEU  B   43       6.5098   1 0 0 0     -3       3    0
R   1027   98  THR  A  125     94  PHE  A  121       6.4178   1 0 0 1     55      55    0
R   1028   98  THR  A  125     95  PHE  A  122       5.1142   1 0 0 1     93      93    0
R   1029   98  THR  A  125     96  SER  A  123       5.5515   1 0 0 0      0       0    0
R   1030   98  THR  A  125     97  GLY  A  124       3.8622   1 0 0 0    -19      19    0
R   1031   98  THR  A  125     99  ILE  A  126       3.8684   1 0 0 1      8       8    0
R   1032   98  THR  A  125    100  ILE  A  127       5.9569   1 0 0 0      0       0    0
R   1033   98  THR  A  125    101  THR  A  128       5.3597   1 0 0 1      7       7    0
R   1034   98  THR  A  125    102  THR  A  129       5.9307   1 0 0 1      1       1    0
R   1035   98  THR  A  125    103  ILE  A  130       5.0703   1 0 0 1     68      68    0
R   1036   98  THR  A  125    104  GLY  A  131       4.6574   1 0 0 1    138     138    0
R   1037   98  THR  A  125    105  TYR  A  132       6.5643   1 0 0 1    123     123    0
R   1038   98  THR  A  125    106  GLY  A  133       8.5260   0 0 0 1      1       1    0
R   1040   98  THR  A  125    471  VAL  B  239       7.6609   1 0 0 0      0       0    0
R   1042   99  ILE  A  126     95  PHE  A  122       6.7162   1 0 0 1      7       7    0
R   1043   99  ILE  A  126     96  SER  A  123       5.3056   1 0 0 0    -20      20    0
R   1044   99  ILE  A  126     97  GLY  A  124       5.3022   1 0 0 0      0       0    0
R   1045   99  ILE  A  126     98  THR  A  125       3.8684   1 0 0 0    -32      32    0
R   1046   99  ILE  A  126    100  ILE  A  127       3.8647   1 0 0 0    -13      13    0
R   1047   99  ILE  A  126    101  THR  A  128       5.5018   1 0 0 0      0       0    0
R   1048   99  ILE  A  126    102  THR  A  129       4.9402   1 0 0 1     96      96    0
R   1049   99  ILE  A  126    119  CYS  A  146       7.9162   1 0 0 0     -6       6    0
R   1050   99  ILE  A  126    122  TYR  A  149       7.9573   1 0 0 1     62      62    0
R   1051   99  ILE  A  126    123  ALA  A  150       6.0069   1 0 0 1    135     135    0
R   1052   99  ILE  A  126    127  ILE  A  154       7.1026   1 0 0 0    -54      54    0
R   1053   99  ILE  A  126    282  PHE  B   50      11.7724   1 0 0 1    166     166    0
R   1054   99  ILE  A  126    471  VAL  B  239       6.0740   1 0 0 1      7       7    0
R   1055   99  ILE  A  126    473  PHE  B  241       8.7830   1 0 0 1     90      90    0
R   1056  100  ILE  A  127     96  SER  A  123       6.7188   1 0 0 0    -49      49    0
R   1057  100  ILE  A  127     97  GLY  A  124       5.4165   1 0 0 0    -42      42    0
R   1058  100  ILE  A  127     98  THR  A  125       5.9569   1 0 0 0      0       0    0
R   1059  100  ILE  A  127     99  ILE  A  126       3.8647   1 0 0 0    -12      12    0
R   1060  100  ILE  A  127    101  THR  A  128       3.8779   1 0 0 0    -13      13    0
R   1061  100  ILE  A  127    102  THR  A  129       5.3253   1 0 0 0     -7       7    0
R   1062  100  ILE  A  127    122  TYR  A  149       8.0405   1 0 0 1     79      79    0
R   1063  100  ILE  A  127    126  GLY  A  153       5.0354   1 0 0 0    -39      39    0
R   1064  100  ILE  A  127    127  ILE  A  154       4.1008   1 0 0 0    -15      15    0
R   1065  100  ILE  A  127    129  LEU  A  156       7.9922   0 0 0 1      4       4    0
R   1066  100  ILE  A  127    130  PHE  A  157       6.1328   1 0 0 1     62      62    0
R   1067  100  ILE  A  127    271  VAL  B   39       9.3633   1 0 0 1     40      40    0
R   1068  100  ILE  A  127    274  TYR  B   42       9.7059   1 0 0 1     35      35    0
R   1069  100  ILE  A  127    275  LEU  B   43       8.6675   1 0 0 1    156     156    0
R   1070  101  THR  A  128     97  GLY  A  124       6.0009   1 0 0 1     19      19    0
R   1071  101  THR  A  128     98  THR  A  125       5.3597   1 0 0 1     68      68    0
R   1072  101  THR  A  128     99  ILE  A  126       5.5018   1 0 0 0      0       0    0
R   1073  101  THR  A  128    100  ILE  A  127       3.8779   1 0 0 0     -9       9    0
R   1074  101  THR  A  128    102  THR  A  129       3.8665   1 0 0 1     94      94    0
R   1075  101  THR  A  128    103  ILE  A  130       5.3896   1 0 0 0    -24      24    0
R   1076  101  THR  A  128    130  PHE  A  157       7.0311   1 0 0 1    100     100    0
R   1077  101  THR  A  128    211  THR  A  238       7.1043   1 0 0 0    -85      85    0
R   1078  101  THR  A  128    238  ILE  A  265       8.7200   1 0 0 1     24      24    0
R   1080  101  THR  A  128    242  LEU  A  269       8.5831   1 0 0 1     44      44    0
R   1081  102  THR  A  129     98  THR  A  125       5.9307   1 0 0 1      1       1    0
R   1082  102  THR  A  129     99  ILE  A  126       4.9402   1 0 0 1     18      18    0
R   1083  102  THR  A  129    100  ILE  A  127       5.3253   1 0 0 0     -6       6    0
R   1084  102  THR  A  129    101  THR  A  128       3.8665   1 0 0 1     23      23    0
R   1085  102  THR  A  129    103  ILE  A  130       3.8538   1 0 0 1      6       6    0
R   1086  102  THR  A  129    104  GLY  A  131       5.5095   1 0 0 0      0       0    0
R   1087  102  THR  A  129    127  ILE  A  154       6.8805   1 0 0 1    195     195    0
R   1088  102  THR  A  129    211  THR  A  238       6.0737   1 0 0 0    -42      42    0
R   1089  102  THR  A  129    469  THR  B  237       6.8222   1 0 0 0    -47      47    0
R   1090  102  THR  A  129    470  THR  B  238       5.9657   1 0 0 0    -43      43    0
R   1091  102  THR  A  129    471  VAL  B  239       4.1457   1 0 0 0      0       0    0
R   1092  103  ILE  A  130     98  THR  A  125       5.0703   1 0 0 1      6       6    0
R   1093  103  ILE  A  130    101  THR  A  128       5.3896   1 0 0 0    -85      85    0
R   1094  103  ILE  A  130    102  THR  A  129       3.8538   1 0 0 0    -34      34    0
R   1095  103  ILE  A  130    104  GLY  A  131       3.8696   1 0 0 0    -28      28    0
R   1096  103  ILE  A  130    105  TYR  A  132       5.8728   1 0 0 1    118     118    0
R   1097  103  ILE  A  130    208  THR  A  235       6.4462   1 0 0 0    -68      68    0
R   1098  103  ILE  A  130    211  THR  A  238       4.1768   1 0 0 1      5       5    0
R   1099  103  ILE  A  130    212  VAL  A  239       5.7363   1 0 0 0    -55      55    0
R   1100  103  ILE  A  130    213  GLY  A  240       4.5971   1 0 0 0    -76      76    0
R   1101  103  ILE  A  130    238  ILE  A  265       9.9970   1 0 0 1    138     138    0
R   1102  103  ILE  A  130    242  LEU  A  269      10.4827   1 0 0 1      9       9    0
R   1103  103  ILE  A  130    471  VAL  B  239       5.4459   1 0 0 0    -56      56    0
R   1104  104  GLY  A  131     98  THR  A  125       4.6574   1 0 0 1     63      63    0
R   1105  104  GLY  A  131    102  THR  A  129       5.5095   1 0 0 0      0       0    0
R   1106  104  GLY  A  131    103  ILE  A  130       3.8696   1 0 0 0    -43      43    0
R   1107  104  GLY  A  131    105  TYR  A  132       3.8633   1 0 0 0     -7       7    0
R   1108  104  GLY  A  131    106  GLY  A  133       5.5593   1 0 0 1     10      10    0
R   1109  104  GLY  A  131    213  GLY  A  240       5.8487   1 0 0 0    -23      23    0
R   1110  104  GLY  A  131    471  VAL  B  239       4.5764   1 0 0 0    -13      13    0
R   1112  104  GLY  A  131    473  PHE  B  241       4.8467   1 0 0 0      0       0    0
R   1113  105  TYR  A  132     94  PHE  A  121      10.3195   1 0 0 1    111     111    0
R   1114  105  TYR  A  132     98  THR  A  125       6.5643   1 0 0 1    110     110    0
R   1115  105  TYR  A  132    103  ILE  A  130       5.8728   1 0 0 1    102     102    0
R   1116  105  TYR  A  132    104  GLY  A  131       3.8633   1 0 0 0    -37      37    0
R   1117  105  TYR  A  132    106  GLY  A  133       3.8662   1 0 0 0    -14      14    0
R   1118  105  TYR  A  132    107  ASN  A  134       5.4708   1 0 0 0    -72      72    0
R   1119  105  TYR  A  132    204  PHE  A  231      10.6708   1 0 0 1     11      11    0
R   1120  105  TYR  A  132    207  VAL  A  234       9.7427   0 0 0 1     11      11    0
R   1121  105  TYR  A  132    208  THR  A  235       8.5094   1 0 0 1      6       6    0
R   1122  105  TYR  A  132    213  GLY  A  240       4.8198   1 0 0 0      0       0    0
R   1123  105  TYR  A  132    214  PHE  A  241       5.5337   1 0 0 0   -126     126    0
R   1124  105  TYR  A  132    215  GLY  A  242       3.9606   1 0 0 0    -14      14    0
R   1126  105  TYR  A  132    218  VAL  A  245       7.3474   1 0 0 1     89      89    0
R   1130  106  GLY  A  133    104  GLY  A  131       5.5593   1 0 0 0      0       0    0
R   1131  106  GLY  A  133    105  TYR  A  132       3.8662   1 0 0 0    -34      34    0
R   1132  106  GLY  A  133    107  ASN  A  134       3.8653   1 0 0 1      6       6    0
R   1133  106  GLY  A  133    108  VAL  A  135       5.0918   1 0 0 1      8       8    0
R   1135  106  GLY  A  133    473  PHE  B  241       4.4195   1 0 0 0    -16      16    0
R   1139  107  ASN  A  134    105  TYR  A  132       5.4708   1 0 0 0    -89      89    0
R   1140  107  ASN  A  134    106  GLY  A  133       3.8653   1 0 0 0    -22      22    0
R   1141  107  ASN  A  134    108  VAL  A  135       3.8681   1 0 0 0    -65      65    0
R   1142  107  ASN  A  134    215  GLY  A  242       5.2528   1 0 0 0    -39      39    0
R   1143  107  ASN  A  134    218  VAL  A  245       7.5001   1 0 0 0    -55      55    0
R   1144  107  ASN  A  134    220  GLY  A  247       8.6561   0 0 0 1      3       3    0
R   1146  108  VAL  A  135     86  ALA  A  113       7.0755   1 0 0 1    115     115    0
R   1147  108  VAL  A  135     87  TRP  A  114       8.8703   1 0 0 0    -83      83    0
R   1149  108  VAL  A  135     95  PHE  A  122       7.9456   1 0 0 0   -116     116    0
R   1150  108  VAL  A  135    106  GLY  A  133       5.0918   1 0 0 0      0       0    0
R   1151  108  VAL  A  135    107  ASN  A  134       3.8681   1 0 0 0    -87      87    0
R   1152  108  VAL  A  135    109  ALA  A  136       3.8645   1 0 0 1      1       1    0
R   1156  109  ALA  A  136    108  VAL  A  135       3.8645   1 0 0 0    -20      20    0
R   1157  109  ALA  A  136    110  LEU  A  137       3.8443   1 0 0 0     -1       1    0
R   1160  109  ALA  A  136    473  PHE  B  241       7.4170   0 0 0 1      3       3    0
R   1161  109  ALA  A  136    475  ASP  B  243       6.3241   1 0 0 1    122     122    0
R   1162  110  LEU  A  137     87  TRP  A  114       9.9165   1 0 0 1    116     116    0
R   1163  110  LEU  A  137     95  PHE  A  122       9.9915   1 0 0 1    101     101    0
R   1164  110  LEU  A  137    109  ALA  A  136       3.8443   1 0 0 0     -8       8    0
R   1165  110  LEU  A  137    111  ARG  A  138       3.8726   1 0 0 1     50      50    0
R   1166  110  LEU  A  137    112  THR  A  139       5.9480   1 0 0 0     -9       9    0
R   1167  110  LEU  A  137    115  GLY  A  142       6.1476   1 0 0 0    -91      91    0
R   1168  110  LEU  A  137    116  ARG  A  143       6.4360   1 0 0 1    162     162    0
R   1169  110  LEU  A  137    119  CYS  A  146       8.8774   1 0 0 1     76      76    0
R   1170  110  LEU  A  137    282  PHE  B   50       8.6226   1 0 0 1     43      43    0
R   1171  110  LEU  A  137    286  GLU  B   54       6.6887   1 0 0 1     54      54    0
R   1172  110  LEU  A  137    462  TYR  B  230      10.8346   1 0 0 0    -91      91    0
R   1174  111  ARG  A  138     69  GLY  A   96       8.7894   1 0 0 1     59      59    0
R   1175  111  ARG  A  138     70  GLY  A   97       6.7451   1 0 0 0    -39      39    0
R   1178  111  ARG  A  138    110  LEU  A  137       3.8726   1 0 0 1     59      59    0
R   1179  111  ARG  A  138    112  THR  A  139       3.8711   1 0 0 0    -19      19    0
R   1180  111  ARG  A  138    113  ASP  A  140       6.8306   0 0 0 1      1       1    0
R   1181  111  ARG  A  138    116  ARG  A  143       7.8650   1 0 0 1     54      54    0
R   1182  111  ARG  A  138    286  GLU  B   54       6.7288   1 0 0 0    -12      12    0
R   1183  111  ARG  A  138    289  HIS  B   57       7.1915   1 0 0 0    -75      75    0
R   1187  112  THR  A  139    110  LEU  A  137       5.9480   1 0 0 0     -2       2    0
R   1188  112  THR  A  139    111  ARG  A  138       3.8711   1 0 0 0    -21      21    0
R   1189  112  THR  A  139    113  ASP  A  140       3.8620   1 0 0 1     17      17    0
R   1190  112  THR  A  139    114  ALA  A  141       5.1660   1 0 0 1      1       1    0
R   1191  112  THR  A  139    115  GLY  A  142       5.1383   1 0 0 1     79      79    0
R   1192  112  THR  A  139    116  ARG  A  143       6.4986   1 0 0 1     42      42    0
R   1193  112  THR  A  139    285  LEU  B   53       6.9468   1 0 0 0    -77      77    0
R   1194  112  THR  A  139    286  GLU  B   54       6.3884   1 0 0 1    134     134    0
R   1195  112  THR  A  139    289  HIS  B   57       7.6591   1 0 0 1     95      95    0
R   1197  113  ASP  A  140    112  THR  A  139       3.8620   1 0 0 0      0       0    0
R   1198  113  ASP  A  140    114  ALA  A  141       3.8689   1 0 0 0      0       0    0
R   1199  113  ASP  A  140    115  GLY  A  142       5.4385   1 0 0 0      0       0    0
R   1200  113  ASP  A  140    116  ARG  A  143       5.0244   1 0 0 1    110     110    0
R   1201  113  ASP  A  140    117  LEU  A  144       6.0020   1 0 0 1    135     135    0
R   1202  113  ASP  A  140    456  SER  B  224       9.9944   0 0 0 1     29      29    0
R   1203  113  ASP  A  140    458  LEU  B  226       7.4422   1 0 0 0    -59      59    0
R   1205  114  ALA  A  141    112  THR  A  139       5.1660   1 0 0 0    -22      22    0
R   1206  114  ALA  A  141    113  ASP  A  140       3.8689   1 0 0 0    -48      48    0
R   1207  114  ALA  A  141    115  GLY  A  142       3.8311   1 0 0 0     -3       3    0
R   1208  114  ALA  A  141    116  ARG  A  143       5.5457   1 0 0 0      0       0    0
R   1209  114  ALA  A  141    117  LEU  A  144       5.2405   1 0 0 0    -11      11    0
R   1210  114  ALA  A  141    118  PHE  A  145       5.9873   1 0 0 1     96      96    0
R   1211  114  ALA  A  141    285  LEU  B   53       6.6633   1 0 0 1    107     107    0
R   1212  115  GLY  A  142    110  LEU  A  137       6.1476   1 0 0 0     -3       3    0
R   1213  115  GLY  A  142    112  THR  A  139       5.1383   1 0 0 1     36      36    0
R   1214  115  GLY  A  142    113  ASP  A  140       5.4385   1 0 0 0      0       0    0
R   1215  115  GLY  A  142    114  ALA  A  141       3.8311   1 0 0 0    -51      51    0
R   1216  115  GLY  A  142    116  ARG  A  143       3.8540   1 0 0 1      9       9    0
R   1217  115  GLY  A  142    117  LEU  A  144       5.6128   1 0 0 0      0       0    0
R   1218  115  GLY  A  142    118  PHE  A  145       5.0039   1 0 0 1      2       2    0
R   1219  115  GLY  A  142    119  CYS  A  146       5.8830   1 0 0 1    128     128    0
R   1220  115  GLY  A  142    282  PHE  B   50       6.2270   1 0 0 0    -36      36    0
R   1221  115  GLY  A  142    285  LEU  B   53       5.8934   1 0 0 0     -2       2    0
R   1222  115  GLY  A  142    286  GLU  B   54       6.6142   1 0 0 0      0       0    0
R   1223  116  ARG  A  143    110  LEU  A  137       6.4360   1 0 0 1    149     149    0
R   1224  116  ARG  A  143    111  ARG  A  138       7.8650   1 0 0 1     20      20    0
R   1225  116  ARG  A  143    112  THR  A  139       6.4986   1 0 0 1      4       4    0
R   1226  116  ARG  A  143    113  ASP  A  140       5.0244   1 0 0 1     83      83    0
R   1227  116  ARG  A  143    114  ALA  A  141       5.5457   1 0 0 0      0       0    0
R   1228  116  ARG  A  143    115  GLY  A  142       3.8540   1 0 0 0    -26      26    0
R   1229  116  ARG  A  143    117  LEU  A  144       3.8485   1 0 0 0     -9       9    0
R   1230  116  ARG  A  143    118  PHE  A  145       5.3758   1 0 0 0      0       0    0
R   1231  116  ARG  A  143    119  CYS  A  146       4.9474   1 0 0 0     -5       5    0
R   1232  116  ARG  A  143    120  ILE  A  147       6.4360   1 0 0 1     63      63    0
R   1233  116  ARG  A  143    458  LEU  B  226       8.1710   1 0 0 1     32      32    0
R   1234  116  ARG  A  143    459  GLU  B  227       7.8472   0 0 0 1     12      12    0
R   1235  116  ARG  A  143    462  TYR  B  230       6.3112   1 0 0 1    105     105    0
R   1236  116  ARG  A  143    475  ASP  B  243      10.8923   0 0 0 1      4       4    0
R   1237  116  ARG  A  143    476  TYR  B  244      11.3353   1 0 0 1     36      36    0
R   1238  117  LEU  A  144    113  ASP  A  140       6.0020   1 0 0 0    -20      20    0
R   1239  117  LEU  A  144    114  ALA  A  141       5.2405   1 0 0 0    -21      21    0
R   1240  117  LEU  A  144    115  GLY  A  142       5.6128   1 0 0 0      0       0    0
R   1241  117  LEU  A  144    116  ARG  A  143       3.8485   1 0 0 0    -13      13    0
R   1242  117  LEU  A  144    118  PHE  A  145       3.8878   1 0 0 0    -10      10    0
R   1243  117  LEU  A  144    119  CYS  A  146       5.5782   1 0 0 0      0       0    0
R   1244  117  LEU  A  144    120  ILE  A  147       5.3681   1 0 0 0    -68      68    0
R   1245  117  LEU  A  144    121  PHE  A  148       7.1266   1 0 0 1     77      77    0
R   1246  117  LEU  A  144    458  LEU  B  226       7.3595   1 0 0 1     85      85    0
R   1247  118  PHE  A  145    114  ALA  A  141       5.9873   1 0 0 0    -30      30    0
R   1248  118  PHE  A  145    115  GLY  A  142       5.0039   1 0 0 0    -17      17    0
R   1249  118  PHE  A  145    116  ARG  A  143       5.3758   1 0 0 0      0       0    0
R   1250  118  PHE  A  145    117  LEU  A  144       3.8878   1 0 0 0    -22      22    0
R   1251  118  PHE  A  145    119  CYS  A  146       3.8470   1 0 0 0    -15      15    0
R   1252  118  PHE  A  145    120  ILE  A  147       5.3595   1 0 0 0      0       0    0
R   1253  118  PHE  A  145    121  PHE  A  148       5.5749   1 0 0 1     39      39    0
R   1254  118  PHE  A  145    122  TYR  A  149       5.9374   1 0 0 1    312     312    0
R   1255  118  PHE  A  145    278  GLY  B   46       9.0807   1 0 0 0    -11      11    0
R   1256  118  PHE  A  145    281  VAL  B   49       8.4254   1 0 0 1    231     231    0
R   1257  118  PHE  A  145    282  PHE  B   50       8.1421   1 0 0 1    112     112    0
R   1258  118  PHE  A  145    285  LEU  B   53       9.2537   1 0 0 1     40      40    0
R   1259  119  CYS  A  146     99  ILE  A  126       7.9162   1 0 0 0     -1       1    0
R   1260  119  CYS  A  146    110  LEU  A  137       8.8774   1 0 0 1     53      53    0
R   1261  119  CYS  A  146    115  GLY  A  142       5.8830   1 0 0 0    -35      35    0
R   1262  119  CYS  A  146    116  ARG  A  143       4.9474   1 0 0 0    -30      30    0
R   1263  119  CYS  A  146    117  LEU  A  144       5.5782   1 0 0 0      0       0    0
R   1264  119  CYS  A  146    118  PHE  A  145       3.8470   1 0 0 0    -35      35    0
R   1265  119  CYS  A  146    120  ILE  A  147       3.8915   1 0 0 1      1       1    0
R   1266  119  CYS  A  146    121  PHE  A  148       5.7760   1 0 0 0      0       0    0
R   1267  119  CYS  A  146    122  TYR  A  149       4.8400   1 0 0 0     -5       5    0
R   1268  119  CYS  A  146    123  ALA  A  150       5.9769   1 0 0 1     78      78    0
R   1269  119  CYS  A  146    282  PHE  B   50       8.3025   1 0 0 1     14      14    0
R   1270  119  CYS  A  146    462  TYR  B  230       8.2086   1 0 0 1     10      10    0
R   1273  119  CYS  A  146    473  PHE  B  241      11.0227   1 0 0 0      0       0    0
R   1274  120  ILE  A  147    116  ARG  A  143       6.4360   1 0 0 0    -31      31    0
R   1275  120  ILE  A  147    117  LEU  A  144       5.3681   1 0 0 1      3       3    0
R   1276  120  ILE  A  147    118  PHE  A  145       5.3595   1 0 0 0      0       0    0
R   1277  120  ILE  A  147    119  CYS  A  146       3.8915   1 0 0 0    -36      36    0
R   1278  120  ILE  A  147    121  PHE  A  148       3.8911   1 0 0 1     37      37    0
R   1279  120  ILE  A  147    122  TYR  A  149       5.4574   1 0 0 0      0       0    0
R   1280  120  ILE  A  147    123  ALA  A  150       5.3554   1 0 0 1     11      11    0
R   1281  120  ILE  A  147    124  LEU  A  151       6.3192   1 0 0 1    149     149    0
R   1282  120  ILE  A  147    458  LEU  B  226      10.3165   0 0 0 1      4       4    0
R   1283  120  ILE  A  147    461  ILE  B  229       8.5983   1 0 0 1    118     118    0
R   1284  120  ILE  A  147    462  TYR  B  230       6.5352   1 0 0 1     14      14    0
R   1285  120  ILE  A  147    465  ILE  B  233       6.7088   1 0 0 1    134     134    0
R   1286  120  ILE  A  147    466  VAL  B  234       7.3042   0 0 0 1      4       4    0
R   1287  121  PHE  A  148    117  LEU  A  144       7.1266   1 0 0 1     28      28    0
R   1288  121  PHE  A  148    118  PHE  A  145       5.5749   1 0 0 1      8       8    0
R   1289  121  PHE  A  148    119  CYS  A  146       5.7760   1 0 0 0      0       0    0
R   1290  121  PHE  A  148    120  ILE  A  147       3.8911   1 0 0 1     10      10    0
R   1291  121  PHE  A  148    122  TYR  A  149       3.8563   1 0 0 0     -8       8    0
R   1292  121  PHE  A  148    123  ALA  A  150       5.4055   1 0 0 0      0       0    0
R   1293  121  PHE  A  148    124  LEU  A  151       5.1165   1 0 0 1     29      29    0
R   1294  121  PHE  A  148    125  VAL  A  152       6.1921   1 0 0 1     68      68    0
R   1295  121  PHE  A  148    274  TYR  B   42      12.2149   0 0 0 1      1       1    0
R   1296  122  TYR  A  149     96  SER  A  123       8.2196   1 0 0 0    -85      85    0
R   1297  122  TYR  A  149     99  ILE  A  126       7.9573   1 0 0 1     93      93    0
R   1298  122  TYR  A  149    100  ILE  A  127       8.0405   1 0 0 1     54      54    0
R   1299  122  TYR  A  149    118  PHE  A  145       5.9374   1 0 0 1     83      83    0
R   1300  122  TYR  A  149    119  CYS  A  146       4.8400   1 0 0 0    -24      24    0
R   1301  122  TYR  A  149    120  ILE  A  147       5.4574   1 0 0 0      0       0    0
R   1302  122  TYR  A  149    121  PHE  A  148       3.8563   1 0 0 0    -32      32    0
R   1303  122  TYR  A  149    123  ALA  A  150       3.8463   1 0 0 0     -4       4    0
R   1304  122  TYR  A  149    124  LEU  A  151       5.8628   1 0 0 0      0       0    0
R   1305  122  TYR  A  149    126  GLY  A  153       5.5938   1 0 0 1     96      96    0
R   1306  122  TYR  A  149    274  TYR  B   42       8.9732   1 0 0 1    202     202    0
R   1307  122  TYR  A  149    275  LEU  B   43       9.4485   1 0 0 0    -24      24    0
R   1309  122  TYR  A  149    278  GLY  B   46       7.3074   1 0 0 0     -2       2    0
R   1310  122  TYR  A  149    282  PHE  B   50      10.1034   1 0 0 1     13      13    0
R   1311  123  ALA  A  150     99  ILE  A  126       6.0069   1 0 0 1     72      72    0
R   1312  123  ALA  A  150    119  CYS  A  146       5.9769   1 0 0 0    -41      41    0
R   1313  123  ALA  A  150    120  ILE  A  147       5.3554   1 0 0 0    -17      17    0
R   1314  123  ALA  A  150    121  PHE  A  148       5.4055   1 0 0 0      0       0    0
R   1315  123  ALA  A  150    122  TYR  A  149       3.8463   1 0 0 0    -35      35    0
R   1316  123  ALA  A  150    124  LEU  A  151       3.8655   1 0 0 0    -11      11    0
R   1317  123  ALA  A  150    125  VAL  A  152       5.4571   1 0 0 0      0       0    0
R   1318  123  ALA  A  150    126  GLY  A  153       4.7776   1 0 0 1      2       2    0
R   1319  123  ALA  A  150    127  ILE  A  154       5.4620   1 0 0 1    157     157    0
R   1320  123  ALA  A  150    128  PRO  A  155       8.2918   1 0 0 0      0       0    0
R   1321  123  ALA  A  150    465  ILE  B  233       8.7348   0 0 0 1     11      11    0
R   1322  123  ALA  A  150    469  THR  B  237       7.5890   1 0 0 1     45      45    0
R   1323  123  ALA  A  150    471  VAL  B  239       8.6318   0 0 0 1     15      15    0
R   1324  124  LEU  A  151    120  ILE  A  147       6.3192   1 0 0 1     98      98    0
R   1325  124  LEU  A  151    121  PHE  A  148       5.1165   1 0 0 1     11      11    0
R   1326  124  LEU  A  151    122  TYR  A  149       5.8628   1 0 0 0      0       0    0
R   1327  124  LEU  A  151    123  ALA  A  150       3.8655   1 0 0 0    -19      19    0
R   1328  124  LEU  A  151    125  VAL  A  152       3.8730   1 0 0 0     -1       1    0
R   1329  124  LEU  A  151    126  GLY  A  153       5.8205   1 0 0 0      0       0    0
R   1331  124  LEU  A  151    128  PRO  A  155       7.1654   1 0 0 0   -133     133    0
R   1332  124  LEU  A  151    465  ILE  B  233       8.5883   1 0 0 1    112     112    0
R   1333  124  LEU  A  151    469  THR  B  237       7.8299   1 0 0 1     48      48    0
R   1334  124  LEU  A  151    504  PHE  B  272      11.0632   0 0 0 1     29      29    0
R   1335  125  VAL  A  152    121  PHE  A  148       6.1921   1 0 0 0    -33      33    0
R   1336  125  VAL  A  152    123  ALA  A  150       5.4571   1 0 0 0      0       0    0
R   1337  125  VAL  A  152    124  LEU  A  151       3.8730   1 0 0 0    -17      17    0
R   1338  125  VAL  A  152    126  GLY  A  153       3.8774   1 0 0 0     -2       2    0
R   1339  125  VAL  A  152    127  ILE  A  154       6.1164   1 0 0 0      0       0    0
R   1340  125  VAL  A  152    128  PRO  A  155       6.3048   1 0 0 0    -22      22    0
R   1341  125  VAL  A  152    129  LEU  A  156       6.3475   1 0 0 0    -47      47    0
R   1342  125  VAL  A  152    274  TYR  B   42       9.6489   1 0 0 0    -27      27    0
R   1343  126  GLY  A  153    100  ILE  A  127       5.0354   1 0 0 0    -14      14    0
R   1344  126  GLY  A  153    122  TYR  A  149       5.5938   1 0 0 1     46      46    0
R   1345  126  GLY  A  153    123  ALA  A  150       4.7776   1 0 0 1      1       1    0
R   1346  126  GLY  A  153    124  LEU  A  151       5.8205   1 0 0 0      0       0    0
R   1347  126  GLY  A  153    125  VAL  A  152       3.8774   1 0 0 0    -34      34    0
R   1348  126  GLY  A  153    127  ILE  A  154       3.8861   1 0 0 1      3       3    0
R   1349  126  GLY  A  153    128  PRO  A  155       5.7891   1 0 0 0      0       0    0
R   1350  126  GLY  A  153    129  LEU  A  156       5.1017   1 0 0 0     -5       5    0
R   1351  126  GLY  A  153    130  PHE  A  157       6.1006   1 0 0 1    105     105    0
R   1352  126  GLY  A  153    274  TYR  B   42       7.5483   1 0 0 1      1       1    0
R   1353  127  ILE  A  154     99  ILE  A  126       7.1026   1 0 0 0    -92      92    0
R   1354  127  ILE  A  154    100  ILE  A  127       4.1008   1 0 0 0    -13      13    0
R   1355  127  ILE  A  154    102  THR  A  129       6.8805   1 0 0 1    128     128    0
R   1356  127  ILE  A  154    123  ALA  A  150       5.4620   1 0 0 1     27      27    0
R   1358  127  ILE  A  154    125  VAL  A  152       6.1164   1 0 0 0      0       0    0
R   1359  127  ILE  A  154    126  GLY  A  153       3.8861   1 0 0 0      0       0    0
R   1360  127  ILE  A  154    128  PRO  A  155       3.8415   1 0 0 0    -31      31    0
R   1361  127  ILE  A  154    129  LEU  A  156       5.4877   1 0 0 0      0       0    0
R   1362  127  ILE  A  154    130  PHE  A  157       5.1381   1 0 0 1      1       1    0
R   1363  127  ILE  A  154    131  GLY  A  158       6.1875   1 0 0 1    133     133    0
R   1364  127  ILE  A  154    469  THR  B  237       7.9957   1 0 0 1     24      24    0
R   1365  127  ILE  A  154    471  VAL  B  239       9.3810   1 0 0 1      9       9    0
R   1366  127  ILE  A  154    504  PHE  B  272      12.5030   0 0 0 1     43      43    0
R   1367  128  PRO  A  155    123  ALA  A  150       8.2918   1 0 0 0     -3       3    0
R   1368  128  PRO  A  155    124  LEU  A  151       7.1654   1 0 0 0   -121     121    0
R   1369  128  PRO  A  155    125  VAL  A  152       6.3048   1 0 0 0    -32      32    0
R   1370  128  PRO  A  155    126  GLY  A  153       5.7891   1 0 0 0      0       0    0
R   1371  128  PRO  A  155    127  ILE  A  154       3.8415   1 0 0 0    -31      31    0
R   1372  128  PRO  A  155    129  LEU  A  156       3.8887   1 0 0 0     -3       3    0
R   1373  128  PRO  A  155    130  PHE  A  157       5.3186   1 0 0 0      0       0    0
R   1374  128  PRO  A  155    131  GLY  A  158       4.8687   1 0 0 1     62      62    0
R   1375  128  PRO  A  155    132  ILE  A  159       6.4775   1 0 0 0     -8       8    0
R   1376  128  PRO  A  155    508  LEU  B  276       9.2487   0 0 0 1     24      24    0
R   1377  129  LEU  A  156    100  ILE  A  127       7.9922   0 0 0 1      4       4    0
R   1378  129  LEU  A  156    125  VAL  A  152       6.3475   1 0 0 0    -57      57    0
R   1379  129  LEU  A  156    126  GLY  A  153       5.1017   1 0 0 0    -20      20    0
R   1380  129  LEU  A  156    127  ILE  A  154       5.4877   1 0 0 0      0       0    0
R   1381  129  LEU  A  156    128  PRO  A  155       3.8887   1 0 0 0    -86      86    0
R   1382  129  LEU  A  156    130  PHE  A  157       3.8582   1 0 0 0    -14      14    0
R   1383  129  LEU  A  156    131  GLY  A  158       5.6527   1 0 0 0      0       0    0
R   1384  129  LEU  A  156    132  ILE  A  159       5.5232   1 0 0 0    -30      30    0
R   1385  129  LEU  A  156    133  LEU  A  160       6.8823   1 0 0 1     64      64    0
R   1386  129  LEU  A  156    267  LEU  B   35       8.7780   1 0 0 1     60      60    0
R   1387  129  LEU  A  156    270  LEU  B   38       9.1558   1 0 0 1    164     164    0
R   1388  129  LEU  A  156    271  VAL  B   39       7.4174   1 0 0 1     82      82    0
R   1389  129  LEU  A  156    274  TYR  B   42       9.3552   1 0 0 1    151     151    0
R   1390  130  PHE  A  157    100  ILE  A  127       6.1328   1 0 0 1     32      32    0
R   1391  130  PHE  A  157    101  THR  A  128       7.0311   1 0 0 1    113     113    0
R   1392  130  PHE  A  157    126  GLY  A  153       6.1006   1 0 0 0    -18      18    0
R   1393  130  PHE  A  157    127  ILE  A  154       5.1381   1 0 0 0    -34      34    0
R   1394  130  PHE  A  157    128  PRO  A  155       5.3186   1 0 0 0      0       0    0
R   1395  130  PHE  A  157    129  LEU  A  156       3.8582   1 0 0 0    -35      35    0
R   1396  130  PHE  A  157    131  GLY  A  158       3.8823   1 0 0 0     -6       6    0
R   1397  130  PHE  A  157    132  ILE  A  159       5.3146   1 0 0 0      0       0    0
R   1398  130  PHE  A  157    133  LEU  A  160       5.0862   1 0 0 1     50      50    0
R   1399  130  PHE  A  157    134  LEU  A  161       5.9912   1 0 0 1    288     288    0
R   1400  130  PHE  A  157    239  LEU  A  266       9.6609   1 0 0 1    138     138    0
R   1401  130  PHE  A  157    242  LEU  A  269      11.0208   0 0 0 1     39      39    0
R   1402  130  PHE  A  157    271  VAL  B   39       6.9109   1 0 0 1     56      56    0
R   1403  130  PHE  A  157    275  LEU  B   43      10.3995   0 0 0 1      4       4    0
R   1404  131  GLY  A  158    127  ILE  A  154       6.1875   1 0 0 1     50      50    0
R   1405  131  GLY  A  158    128  PRO  A  155       4.8687   1 0 0 1      4       4    0
R   1406  131  GLY  A  158    129  LEU  A  156       5.6527   1 0 0 0      0       0    0
R   1407  131  GLY  A  158    130  PHE  A  157       3.8823   1 0 0 0    -29      29    0
R   1408  131  GLY  A  158    132  ILE  A  159       3.8685   1 0 0 0     -3       3    0
R   1409  131  GLY  A  158    133  LEU  A  160       5.5907   1 0 0 0      0       0    0
R   1410  131  GLY  A  158    134  LEU  A  161       4.9337   1 0 0 0     -9       9    0
R   1411  131  GLY  A  158    135  ALA  A  162       6.0810   1 0 0 1     83      83    0
R   1412  132  ILE  A  159    128  PRO  A  155       6.4775   1 0 0 0    -59      59    0
R   1413  132  ILE  A  159    129  LEU  A  156       5.5232   1 0 0 0    -36      36    0
R   1414  132  ILE  A  159    130  PHE  A  157       5.3146   1 0 0 0      0       0    0
R   1415  132  ILE  A  159    131  GLY  A  158       3.8685   1 0 0 0    -32      32    0
R   1416  132  ILE  A  159    133  LEU  A  160       3.8850   1 0 0 1      4       4    0
R   1417  132  ILE  A  159    134  LEU  A  161       5.4743   1 0 0 0      0       0    0
R   1418  132  ILE  A  159    135  ALA  A  162       5.2498   1 0 0 1      1       1    0
R   1419  132  ILE  A  159    136  GLY  A  163       6.0085   1 0 0 1    131     131    0
R   1420  132  ILE  A  159    267  LEU  B   35       8.5664   1 0 0 1     95      95    0
R   1422  133  LEU  A  160    129  LEU  A  156       6.8823   1 0 0 0    -19      19    0
R   1423  133  LEU  A  160    130  PHE  A  157       5.0862   1 0 0 1      9       9    0
R   1424  133  LEU  A  160    131  GLY  A  158       5.5907   1 0 0 0      0       0    0
R   1425  133  LEU  A  160    132  ILE  A  159       3.8850   1 0 0 0    -39      39    0
R   1426  133  LEU  A  160    134  LEU  A  161       3.8660   1 0 0 0    -15      15    0
R   1427  133  LEU  A  160    135  ALA  A  162       5.5443   1 0 0 0      0       0    0
R   1428  133  LEU  A  160    136  GLY  A  163       4.7089   1 0 0 1      4       4    0
R   1429  133  LEU  A  160    137  VAL  A  164       5.9181   1 0 0 1    197     197    0
R   1430  133  LEU  A  160    239  LEU  A  266       9.3565   1 0 0 1    135     135    0
R   1432  133  LEU  A  160    267  LEU  B   35       6.3910   1 0 0 1     24      24    0
R   1433  133  LEU  A  160    268  LEU  B   36       6.9446   1 0 0 0    -78      78    0
R   1434  133  LEU  A  160    271  VAL  B   39       8.0646   1 0 0 1     70      70    0
R   1435  134  LEU  A  161    130  PHE  A  157       5.9912   1 0 0 1     93      93    0
R   1436  134  LEU  A  161    131  GLY  A  158       4.9337   1 0 0 0    -24      24    0
R   1437  134  LEU  A  161    132  ILE  A  159       5.4743   1 0 0 0      0       0    0
R   1438  134  LEU  A  161    133  LEU  A  160       3.8660   1 0 0 0    -22      22    0
R   1439  134  LEU  A  161    135  ALA  A  162       3.8728   1 0 0 0     -8       8    0
R   1440  134  LEU  A  161    136  GLY  A  163       5.3084   1 0 0 0      0       0    0
R   1441  134  LEU  A  161    137  VAL  A  164       5.1555   1 0 0 0      0       0    0
R   1442  134  LEU  A  161    138  GLY  A  165       5.6509   1 0 0 1    182     182    0
R   1443  134  LEU  A  161    239  LEU  A  266       7.3412   1 0 0 0    -21      21    0
R   1444  134  LEU  A  161    242  LEU  A  269       7.3926   1 0 0 1     67      67    0
R   1445  134  LEU  A  161    243  ALA  A  270       5.4198   1 0 0 0   -122     122    0
R   1446  134  LEU  A  161    246  ALA  A  273       7.9421   0 0 0 1     35      35    0
R   1447  135  ALA  A  162    131  GLY  A  158       6.0810   1 0 0 0    -34      34    0
R   1448  135  ALA  A  162    132  ILE  A  159       5.2498   1 0 0 0    -14      14    0
R   1449  135  ALA  A  162    133  LEU  A  160       5.5443   1 0 0 0      0       0    0
R   1450  135  ALA  A  162    134  LEU  A  161       3.8728   1 0 0 0    -23      23    0
R   1451  135  ALA  A  162    136  GLY  A  163       3.8624   1 0 0 0    -10      10    0
R   1452  135  ALA  A  162    137  VAL  A  164       5.6790   1 0 0 0      0       0    0
R   1453  135  ALA  A  162    138  GLY  A  165       4.7465   1 0 0 0      0       0    0
R   1454  135  ALA  A  162    139  ASP  A  166       6.1341   1 0 0 1     58      58    0
R   1457  136  GLY  A  163    132  ILE  A  159       6.0085   1 0 0 1     48      48    0
R   1458  136  GLY  A  163    133  LEU  A  160       4.7089   1 0 0 1      1       1    0
R   1459  136  GLY  A  163    134  LEU  A  161       5.3084   1 0 0 0      0       0    0
R   1460  136  GLY  A  163    135  ALA  A  162       3.8624   1 0 0 0    -42      42    0
R   1461  136  GLY  A  163    137  VAL  A  164       3.8698   1 0 0 1     16      16    0
R   1462  136  GLY  A  163    138  GLY  A  165       5.3846   1 0 0 0      0       0    0
R   1463  136  GLY  A  163    139  ASP  A  166       5.4586   1 0 0 0    -13      13    0
R   1464  136  GLY  A  163    140  ARG  A  167       6.2754   1 0 0 1     80      80    0
R   1465  136  GLY  A  163    264  LEU  B   32       6.5458   1 0 0 0    -21      21    0
R   1467  137  VAL  A  164    133  LEU  A  160       5.9181   1 0 0 1     89      89    0
R   1468  137  VAL  A  164    134  LEU  A  161       5.1555   1 0 0 0     -9       9    0
R   1469  137  VAL  A  164    135  ALA  A  162       5.6790   1 0 0 0      0       0    0
R   1470  137  VAL  A  164    136  GLY  A  163       3.8698   1 0 0 0      0       0    0
R   1471  137  VAL  A  164    138  GLY  A  165       3.8810   1 0 0 0     -5       5    0
R   1472  137  VAL  A  164    139  ASP  A  166       5.5693   1 0 0 0      0       0    0
R   1473  137  VAL  A  164    140  ARG  A  167       4.9638   1 0 0 1      2       2    0
R   1474  137  VAL  A  164    141  LEU  A  168       5.8001   1 0 0 1    169     169    0
R   1475  137  VAL  A  164    239  LEU  A  266       8.5056   0 0 0 1     59      59    0
R   1476  137  VAL  A  164    240  LEU  A  267       7.6911   0 0 0 1     75      75    0
R   1477  137  VAL  A  164    243  ALA  A  270       6.1774   1 0 0 1     82      82    0
R   1478  137  VAL  A  164    264  LEU  B   32       7.4296   1 0 0 1     81      81    0
R   1479  137  VAL  A  164    268  LEU  B   36       9.2481   0 0 0 1     17      17    0
R   1480  138  GLY  A  165    134  LEU  A  161       5.6509   1 0 0 1     70      70    0
R   1481  138  GLY  A  165    135  ALA  A  162       4.7465   1 0 0 1      1       1    0
R   1482  138  GLY  A  165    136  GLY  A  163       5.3846   1 0 0 0      0       0    0
R   1483  138  GLY  A  165    137  VAL  A  164       3.8810   1 0 0 0    -20      20    0
R   1484  138  GLY  A  165    139  ASP  A  166       3.8829   1 0 0 1     12      12    0
R   1485  138  GLY  A  165    140  ARG  A  167       5.6549   1 0 0 0      0       0    0
R   1487  138  GLY  A  165    142  GLY  A  169       5.9432   1 0 0 1    112     112    0
R   1488  138  GLY  A  165    243  ALA  A  270       4.4327   1 0 0 0     -3       3    0
R   1490  138  GLY  A  165    247  SER  A  274       5.8340   1 0 0 1    108     108    0
R   1491  139  ASP  A  166    135  ALA  A  162       6.1341   1 0 0 0    -49      49    0
R   1492  139  ASP  A  166    136  GLY  A  163       5.4586   1 0 0 0    -16      16    0
R   1493  139  ASP  A  166    137  VAL  A  164       5.5693   1 0 0 0      0       0    0
R   1494  139  ASP  A  166    138  GLY  A  165       3.8829   1 0 0 0    -14      14    0
R   1495  139  ASP  A  166    140  ARG  A  167       3.8876   1 0 0 0    -11      11    0
R   1496  139  ASP  A  166    141  LEU  A  168       5.8720   1 0 0 0      0       0    0
R   1497  139  ASP  A  166    142  GLY  A  169       5.1721   1 0 0 0      0       0    0
R   1498  139  ASP  A  166    143  SER  A  170       5.9994   1 0 0 1    138     138    0
R   1499  139  ASP  A  166    146  ARG  A  173      10.4546   0 0 0 1      3       3    0
R   1500  139  ASP  A  166    247  SER  A  274       7.0004   0 0 0 1      1       1    0
R   1501  140  ARG  A  167    136  GLY  A  163       6.2754   1 0 0 0    -32      32    0
R   1502  140  ARG  A  167    137  VAL  A  164       4.9638   1 0 0 0     -9       9    0
R   1503  140  ARG  A  167    138  GLY  A  165       5.6549   1 0 0 0      0       0    0
R   1504  140  ARG  A  167    139  ASP  A  166       3.8876   1 0 0 0    -33      33    0
R   1505  140  ARG  A  167    141  LEU  A  168       3.9029   1 0 0 0    -13      13    0
R   1506  140  ARG  A  167    142  GLY  A  169       5.4820   1 0 0 0      0       0    0
R   1507  140  ARG  A  167    143  SER  A  170       5.1761   1 0 0 1     65      65    0
R   1508  140  ARG  A  167    144  SER  A  171       6.3696   1 0 0 1    230     230    0
R   1509  140  ARG  A  167    261  SER  B   29       8.3714   0 0 0 1     66      66    0
R   1510  140  ARG  A  167    264  LEU  B   32       8.7983   1 0 0 1    107     107    0
R   1511  141  LEU  A  168    137  VAL  A  164       5.8001   1 0 0 1      5       5    0
R   1513  141  LEU  A  168    139  ASP  A  166       5.8720   1 0 0 0      0       0    0
R   1514  141  LEU  A  168    140  ARG  A  167       3.9029   1 0 0 0    -15      15    0
R   1515  141  LEU  A  168    142  GLY  A  169       3.8814   1 0 0 0    -13      13    0
R   1516  141  LEU  A  168    143  SER  A  170       5.5405   1 0 0 0      0       0    0
R   1517  141  LEU  A  168    144  SER  A  171       5.2118   1 0 0 1      7       7    0
R   1518  141  LEU  A  168    145  LEU  A  172       6.0693   1 0 0 1    145     145    0
R   1519  141  LEU  A  168    182  PHE  A  209      12.9737   1 0 0 1     92      92    0
R   1521  141  LEU  A  168    243  ALA  A  270       7.8700   0 0 0 1     18      18    0
R   1522  141  LEU  A  168    244  TYR  A  271       7.6368   0 0 0 1     36      36    0
R   1523  142  GLY  A  169    138  GLY  A  165       5.9432   1 0 0 1     47      47    0
R   1524  142  GLY  A  169    139  ASP  A  166       5.1721   1 0 0 0      0       0    0
R   1525  142  GLY  A  169    140  ARG  A  167       5.4820   1 0 0 0      0       0    0
R   1526  142  GLY  A  169    141  LEU  A  168       3.8814   1 0 0 0    -40      40    0
R   1527  142  GLY  A  169    143  SER  A  170       3.8813   1 0 0 1     11      11    0
R   1528  142  GLY  A  169    144  SER  A  171       5.5956   1 0 0 0      0       0    0
R   1529  142  GLY  A  169    145  LEU  A  172       5.1092   1 0 0 0     -2       2    0
R   1530  142  GLY  A  169    146  ARG  A  173       6.0559   1 0 0 1     66      66    0
R   1533  143  SER  A  170    139  ASP  A  166       5.9994   1 0 0 1     26      26    0
R   1534  143  SER  A  170    140  ARG  A  167       5.1761   1 0 0 1     35      35    0
R   1535  143  SER  A  170    141  LEU  A  168       5.5405   1 0 0 0      0       0    0
R   1536  143  SER  A  170    142  GLY  A  169       3.8813   1 0 0 0    -35      35    0
R   1537  143  SER  A  170    144  SER  A  171       3.9039   1 0 0 1     14      14    0
R   1538  143  SER  A  170    145  LEU  A  172       5.5710   1 0 0 0      0       0    0
R   1539  143  SER  A  170    146  ARG  A  173       5.4222   1 0 0 0    -19      19    0
R   1540  143  SER  A  170    147  HIS  A  174       6.2720   1 0 0 1     76      76    0
R   1541  144  SER  A  171    140  ARG  A  167       6.3696   1 0 0 1     82      82    0
R   1542  144  SER  A  171    141  LEU  A  168       5.2118   1 0 0 0      0       0    0
R   1543  144  SER  A  171    142  GLY  A  169       5.5956   1 0 0 0      0       0    0
R   1544  144  SER  A  171    143  SER  A  170       3.9039   1 0 0 0    -13      13    0
R   1545  144  SER  A  171    145  LEU  A  172       3.8740   1 0 0 1      3       3    0
R   1546  144  SER  A  171    146  ARG  A  173       5.8226   1 0 0 0      0       0    0
R   1547  144  SER  A  171    147  HIS  A  174       5.2869   1 0 0 0     -8       8    0
R   1548  144  SER  A  171    148  GLY  A  175       6.0734   1 0 0 1    167     167    0
R   1549  145  LEU  A  172    141  LEU  A  168       6.0693   1 0 0 1     10      10    0
R   1550  145  LEU  A  172    142  GLY  A  169       5.1092   1 0 0 0    -19      19    0
R   1551  145  LEU  A  172    143  SER  A  170       5.5710   1 0 0 0      0       0    0
R   1552  145  LEU  A  172    144  SER  A  171       3.8740   1 0 0 0    -23      23    0
R   1553  145  LEU  A  172    146  ARG  A  173       3.9117   1 0 0 0     -4       4    0
R   1554  145  LEU  A  172    147  HIS  A  174       5.3828   1 0 0 0      0       0    0
R   1555  145  LEU  A  172    148  GLY  A  175       4.7942   1 0 0 1     18      18    0
R   1556  145  LEU  A  172    149  ILE  A  176       6.1791   1 0 0 1    284     284    0
R   1557  145  LEU  A  172    174  PHE  A  201       7.2352   1 0 0 1    102     102    0
R   1558  145  LEU  A  172    177  ILE  A  204       9.2266   1 0 0 1    108     108    0
R   1560  145  LEU  A  172    182  PHE  A  209      13.6823   0 0 0 1      8       8    0
R   1561  145  LEU  A  172    244  TYR  A  271      10.1277   1 0 0 1     87      87    0
R   1562  146  ARG  A  173    139  ASP  A  166      10.4546   0 0 0 1      3       3    0
R   1563  146  ARG  A  173    142  GLY  A  169       6.0559   1 0 0 1     25      25    0
R   1564  146  ARG  A  173    143  SER  A  170       5.4222   1 0 0 0    -22      22    0
R   1565  146  ARG  A  173    144  SER  A  171       5.8226   1 0 0 0      0       0    0
R   1566  146  ARG  A  173    145  LEU  A  172       3.9117   1 0 0 0    -27      27    0
R   1567  146  ARG  A  173    147  HIS  A  174       3.9005   1 0 0 0     -5       5    0
R   1568  146  ARG  A  173    148  GLY  A  175       5.4736   1 0 0 0      0       0    0
R   1569  146  ARG  A  173    149  ILE  A  176       5.0721   1 0 0 1      9       9    0
R   1570  146  ARG  A  173    150  GLY  A  177       6.2169   1 0 0 1    110     110    0
R   1572  146  ARG  A  173    174  PHE  A  201       7.1021   1 0 0 0   -126     126    0
R   1573  146  ARG  A  173    247  SER  A  274      10.9223   1 0 0 1     40      40    0
R   1575  147  HIS  A  174    143  SER  A  170       6.2720   1 0 0 0    -32      32    0
R   1576  147  HIS  A  174    144  SER  A  171       5.2869   1 0 0 0    -20      20    0
R   1577  147  HIS  A  174    145  LEU  A  172       5.3828   1 0 0 0      0       0    0
R   1578  147  HIS  A  174    146  ARG  A  173       3.9005   1 0 0 0    -32      32    0
R   1579  147  HIS  A  174    148  GLY  A  175       3.8751   1 0 0 1      4       4    0
R   1580  147  HIS  A  174    149  ILE  A  176       5.3888   1 0 0 0      0       0    0
R   1581  147  HIS  A  174    150  GLY  A  177       4.6615   1 0 0 1     89      89    0
R   1582  147  HIS  A  174    151  HIS  A  178       7.2367   1 0 0 0    -74      74    0
R   1583  148  GLY  A  175    144  SER  A  171       6.0734   1 0 0 1     56      56    0
R   1584  148  GLY  A  175    145  LEU  A  172       4.7942   1 0 0 1      2       2    0
R   1585  148  GLY  A  175    146  ARG  A  173       5.4736   1 0 0 0      0       0    0
R   1586  148  GLY  A  175    147  HIS  A  174       3.8751   1 0 0 0    -27      27    0
R   1587  148  GLY  A  175    149  ILE  A  176       3.8879   1 0 0 1     14      14    0
R   1588  148  GLY  A  175    150  GLY  A  177       5.2597   1 0 0 0      0       0    0
R   1589  148  GLY  A  175    151  HIS  A  178       5.8043   1 0 0 0    -92      92    0
R   1591  149  ILE  A  176    145  LEU  A  172       6.1791   1 0 0 1    128     128    0
R   1592  149  ILE  A  176    146  ARG  A  173       5.0721   1 0 0 0    -19      19    0
R   1593  149  ILE  A  176    147  HIS  A  174       5.3888   1 0 0 0      0       0    0
R   1594  149  ILE  A  176    148  GLY  A  175       3.8879   1 0 0 0     -2       2    0
R   1595  149  ILE  A  176    150  GLY  A  177       3.8924   1 0 0 0     -3       3    0
R   1596  149  ILE  A  176    151  HIS  A  178       5.2144   1 0 0 0      0       0    0
R   1597  149  ILE  A  176    152  ILE  A  179       5.1535   1 0 0 1     58      58    0
R   1598  149  ILE  A  176    153  GLU  A  180       5.9435   1 0 0 1    115     115    0
R   1599  149  ILE  A  176    156  PHE  A  183      10.5440   0 0 0 1      2       2    0
R   1600  149  ILE  A  176    170  SER  A  197       6.3554   1 0 0 0    -79      79    0
R   1601  149  ILE  A  176    173  LEU  A  200       7.7920   1 0 0 1    112     112    0
R   1602  149  ILE  A  176    174  PHE  A  201       7.3727   1 0 0 1      9       9    0
R   1603  149  ILE  A  176    177  ILE  A  204       9.6214   0 0 0 1     13      13    0
R   1604  150  GLY  A  177    146  ARG  A  173       6.2169   1 0 0 1     38      38    0
R   1605  150  GLY  A  177    147  HIS  A  174       4.6615   1 0 0 1     20      20    0
R   1606  150  GLY  A  177    148  GLY  A  175       5.2597   1 0 0 0      0       0    0
R   1607  150  GLY  A  177    149  ILE  A  176       3.8924   1 0 0 0    -33      33    0
R   1608  150  GLY  A  177    151  HIS  A  178       3.8993   1 0 0 1     14      14    0
R   1609  150  GLY  A  177    152  ILE  A  179       5.6033   1 0 0 0      0       0    0
R   1610  150  GLY  A  177    153  GLU  A  180       4.7066   1 0 0 0     -8       8    0
R   1611  150  GLY  A  177    154  ALA  A  181       6.1438   1 0 0 1     88      88    0
R   1612  151  HIS  A  178    147  HIS  A  174       7.2367   1 0 0 0    -90      90    0
R   1613  151  HIS  A  178    148  GLY  A  175       5.8043   1 0 0 0    -77      77    0
R   1614  151  HIS  A  178    149  ILE  A  176       5.2144   1 0 0 0      0       0    0
R   1615  151  HIS  A  178    150  GLY  A  177       3.8993   1 0 0 0    -27      27    0
R   1616  151  HIS  A  178    152  ILE  A  179       3.9288   1 0 0 1      2       2    0
R   1617  151  HIS  A  178    153  GLU  A  180       5.5114   1 0 0 0      0       0    0
R   1618  151  HIS  A  178    154  ALA  A  181       5.3040   1 0 0 0   -115     115    0
R   1619  151  HIS  A  178    155  ILE  A  182       6.9332   1 0 0 0    -29      29    0
R   1621  152  ILE  A  179    149  ILE  A  176       5.1535   1 0 0 0     -7       7    0
R   1622  152  ILE  A  179    150  GLY  A  177       5.6033   1 0 0 0      0       0    0
R   1623  152  ILE  A  179    151  HIS  A  178       3.9288   1 0 0 0    -11      11    0
R   1624  152  ILE  A  179    153  GLU  A  180       3.9262   1 0 0 0     -7       7    0
R   1625  152  ILE  A  179    154  ALA  A  181       5.3080   1 0 0 0      0       0    0
R   1626  152  ILE  A  179    155  ILE  A  182       5.0062   1 0 0 1     54      54    0
R   1627  152  ILE  A  179    156  PHE  A  183       6.5541   1 0 0 1    214     214    0
R   1628  152  ILE  A  179    173  LEU  A  200       9.4491   1 0 0 1    149     149    0
R   1629  152  ILE  A  179    177  ILE  A  204      12.1080   0 0 0 1      7       7    0
R   1631  153  GLU  A  180    149  ILE  A  176       5.9435   1 0 0 0    -15      15    0
R   1632  153  GLU  A  180    150  GLY  A  177       4.7066   1 0 0 0    -28      28    0
R   1633  153  GLU  A  180    151  HIS  A  178       5.5114   1 0 0 0      0       0    0
R   1634  153  GLU  A  180    152  ILE  A  179       3.9262   1 0 0 0     -8       8    0
R   1635  153  GLU  A  180    154  ALA  A  181       3.8930   1 0 0 0     -8       8    0
R   1636  153  GLU  A  180    155  ILE  A  182       5.4582   1 0 0 0      0       0    0
R   1637  153  GLU  A  180    156  PHE  A  183       5.1918   1 0 0 1      8       8    0
R   1638  153  GLU  A  180    157  LEU  A  184       6.1923   1 0 0 1    109     109    0
R   1639  153  GLU  A  180    166  VAL  A  193       6.4114   1 0 0 1     84      84    0
R   1640  153  GLU  A  180    167  ARG  A  194       8.1497   0 0 0 1      7       7    0
R   1641  153  GLU  A  180    170  SER  A  197       6.7969   1 0 0 1      4       4    0
R   1642  154  ALA  A  181    150  GLY  A  177       6.1438   1 0 0 0    -14      14    0
R   1643  154  ALA  A  181    151  HIS  A  178       5.3040   1 0 0 0    -57      57    0
R   1644  154  ALA  A  181    152  ILE  A  179       5.3080   1 0 0 0      0       0    0
R   1645  154  ALA  A  181    153  GLU  A  180       3.8930   1 0 0 0    -29      29    0
R   1646  154  ALA  A  181    155  ILE  A  182       3.9127   1 0 0 1      6       6    0
R   1647  154  ALA  A  181    156  PHE  A  183       5.6060   1 0 0 0      0       0    0
R   1648  154  ALA  A  181    157  LEU  A  184       5.1188   1 0 0 0     -6       6    0
R   1649  154  ALA  A  181    158  LYS  A  185       6.3269   1 0 0 0   -100     100    0
R   1650  155  ILE  A  182    151  HIS  A  178       6.9332   1 0 0 0    -40      40    0
R   1651  155  ILE  A  182    152  ILE  A  179       5.0062   1 0 0 1     14      14    0
R   1652  155  ILE  A  182    153  GLU  A  180       5.4582   1 0 0 0      0       0    0
R   1653  155  ILE  A  182    154  ALA  A  181       3.9127   1 0 0 0    -33      33    0
R   1654  155  ILE  A  182    156  PHE  A  183       3.9089   1 0 0 1     15      15    0
R   1655  155  ILE  A  182    157  LEU  A  184       5.6026   1 0 0 0      0       0    0
R   1656  155  ILE  A  182    158  LYS  A  185       5.3900   1 0 0 0     -3       3    0
R   1657  155  ILE  A  182    159  TRP  A  186       6.5940   1 0 0 1    234     234    0
R   1658  156  PHE  A  183    149  ILE  A  176      10.5440   0 0 0 1      3       3    0
R   1659  156  PHE  A  183    152  ILE  A  179       6.5541   1 0 0 1     87      87    0
R   1660  156  PHE  A  183    153  GLU  A  180       5.1918   1 0 0 0    -21      21    0
R   1661  156  PHE  A  183    154  ALA  A  181       5.6060   1 0 0 0      0       0    0
R   1662  156  PHE  A  183    155  ILE  A  182       3.9089   1 0 0 0    -14      14    0
R   1663  156  PHE  A  183    157  LEU  A  184       3.9086   1 0 0 0    -13      13    0
R   1664  156  PHE  A  183    158  LYS  A  185       5.5759   1 0 0 0      0       0    0
R   1665  156  PHE  A  183    159  TRP  A  186       5.1701   1 0 0 1    142     142    0
R   1666  156  PHE  A  183    160  HIS  A  187       6.7359   1 0 0 1      1       1    0
R   1667  156  PHE  A  183    161  VAL  A  188       6.0580   1 0 0 1     98      98    0
R   1668  156  PHE  A  183    166  VAL  A  193       6.6806   1 0 0 1    132     132    0
R   1669  156  PHE  A  183    169  LEU  A  196       9.0104   1 0 0 1    164     164    0
R   1671  156  PHE  A  183    173  LEU  A  200      12.2420   0 0 0 1     42      42    0
R   1672  157  LEU  A  184    153  GLU  A  180       6.1923   1 0 0 0    -19      19    0
R   1673  157  LEU  A  184    154  ALA  A  181       5.1188   1 0 0 0    -29      29    0
R   1674  157  LEU  A  184    155  ILE  A  182       5.6026   1 0 0 0      0       0    0
R   1675  157  LEU  A  184    156  PHE  A  183       3.9086   1 0 0 0    -30      30    0
R   1676  157  LEU  A  184    158  LYS  A  185       3.8932   1 0 0 1      2       2    0
R   1677  157  LEU  A  184    159  TRP  A  186       5.4576   1 0 0 0      0       0    0
R   1678  157  LEU  A  184    160  HIS  A  187       5.1422   1 0 0 1     52      52    0
R   1680  157  LEU  A  184    163  PRO  A  190       6.7900   1 0 0 1    133     133    0
R   1681  157  LEU  A  184    166  VAL  A  193       7.5990   0 0 0 1     35      35    0
R   1683  158  LYS  A  185    154  ALA  A  181       6.3269   1 0 0 0    -66      66    0
R   1684  158  LYS  A  185    155  ILE  A  182       5.3900   1 0 0 0    -24      24    0
R   1685  158  LYS  A  185    156  PHE  A  183       5.5759   1 0 0 0      0       0    0
R   1686  158  LYS  A  185    157  LEU  A  184       3.8932   1 0 0 0    -14      14    0
R   1687  158  LYS  A  185    159  TRP  A  186       3.9063   1 0 0 0     -6       6    0
R   1688  158  LYS  A  185    160  HIS  A  187       5.2536   1 0 0 1     72      72    0
R   1689  159  TRP  A  186    155  ILE  A  182       6.5940   1 0 0 1    136     136    0
R   1690  159  TRP  A  186    156  PHE  A  183       5.1701   1 0 0 1     66      66    0
R   1691  159  TRP  A  186    157  LEU  A  184       5.4576   1 0 0 0      0       0    0
R   1692  159  TRP  A  186    158  LYS  A  185       3.9063   1 0 0 0    -18      18    0
R   1693  159  TRP  A  186    160  HIS  A  187       3.9044   1 0 0 0    -20      20    0
R   1694  159  TRP  A  186    161  VAL  A  188       5.8792   1 0 0 1      9       9    0
R   1695  160  HIS  A  187    156  PHE  A  183       6.7359   1 0 0 1      1       1    0
R   1696  160  HIS  A  187    157  LEU  A  184       5.1422   1 0 0 0     -7       7    0
R   1697  160  HIS  A  187    158  LYS  A  185       5.2536   1 0 0 0     -3       3    0
R   1698  160  HIS  A  187    159  TRP  A  186       3.9044   1 0 0 0    -52      52    0
R   1699  160  HIS  A  187    161  VAL  A  188       3.9007   1 0 0 1      2       2    0
R   1701  161  VAL  A  188    156  PHE  A  183       6.0580   1 0 0 0    -43      43    0
R   1703  161  VAL  A  188    159  TRP  A  186       5.8792   1 0 0 0    -27      27    0
R   1704  161  VAL  A  188    160  HIS  A  187       3.9007   1 0 0 0    -25      25    0
R   1705  161  VAL  A  188    162  PRO  A  189       3.8854   1 0 0 0    -16      16    0
R   1706  161  VAL  A  188    163  PRO  A  190       6.1926   1 0 0 0    -13      13    0
R   1707  161  VAL  A  188    165  LEU  A  192       7.0361   1 0 0 1     76      76    0
R   1708  161  VAL  A  188    166  VAL  A  193       6.9992   1 0 0 1      1       1    0
R   1709  161  VAL  A  188    169  LEU  A  196      10.3558   1 0 0 1     57      57    0
R   1711  162  PRO  A  189    161  VAL  A  188       3.8854   1 0 0 1     21      21    0
R   1712  162  PRO  A  189    163  PRO  A  190       3.8495   1 0 0 0     -5       5    0
R   1713  162  PRO  A  189    164  GLU  A  191       5.6875   1 0 0 0    -21      21    0
R   1714  162  PRO  A  189    165  LEU  A  192       5.4642   1 0 0 1    184     184    0
R   1715  162  PRO  A  189    166  VAL  A  193       6.5868   1 0 0 1     37      37    0
R   1716  163  PRO  A  190    157  LEU  A  184       6.7900   1 0 0 1     87      87    0
R   1717  163  PRO  A  190    161  VAL  A  188       6.1926   1 0 0 0    -25      25    0
R   1718  163  PRO  A  190    162  PRO  A  189       3.8495   1 0 0 1     44      44    0
R   1719  163  PRO  A  190    164  GLU  A  191       3.9018   1 0 0 0    -49      49    0
R   1720  163  PRO  A  190    165  LEU  A  192       5.4324   1 0 0 0      0       0    0
R   1721  163  PRO  A  190    166  VAL  A  193       4.7886   1 0 0 1     26      26    0
R   1722  163  PRO  A  190    167  ARG  A  194       6.3430   1 0 0 1     31      31    0
R   1723  164  GLU  A  191    162  PRO  A  189       5.6875   1 0 0 0    -20      20    0
R   1724  164  GLU  A  191    163  PRO  A  190       3.9018   1 0 0 0   -148     148    0
R   1725  164  GLU  A  191    165  LEU  A  192       3.8883   1 0 0 0    -10      10    0
R   1726  164  GLU  A  191    166  VAL  A  193       5.2001   1 0 0 0      0       0    0
R   1727  164  GLU  A  191    167  ARG  A  194       4.8071   1 0 0 1      3       3    0
R   1728  164  GLU  A  191    168  VAL  A  195       6.4705   1 0 0 1     45      45    0
R   1729  165  LEU  A  192    161  VAL  A  188       7.0361   1 0 0 1     61      61    0
R   1730  165  LEU  A  192    162  PRO  A  189       5.4642   1 0 0 1     83      83    0
R   1731  165  LEU  A  192    163  PRO  A  190       5.4324   1 0 0 0      0       0    0
R   1732  165  LEU  A  192    164  GLU  A  191       3.8883   1 0 0 0    -30      30    0
R   1733  165  LEU  A  192    166  VAL  A  193       3.8970   1 0 0 0     -9       9    0
R   1734  165  LEU  A  192    167  ARG  A  194       5.4492   1 0 0 0      0       0    0
R   1735  165  LEU  A  192    168  VAL  A  195       5.1056   1 0 0 1     38      38    0
R   1736  165  LEU  A  192    169  LEU  A  196       6.0604   1 0 0 1    157     157    0
R   1737  166  VAL  A  193    153  GLU  A  180       6.4114   1 0 0 1    125     125    0
R   1738  166  VAL  A  193    156  PHE  A  183       6.6806   1 0 0 1    123     123    0
R   1739  166  VAL  A  193    157  LEU  A  184       7.5990   0 0 0 1     27      27    0
R   1740  166  VAL  A  193    161  VAL  A  188       6.9992   1 0 0 0    -22      22    0
R   1741  166  VAL  A  193    162  PRO  A  189       6.5868   1 0 0 0    -48      48    0
R   1742  166  VAL  A  193    163  PRO  A  190       4.7886   1 0 0 0    -17      17    0
R   1743  166  VAL  A  193    164  GLU  A  191       5.2001   1 0 0 0      0       0    0
R   1744  166  VAL  A  193    165  LEU  A  192       3.8970   1 0 0 0    -32      32    0
R   1745  166  VAL  A  193    167  ARG  A  194       3.9115   1 0 0 0    -14      14    0
R   1746  166  VAL  A  193    168  VAL  A  195       5.3846   1 0 0 0      0       0    0
R   1747  166  VAL  A  193    169  LEU  A  196       4.7736   1 0 0 1      1       1    0
R   1748  166  VAL  A  193    170  SER  A  197       5.7840   1 0 0 1    196     196    0
R   1749  167  ARG  A  194    153  GLU  A  180       8.1497   0 0 0 1      6       6    0
R   1751  167  ARG  A  194    163  PRO  A  190       6.3430   1 0 0 1     15      15    0
R   1752  167  ARG  A  194    164  GLU  A  191       4.8071   1 0 0 0    -24      24    0
R   1753  167  ARG  A  194    165  LEU  A  192       5.4492   1 0 0 0      0       0    0
R   1754  167  ARG  A  194    166  VAL  A  193       3.9115   1 0 0 0    -36      36    0
R   1755  167  ARG  A  194    168  VAL  A  195       3.8838   1 0 0 0     -7       7    0
R   1756  167  ARG  A  194    169  LEU  A  196       5.6368   1 0 0 0      0       0    0
R   1757  167  ARG  A  194    170  SER  A  197       5.1324   1 0 0 1     83      83    0
R   1758  167  ARG  A  194    171  ALA  A  198       6.0675   1 0 0 1      1       1    0
R   1759  168  VAL  A  195    164  GLU  A  191       6.4705   1 0 0 0    -47      47    0
R   1760  168  VAL  A  195    165  LEU  A  192       5.1056   1 0 0 1      3       3    0
R   1761  168  VAL  A  195    166  VAL  A  193       5.3846   1 0 0 0      0       0    0
R   1762  168  VAL  A  195    167  ARG  A  194       3.8838   1 0 0 0    -24      24    0
R   1763  168  VAL  A  195    169  LEU  A  196       3.9062   1 0 0 0     -1       1    0
R   1764  168  VAL  A  195    170  SER  A  197       5.4340   1 0 0 0      0       0    0
R   1765  168  VAL  A  195    171  ALA  A  198       4.9167   1 0 0 1      1       1    0
R   1766  168  VAL  A  195    172  MET  A  199       5.9835   1 0 0 1    210     210    0
R   1767  169  LEU  A  196    156  PHE  A  183       9.0104   1 0 0 1    153     153    0
R   1768  169  LEU  A  196    161  VAL  A  188      10.3558   1 0 0 1     69      69    0
R   1769  169  LEU  A  196    165  LEU  A  192       6.0604   1 0 0 1      8       8    0
R   1770  169  LEU  A  196    166  VAL  A  193       4.7736   1 0 0 0    -22      22    0
R   1771  169  LEU  A  196    167  ARG  A  194       5.6368   1 0 0 0      0       0    0
R   1772  169  LEU  A  196    168  VAL  A  195       3.9062   1 0 0 0     -8       8    0
R   1773  169  LEU  A  196    170  SER  A  197       3.8875   1 0 0 0    -10      10    0
R   1774  169  LEU  A  196    171  ALA  A  198       5.5327   1 0 0 0      0       0    0
R   1775  169  LEU  A  196    172  MET  A  199       4.9834   1 0 0 0     -4       4    0
R   1776  169  LEU  A  196    173  LEU  A  200       5.9881   1 0 0 1    125     125    0
R   1777  170  SER  A  197    149  ILE  A  176       6.3554   1 0 0 0    -28      28    0
R   1778  170  SER  A  197    153  GLU  A  180       6.7969   1 0 0 1     12      12    0
R   1780  170  SER  A  197    166  VAL  A  193       5.7840   1 0 0 1     66      66    0
R   1781  170  SER  A  197    167  ARG  A  194       5.1324   1 0 0 1    125     125    0
R   1782  170  SER  A  197    168  VAL  A  195       5.4340   1 0 0 0      0       0    0
R   1783  170  SER  A  197    169  LEU  A  196       3.8875   1 0 0 0    -20      20    0
R   1784  170  SER  A  197    171  ALA  A  198       3.8920   1 0 0 1     19      19    0
R   1785  170  SER  A  197    172  MET  A  199       5.4222   1 0 0 0      0       0    0
R   1786  170  SER  A  197    173  LEU  A  200       4.9178   1 0 0 1      1       1    0
R   1787  170  SER  A  197    174  PHE  A  201       5.6740   1 0 0 1    140     140    0
R   1788  171  ALA  A  198    167  ARG  A  194       6.0675   1 0 0 0    -63      63    0
R   1789  171  ALA  A  198    168  VAL  A  195       4.9167   1 0 0 0    -21      21    0
R   1790  171  ALA  A  198    169  LEU  A  196       5.5327   1 0 0 0      0       0    0
R   1791  171  ALA  A  198    170  SER  A  197       3.8920   1 0 0 1     13      13    0
R   1792  171  ALA  A  198    172  MET  A  199       3.8775   1 0 0 0     -7       7    0
R   1793  171  ALA  A  198    173  LEU  A  200       5.5077   1 0 0 0      0       0    0
R   1794  171  ALA  A  198    174  PHE  A  201       4.6826   1 0 0 0    -13      13    0
R   1795  171  ALA  A  198    175  LEU  A  202       6.2443   1 0 0 1     68      68    0
R   1796  172  MET  A  199    168  VAL  A  195       5.9835   1 0 0 1     19      19    0
R   1797  172  MET  A  199    169  LEU  A  196       4.9834   1 0 0 0    -23      23    0
R   1798  172  MET  A  199    170  SER  A  197       5.4222   1 0 0 0      0       0    0
R   1799  172  MET  A  199    171  ALA  A  198       3.8775   1 0 0 0    -18      18    0
R   1800  172  MET  A  199    173  LEU  A  200       3.8601   1 0 0 0     -4       4    0
R   1801  172  MET  A  199    174  PHE  A  201       5.3610   1 0 0 0      0       0    0
R   1802  172  MET  A  199    175  LEU  A  202       5.3264   1 0 0 0    -16      16    0
R   1803  172  MET  A  199    176  LEU  A  203       6.0450   1 0 0 1    180     180    0
R   1804  173  LEU  A  200    149  ILE  A  176       7.7920   1 0 0 1     88      88    0
R   1805  173  LEU  A  200    152  ILE  A  179       9.4491   1 0 0 1    199     199    0
R   1806  173  LEU  A  200    156  PHE  A  183      12.2420   0 0 0 1     37      37    0
R   1807  173  LEU  A  200    169  LEU  A  196       5.9881   1 0 0 0    -18      18    0
R   1808  173  LEU  A  200    170  SER  A  197       4.9178   1 0 0 0    -19      19    0
R   1809  173  LEU  A  200    171  ALA  A  198       5.5077   1 0 0 0      0       0    0
R   1810  173  LEU  A  200    172  MET  A  199       3.8601   1 0 0 0    -11      11    0
R   1811  173  LEU  A  200    174  PHE  A  201       3.9074   1 0 0 0    -14      14    0
R   1812  173  LEU  A  200    175  LEU  A  202       5.5412   1 0 0 0      0       0    0
R   1813  173  LEU  A  200    176  LEU  A  203       4.8872   1 0 0 1      5       5    0
R   1814  173  LEU  A  200    177  ILE  A  204       5.6155   1 0 0 1    260     260    0
R   1816  174  PHE  A  201    145  LEU  A  172       7.2352   1 0 0 1    132     132    0
R   1817  174  PHE  A  201    146  ARG  A  173       7.1021   1 0 0 0   -151     151    0
R   1818  174  PHE  A  201    149  ILE  A  176       7.3727   1 0 0 1     34      34    0
R   1819  174  PHE  A  201    170  SER  A  197       5.6740   1 0 0 0    -19      19    0
R   1820  174  PHE  A  201    171  ALA  A  198       4.6826   1 0 0 0    -46      46    0
R   1821  174  PHE  A  201    172  MET  A  199       5.3610   1 0 0 0      0       0    0
R   1822  174  PHE  A  201    173  LEU  A  200       3.9074   1 0 0 0    -19      19    0
R   1823  174  PHE  A  201    175  LEU  A  202       3.8826   1 0 0 1      7       7    0
R   1824  174  PHE  A  201    176  LEU  A  203       5.7018   1 0 0 0      0       0    0
R   1825  174  PHE  A  201    177  ILE  A  204       5.5907   1 0 0 0    -65      65    0
R   1826  174  PHE  A  201    178  GLY  A  205       6.4764   1 0 0 0      0       0    0
R   1827  174  PHE  A  201    244  TYR  A  271       9.6910   1 0 0 1    126     126    0
R   1828  174  PHE  A  201    247  SER  A  274      10.0948   1 0 0 0     -1       1    0
R   1829  174  PHE  A  201    248  VAL  A  275       9.0358   1 0 0 1    104     104    0
R   1831  175  LEU  A  202    171  ALA  A  198       6.2443   1 0 0 0    -37      37    0
R   1832  175  LEU  A  202    172  MET  A  199       5.3264   1 0 0 0    -34      34    0
R   1833  175  LEU  A  202    173  LEU  A  200       5.5412   1 0 0 0      0       0    0
R   1834  175  LEU  A  202    174  PHE  A  201       3.8826   1 0 0 0     -4       4    0
R   1835  175  LEU  A  202    176  LEU  A  203       3.8906   1 0 0 1     53      53    0
R   1836  175  LEU  A  202    177  ILE  A  204       5.8156   1 0 0 0      0       0    0
R   1837  175  LEU  A  202    179  CYS  A  206       5.7672   1 0 0 0   -148     148    0
R   1838  175  LEU  A  202    244  TYR  A  271       8.5842   1 0 0 1     59      59    0
R   1839  175  LEU  A  202    248  VAL  A  275       7.4984   0 0 0 1     63      63    0
R   1840  176  LEU  A  203    172  MET  A  199       6.0450   1 0 0 1     64      64    0
R   1841  176  LEU  A  203    173  LEU  A  200       4.8872   1 0 0 0    -14      14    0
R   1842  176  LEU  A  203    174  PHE  A  201       5.7018   1 0 0 0      0       0    0
R   1843  176  LEU  A  203    175  LEU  A  202       3.8906   1 0 0 1     31      31    0
R   1844  176  LEU  A  203    177  ILE  A  204       3.8838   1 0 0 0     -5       5    0
R   1845  176  LEU  A  203    178  GLY  A  205       5.4843   1 0 0 0      0       0    0
R   1846  176  LEU  A  203    179  CYS  A  206       4.6961   1 0 0 0     -6       6    0
R   1847  176  LEU  A  203    180  LEU  A  207       5.9410   1 0 0 1    131     131    0
R   1848  177  ILE  A  204    145  LEU  A  172       9.2266   1 0 0 1    127     127    0
R   1849  177  ILE  A  204    149  ILE  A  176       9.6214   0 0 0 1     10      10    0
R   1850  177  ILE  A  204    152  ILE  A  179      12.1080   0 0 0 1      9       9    0
R   1851  177  ILE  A  204    173  LEU  A  200       5.6155   1 0 0 1     51      51    0
R   1852  177  ILE  A  204    174  PHE  A  201       5.5907   1 0 0 0    -45      45    0
R   1853  177  ILE  A  204    175  LEU  A  202       5.8156   1 0 0 0      0       0    0
R   1854  177  ILE  A  204    176  LEU  A  203       3.8838   1 0 0 0    -11      11    0
R   1855  177  ILE  A  204    178  GLY  A  205       3.8429   1 0 0 0    -31      31    0
R   1856  177  ILE  A  204    179  CYS  A  206       5.5053   1 0 0 0      0       0    0
R   1857  177  ILE  A  204    180  LEU  A  207       5.1035   1 0 0 0     -4       4    0
R   1858  177  ILE  A  204    181  LEU  A  208       6.4236   1 0 0 1    107     107    0
R   1860  178  GLY  A  205    174  PHE  A  201       6.4764   1 0 0 0      0       0    0
R   1861  178  GLY  A  205    176  LEU  A  203       5.4843   1 0 0 0      0       0    0
R   1862  178  GLY  A  205    177  ILE  A  204       3.8429   1 0 0 0    -69      69    0
R   1863  178  GLY  A  205    179  CYS  A  206       3.8454   1 0 0 1     10      10    0
R   1864  178  GLY  A  205    180  LEU  A  207       5.1683   1 0 0 0      0       0    0
R   1865  178  GLY  A  205    181  LEU  A  208       4.7931   1 0 0 1      1       1    0
R   1866  178  GLY  A  205    182  PHE  A  209       5.6740   1 0 0 1    122     122    0
R   1867  178  GLY  A  205    244  TYR  A  271       7.1478   1 0 0 1     11      11    0
R   1868  179  CYS  A  206    175  LEU  A  202       5.7672   1 0 0 0    -38      38    0
R   1869  179  CYS  A  206    176  LEU  A  203       4.6961   1 0 0 0    -17      17    0
R   1870  179  CYS  A  206    177  ILE  A  204       5.5053   1 0 0 0      0       0    0
R   1871  179  CYS  A  206    178  GLY  A  205       3.8454   1 0 0 0    -28      28    0
R   1872  179  CYS  A  206    180  LEU  A  207       3.8812   1 0 0 1      6       6    0
R   1873  179  CYS  A  206    181  LEU  A  208       5.5546   1 0 0 0      0       0    0
R   1874  179  CYS  A  206    182  PHE  A  209       5.2578   1 0 0 0      0       0    0
R   1875  179  CYS  A  206    183  VAL  A  210       4.8223   1 0 0 1    132     132    0
R   1876  179  CYS  A  206    184  LEU  A  211       6.3628   1 0 0 1     52      52    0
R   1877  179  CYS  A  206    244  TYR  A  271       8.8873   1 0 0 1     12      12    0
R   1878  180  LEU  A  207    176  LEU  A  203       5.9410   1 0 0 0    -23      23    0
R   1879  180  LEU  A  207    177  ILE  A  204       5.1035   1 0 0 0    -24      24    0
R   1880  180  LEU  A  207    178  GLY  A  205       5.1683   1 0 0 0      0       0    0
R   1881  180  LEU  A  207    179  CYS  A  206       3.8812   1 0 0 0    -37      37    0
R   1882  180  LEU  A  207    181  LEU  A  208       3.8667   1 0 0 1     39      39    0
R   1883  180  LEU  A  207    182  PHE  A  209       5.9159   1 0 0 0      0       0    0
R   1884  180  LEU  A  207    184  LEU  A  211       4.8935   1 0 0 1     74      74    0
R   1885  180  LEU  A  207    185  THR  A  212       5.9169   1 0 0 1    216     216    0
R   1886  181  LEU  A  208    177  ILE  A  204       6.4236   1 0 0 0    -22      22    0
R   1887  181  LEU  A  208    178  GLY  A  205       4.7931   1 0 0 0     -8       8    0
R   1888  181  LEU  A  208    179  CYS  A  206       5.5546   1 0 0 0      0       0    0
R   1889  181  LEU  A  208    180  LEU  A  207       3.8667   1 0 0 1     30      30    0
R   1890  181  LEU  A  208    182  PHE  A  209       3.8865   1 0 0 1     20      20    0
R   1891  181  LEU  A  208    183  VAL  A  210       6.2466   1 0 0 0      0       0    0
R   1892  181  LEU  A  208    185  THR  A  212       5.1532   1 0 0 0    -36      36    0
R   1893  181  LEU  A  208    186  PRO  A  213       7.2430   1 0 0 0    -80      80    0
R   1895  182  PHE  A  209    141  LEU  A  168      12.9737   1 0 0 1     66      66    0
R   1896  182  PHE  A  209    145  LEU  A  172      13.6823   0 0 0 1      7       7    0
R   1897  182  PHE  A  209    178  GLY  A  205       5.6740   1 0 0 0    -32      32    0
R   1898  182  PHE  A  209    179  CYS  A  206       5.2578   1 0 0 0      0       0    0
R   1899  182  PHE  A  209    180  LEU  A  207       5.9159   1 0 0 0      0       0    0
R   1900  182  PHE  A  209    181  LEU  A  208       3.8865   1 0 0 1     11      11    0
R   1901  182  PHE  A  209    183  VAL  A  210       3.8726   1 0 0 1      5       5    0
R   1902  182  PHE  A  209    184  LEU  A  211       6.0832   1 0 0 0      0       0    0
R   1903  182  PHE  A  209    186  PRO  A  213       6.0455   1 0 0 0    -27      27    0
R   1904  182  PHE  A  209    205  VAL  A  232       8.2753   1 0 0 0     -5       5    0
R   1905  182  PHE  A  209    209  LEU  A  236       9.1429   1 0 0 0    -21      21    0
R   1906  182  PHE  A  209    237  TRP  A  264       7.3163   1 0 0 1     85      85    0
R   1907  182  PHE  A  209    240  LEU  A  267       7.8923   1 0 0 1    170     170    0
R   1908  182  PHE  A  209    241  GLY  A  268       5.5896   1 0 0 0     -7       7    0
R   1909  182  PHE  A  209    244  TYR  A  271       8.1937   1 0 0 1    174     174    0
R   1910  182  PHE  A  209    245  PHE  A  272       9.5946   0 0 0 1      1       1    0
R   1911  183  VAL  A  210    179  CYS  A  206       4.8223   1 0 0 0    -34      34    0
R   1912  183  VAL  A  210    181  LEU  A  208       6.2466   1 0 0 0      0       0    0
R   1913  183  VAL  A  210    182  PHE  A  209       3.8726   1 0 0 0     -4       4    0
R   1914  183  VAL  A  210    184  LEU  A  211       3.8794   1 0 0 1      5       5    0
R   1915  183  VAL  A  210    185  THR  A  212       6.2204   1 0 0 0      0       0    0
R   1916  183  VAL  A  210    186  PRO  A  213       6.0909   1 0 0 0     -1       1    0
R   1917  183  VAL  A  210    187  THR  A  214       6.5261   1 0 0 0   -136     136    0
R   1918  183  VAL  A  210    202  ILE  A  229       7.0609   0 0 0 1      3       3    0
R   1919  183  VAL  A  210    205  VAL  A  232       6.5687   1 0 0 1     56      56    0
R   1920  183  VAL  A  210    206  ILE  A  233       7.4711   1 0 0 1     89      89    0
R   1921  183  VAL  A  210    209  LEU  A  236       9.0299   1 0 0 1     15      15    0
R   1922  183  VAL  A  210    244  TYR  A  271      10.4689   0 0 0 1     13      13    0
R   1923  183  VAL  A  210    245  PHE  A  272      10.5525   0 0 0 1     88      88    0
R   1924  184  LEU  A  211    179  CYS  A  206       6.3628   1 0 0 0    -30      30    0
R   1925  184  LEU  A  211    180  LEU  A  207       4.8935   1 0 0 1     39      39    0
R   1926  184  LEU  A  211    182  PHE  A  209       6.0832   1 0 0 0      0       0    0
R   1927  184  LEU  A  211    183  VAL  A  210       3.8794   1 0 0 0    -24      24    0
R   1928  184  LEU  A  211    185  THR  A  212       3.8804   1 0 0 0    -17      17    0
R   1929  184  LEU  A  211    186  PRO  A  213       5.5447   1 0 0 0      0       0    0
R   1930  184  LEU  A  211    187  THR  A  214       5.2064   1 0 0 1    163     163    0
R   1931  184  LEU  A  211    188  PHE  A  215       6.3604   1 0 0 1     85      85    0
R   1932  184  LEU  A  211    202  ILE  A  229       7.6399   0 0 0 1      4       4    0
R   1933  185  THR  A  212    180  LEU  A  207       5.9169   1 0 0 1     86      86    0
R   1934  185  THR  A  212    181  LEU  A  208       5.1532   1 0 0 0    -26      26    0
R   1935  185  THR  A  212    183  VAL  A  210       6.2204   1 0 0 0      0       0    0
R   1936  185  THR  A  212    184  LEU  A  211       3.8804   1 0 0 0    -34      34    0
R   1937  185  THR  A  212    186  PRO  A  213       3.8670   1 0 0 0    -42      42    0
R   1938  185  THR  A  212    187  THR  A  214       5.6653   1 0 0 0      0       0    0
R   1939  185  THR  A  212    188  PHE  A  215       5.4825   1 0 0 0     -3       3    0
R   1940  185  THR  A  212    189  VAL  A  216       6.1486   1 0 0 1    110     110    0
R   1941  186  PRO  A  213    181  LEU  A  208       7.2430   1 0 0 0    -45      45    0
R   1942  186  PRO  A  213    182  PHE  A  209       6.0455   1 0 0 0    -26      26    0
R   1943  186  PRO  A  213    183  VAL  A  210       6.0909   1 0 0 0     -3       3    0
R   1944  186  PRO  A  213    184  LEU  A  211       5.5447   1 0 0 0     -2       2    0
R   1945  186  PRO  A  213    185  THR  A  212       3.8670   1 0 0 0    -69      69    0
R   1946  186  PRO  A  213    187  THR  A  214       3.8886   1 0 0 1      4       4    0
R   1947  186  PRO  A  213    188  PHE  A  215       5.5720   1 0 0 0      0       0    0
R   1948  186  PRO  A  213    189  VAL  A  216       4.8054   1 0 0 1     40      40    0
R   1949  186  PRO  A  213    190  PHE  A  217       5.9234   1 0 0 1    213     213    0
R   1950  186  PRO  A  213    205  VAL  A  232       7.3155   1 0 0 1     55      55    0
R   1951  186  PRO  A  213    237  TRP  A  264       8.2798   1 0 0 0    -67      67    0
R   1952  187  THR  A  214    183  VAL  A  210       6.5261   1 0 0 0    -83      83    0
R   1953  187  THR  A  214    184  LEU  A  211       5.2064   1 0 0 1    143     143    0
R   1954  187  THR  A  214    185  THR  A  212       5.6653   1 0 0 0      0       0    0
R   1955  187  THR  A  214    186  PRO  A  213       3.8886   1 0 0 0    -50      50    0
R   1956  187  THR  A  214    188  PHE  A  215       3.8740   1 0 0 0     -6       6    0
R   1957  187  THR  A  214    189  VAL  A  216       5.3568   1 0 0 0      0       0    0
R   1958  187  THR  A  214    190  PHE  A  217       5.0927   1 0 0 0      0       0    0
R   1959  187  THR  A  214    191  CYS  A  218       5.8016   1 0 0 1    127     127    0
R   1961  187  THR  A  214    201  ALA  A  228       4.8521   1 0 0 0    -28      28    0
R   1962  187  THR  A  214    202  ILE  A  229       5.4150   1 0 0 1     72      72    0
R   1963  187  THR  A  214    205  VAL  A  232       6.7722   1 0 0 1     65      65    0
R   1964  188  PHE  A  215    184  LEU  A  211       6.3604   1 0 0 1     27      27    0
R   1965  188  PHE  A  215    185  THR  A  212       5.4825   1 0 0 0    -29      29    0
R   1966  188  PHE  A  215    186  PRO  A  213       5.5720   1 0 0 0      0       0    0
R   1967  188  PHE  A  215    187  THR  A  214       3.8740   1 0 0 1      2       2    0
R   1968  188  PHE  A  215    189  VAL  A  216       3.8868   1 0 0 0    -22      22    0
R   1969  188  PHE  A  215    190  PHE  A  217       5.6601   1 0 0 0      0       0    0
R   1970  188  PHE  A  215    191  CYS  A  218       4.9752   1 0 0 1      5       5    0
R   1971  188  PHE  A  215    192  TYR  A  219       6.5957   1 0 0 1     33      33    0
R   1972  188  PHE  A  215    198  LYS  A  225       7.0486   0 0 0 1     54      54    0
R   1973  189  VAL  A  216    185  THR  A  212       6.1486   1 0 0 1      1       1    0
R   1974  189  VAL  A  216    186  PRO  A  213       4.8054   1 0 0 0    -16      16    0
R   1975  189  VAL  A  216    187  THR  A  214       5.3568   1 0 0 0      0       0    0
R   1976  189  VAL  A  216    188  PHE  A  215       3.8868   1 0 0 0    -32      32    0
R   1977  189  VAL  A  216    190  PHE  A  217       3.8898   1 0 0 1      9       9    0
R   1978  189  VAL  A  216    191  CYS  A  218       5.5292   1 0 0 0      0       0    0
R   1979  189  VAL  A  216    192  TYR  A  219       5.6586   1 0 0 1     13      13    0
R   1980  189  VAL  A  216    193  MET  A  220       6.0606   1 0 0 1    119     119    0
R   1981  189  VAL  A  216    230  TYR  A  257       9.3551   1 0 0 1    107     107    0
R   1982  189  VAL  A  216    234  VAL  A  261      10.0342   0 0 0 1      2       2    0
R   1983  190  PHE  A  217    186  PRO  A  213       5.9234   1 0 0 1     15      15    0
R   1984  190  PHE  A  217    187  THR  A  214       5.0927   1 0 0 0    -16      16    0
R   1985  190  PHE  A  217    188  PHE  A  215       5.6601   1 0 0 0      0       0    0
R   1986  190  PHE  A  217    189  VAL  A  216       3.8898   1 0 0 1      8       8    0
R   1987  190  PHE  A  217    191  CYS  A  218       3.8915   1 0 0 0    -14      14    0
R   1988  190  PHE  A  217    192  TYR  A  219       5.4514   1 0 0 0      0       0    0
R   1989  190  PHE  A  217    193  MET  A  220       4.8954   1 0 0 0      0       0    0
R   1990  190  PHE  A  217    194  GLU  A  221       5.2480   1 0 0 1    118     118    0
R   1991  190  PHE  A  217    195  ASP  A  222       7.1648   1 0 0 1      3       3    0
R   1992  190  PHE  A  217    196  TRP  A  223       6.9117   1 0 0 1    102     102    0
R   1993  190  PHE  A  217    201  ALA  A  228       5.9840   1 0 0 1     16      16    0
R   1994  190  PHE  A  217    204  PHE  A  231       9.1184   1 0 0 1    112     112    0
R   1995  190  PHE  A  217    205  VAL  A  232       8.9603   1 0 0 1    112     112    0
R   1996  190  PHE  A  217    219  ALA  A  246       7.6421   1 0 0 1     66      66    0
R   1997  190  PHE  A  217    230  TYR  A  257       9.8305   1 0 0 0   -100     100    0
R   1998  190  PHE  A  217    234  VAL  A  261       9.6638   1 0 0 1     70      70    0
R   1999  190  PHE  A  217    237  TRP  A  264      12.0177   1 0 0 1     87      87    0
R   2000  191  CYS  A  218    187  THR  A  214       5.8016   1 0 0 0    -41      41    0
R   2001  191  CYS  A  218    188  PHE  A  215       4.9752   1 0 0 0    -32      32    0
R   2002  191  CYS  A  218    189  VAL  A  216       5.5292   1 0 0 0      0       0    0
R   2003  191  CYS  A  218    190  PHE  A  217       3.8915   1 0 0 0    -48      48    0
R   2004  191  CYS  A  218    192  TYR  A  219       3.8790   1 0 0 0     -3       3    0
R   2005  191  CYS  A  218    193  MET  A  220       5.9445   1 0 0 0      0       0    0
R   2006  191  CYS  A  218    195  ASP  A  222       5.4697   1 0 0 0      0       0    0
R   2007  191  CYS  A  218    196  TRP  A  223       4.9077   1 0 0 0    -45      45    0
R   2009  191  CYS  A  218    198  LYS  A  225       5.7644   1 0 0 1      2       2    0
R   2010  191  CYS  A  218    201  ALA  A  228       5.8648   1 0 0 1     17      17    0
R   2011  192  TYR  A  219    188  PHE  A  215       6.5957   1 0 0 0    -37      37    0
R   2012  192  TYR  A  219    189  VAL  A  216       5.6586   1 0 0 0    -21      21    0
R   2013  192  TYR  A  219    190  PHE  A  217       5.4514   1 0 0 0      0       0    0
R   2014  192  TYR  A  219    191  CYS  A  218       3.8790   1 0 0 0    -44      44    0
R   2015  192  TYR  A  219    193  MET  A  220       3.8691   1 0 0 1     13      13    0
R   2016  192  TYR  A  219    194  GLU  A  221       5.9612   1 0 0 1      3       3    0
R   2017  192  TYR  A  219    195  ASP  A  222       5.3072   0 0 0 1     19      19    0
R   2018  193  MET  A  220    189  VAL  A  216       6.0606   1 0 0 0    -12      12    0
R   2019  193  MET  A  220    190  PHE  A  217       4.8954   1 0 0 0     -3       3    0
R   2020  193  MET  A  220    191  CYS  A  218       5.9445   1 0 0 0      0       0    0
R   2021  193  MET  A  220    192  TYR  A  219       3.8691   1 0 0 0    -25      25    0
R   2022  193  MET  A  220    194  GLU  A  221       3.8958   1 0 0 0    -13      13    0
R   2023  193  MET  A  220    195  ASP  A  222       5.7362   1 0 0 0     -4       4    0
R   2024  193  MET  A  220    227  SER  A  254       8.9347   1 0 0 0    -16      16    0
R   2025  193  MET  A  220    230  TYR  A  257       8.5063   1 0 0 1    179     179    0
R   2026  194  GLU  A  221    190  PHE  A  217       5.2480   1 0 0 0    -11      11    0
R   2027  194  GLU  A  221    192  TYR  A  219       5.9612   1 0 0 0      0       0    0
R   2028  194  GLU  A  221    193  MET  A  220       3.8958   1 0 0 0     -1       1    0
R   2029  194  GLU  A  221    195  ASP  A  222       3.8848   1 0 0 0    -43      43    0
R   2030  194  GLU  A  221    196  TRP  A  223       5.5460   1 0 0 1     93      93    0
R   2032  194  GLU  A  221    219  ALA  A  246       7.0904   1 0 0 0   -102     102    0
R   2033  194  GLU  A  221    230  TYR  A  257      10.7127   1 0 0 1     18      18    0
R   2034  194  GLU  A  221    231  GLN  A  258      11.4311   0 0 0 1      1       1    0
R   2035  195  ASP  A  222    190  PHE  A  217       7.1648   1 0 0 0      0       0    0
R   2036  195  ASP  A  222    191  CYS  A  218       5.4697   1 0 0 1     20      20    0
R   2038  195  ASP  A  222    193  MET  A  220       5.7362   1 0 0 0     -4       4    0
R   2039  195  ASP  A  222    194  GLU  A  221       3.8848   1 0 0 0    -77      77    0
R   2040  195  ASP  A  222    196  TRP  A  223       3.8736   1 0 0 0    -21      21    0
R   2042  196  TRP  A  223    190  PHE  A  217       6.9117   1 0 0 1     74      74    0
R   2043  196  TRP  A  223    191  CYS  A  218       4.9077   1 0 0 0    -71      71    0
R   2044  196  TRP  A  223    194  GLU  A  221       5.5460   1 0 0 1     36      36    0
R   2045  196  TRP  A  223    195  ASP  A  222       3.8736   1 0 0 0    -37      37    0
R   2046  196  TRP  A  223    197  SER  A  224       3.8627   1 0 0 0    -27      27    0
R   2047  196  TRP  A  223    200  GLU  A  227       5.7201   1 0 0 1      1       1    0
R   2048  196  TRP  A  223    201  ALA  A  228       6.0862   1 0 0 1      6       6    0
R   2049  196  TRP  A  223    204  PHE  A  231       9.7860   1 0 0 1    170     170    0
R   2050  196  TRP  A  223    217  TYR  A  244       9.3235   1 0 0 1     66      66    0
R   2051  196  TRP  A  223    218  VAL  A  245      10.7911   1 0 0 0   -102     102    0
R   2052  196  TRP  A  223    219  ALA  A  246      10.4830   1 0 0 0     -8       8    0
R   2054  197  SER  A  224    196  TRP  A  223       3.8627   1 0 0 0      0       0    0
R   2055  197  SER  A  224    198  LYS  A  225       3.8599   1 0 0 1     14      14    0
R   2056  197  SER  A  224    199  LEU  A  226       5.3090   1 0 0 0    -17      17    0
R   2057  197  SER  A  224    200  GLU  A  227       5.0304   1 0 0 1     22      22    0
R   2058  197  SER  A  224    201  ALA  A  228       6.2359   1 0 0 1     50      50    0
R   2059  197  SER  A  224    372  ASP  B  140      10.0330   0 0 0 1     15      15    0
R   2061  198  LYS  A  225    188  PHE  A  215       7.0486   0 0 0 1     45      45    0
R   2062  198  LYS  A  225    191  CYS  A  218       5.7644   1 0 0 1      2       2    0
R   2063  198  LYS  A  225    197  SER  A  224       3.8599   1 0 0 0     -2       2    0
R   2064  198  LYS  A  225    199  LEU  A  226       3.8942   1 0 0 0     -6       6    0
R   2065  198  LYS  A  225    200  GLU  A  227       5.6925   1 0 0 0      0       0    0
R   2066  198  LYS  A  225    201  ALA  A  228       5.2676   1 0 0 0    -11      11    0
R   2067  198  LYS  A  225    202  ILE  A  229       6.4700   1 0 0 1     37      37    0
R   2068  199  LEU  A  226    197  SER  A  224       5.3090   1 0 0 0    -22      22    0
R   2069  199  LEU  A  226    198  LYS  A  225       3.8942   1 0 0 0    -49      49    0
R   2070  199  LEU  A  226    200  GLU  A  227       3.8552   1 0 0 0    -18      18    0
R   2071  199  LEU  A  226    201  ALA  A  228       5.3810   1 0 0 1      5       5    0
R   2072  199  LEU  A  226    202  ILE  A  229       5.3277   1 0 0 1      3       3    0
R   2073  199  LEU  A  226    203  TYR  A  230       6.0837   1 0 0 1    126     126    0
R   2074  199  LEU  A  226    372  ASP  B  140       7.5007   1 0 0 0    -88      88    0
R   2075  199  LEU  A  226    375  ARG  B  143       8.1982   1 0 0 1    118     118    0
R   2076  199  LEU  A  226    376  LEU  B  144       7.3543   1 0 0 1    104     104    0
R   2077  199  LEU  A  226    379  ILE  B  147      10.2069   0 0 0 1      8       8    0
R   2079  200  GLU  A  227    196  TRP  A  223       5.7201   1 0 0 1     13      13    0
R   2080  200  GLU  A  227    197  SER  A  224       5.0304   1 0 0 1     73      73    0
R   2081  200  GLU  A  227    198  LYS  A  225       5.6925   1 0 0 0      0       0    0
R   2082  200  GLU  A  227    199  LEU  A  226       3.8552   1 0 0 0    -28      28    0
R   2083  200  GLU  A  227    201  ALA  A  228       3.8891   1 0 0 0     -6       6    0
R   2084  200  GLU  A  227    202  ILE  A  229       5.8174   1 0 0 0      0       0    0
R   2085  200  GLU  A  227    203  TYR  A  230       5.1346   1 0 0 0    -30      30    0
R   2086  200  GLU  A  227    204  PHE  A  231       6.3080   1 0 0 1     93      93    0
R   2087  200  GLU  A  227    217  TYR  A  244       8.0132   1 0 0 1     52      52    0
R   2090  201  ALA  A  228    187  THR  A  214       4.8521   1 0 0 0   -112     112    0
R   2091  201  ALA  A  228    190  PHE  A  217       5.9840   1 0 0 1     44      44    0
R   2092  201  ALA  A  228    191  CYS  A  218       5.8648   1 0 0 0    -20      20    0
R   2093  201  ALA  A  228    196  TRP  A  223       6.0862   1 0 0 1     11      11    0
R   2094  201  ALA  A  228    197  SER  A  224       6.2359   1 0 0 0    -23      23    0
R   2095  201  ALA  A  228    198  LYS  A  225       5.2676   1 0 0 0    -25      25    0
R   2096  201  ALA  A  228    199  LEU  A  226       5.3810   1 0 0 0      0       0    0
R   2097  201  ALA  A  228    200  GLU  A  227       3.8891   1 0 0 0    -38      38    0
R   2098  201  ALA  A  228    202  ILE  A  229       3.8898   1 0 0 0     -7       7    0
R   2099  201  ALA  A  228    203  TYR  A  230       5.3689   1 0 0 0      0       0    0
R   2100  201  ALA  A  228    204  PHE  A  231       5.1990   1 0 0 0     -4       4    0
R   2101  201  ALA  A  228    205  VAL  A  232       6.2028   1 0 0 1     90      90    0
R   2102  202  ILE  A  229    183  VAL  A  210       7.0609   0 0 0 1      6       6    0
R   2103  202  ILE  A  229    184  LEU  A  211       7.6399   0 0 0 1      4       4    0
R   2104  202  ILE  A  229    187  THR  A  214       5.4150   1 0 0 1     74      74    0
R   2105  202  ILE  A  229    198  LYS  A  225       6.4700   1 0 0 0    -50      50    0
R   2106  202  ILE  A  229    199  LEU  A  226       5.3277   1 0 0 0     -7       7    0
R   2107  202  ILE  A  229    200  GLU  A  227       5.8174   1 0 0 0      0       0    0
R   2108  202  ILE  A  229    201  ALA  A  228       3.8898   1 0 0 0    -34      34    0
R   2109  202  ILE  A  229    203  TYR  A  230       3.8684   1 0 0 0    -14      14    0
R   2110  202  ILE  A  229    204  PHE  A  231       5.5136   1 0 0 0      0       0    0
R   2111  202  ILE  A  229    205  VAL  A  232       5.0203   1 0 0 1      4       4    0
R   2112  202  ILE  A  229    206  ILE  A  233       6.0938   1 0 0 1    232     232    0
R   2113  202  ILE  A  229    379  ILE  B  147       8.5816   1 0 0 1     55      55    0
R   2114  203  TYR  A  230    199  LEU  A  226       6.0837   1 0 0 0    -30      30    0
R   2115  203  TYR  A  230    200  GLU  A  227       5.1346   1 0 0 0    -23      23    0
R   2116  203  TYR  A  230    201  ALA  A  228       5.3689   1 0 0 0      0       0    0
R   2117  203  TYR  A  230    202  ILE  A  229       3.8684   1 0 0 0    -49      49    0
R   2118  203  TYR  A  230    204  PHE  A  231       3.8433   1 0 0 0    -12      12    0
R   2119  203  TYR  A  230    205  VAL  A  232       5.5844   1 0 0 0      0       0    0
R   2120  203  TYR  A  230    206  ILE  A  233       5.4153   1 0 0 0     -3       3    0
R   2121  203  TYR  A  230    207  VAL  A  234       5.9103   1 0 0 1    227     227    0
R   2122  203  TYR  A  230    214  PHE  A  241      10.3512   1 0 0 0   -131     131    0
R   2123  203  TYR  A  230    216  ASP  A  243      10.1639   1 0 0 0    -25      25    0
R   2124  203  TYR  A  230    217  TYR  A  244       8.5023   1 0 0 1     83      83    0
R   2125  203  TYR  A  230    369  LEU  B  137      10.8277   1 0 0 0    -69      69    0
R   2126  203  TYR  A  230    375  ARG  B  143       6.4780   1 0 0 1    137     137    0
R   2127  203  TYR  A  230    378  CYS  B  146       8.2746   1 0 0 1     48      48    0
R   2128  203  TYR  A  230    379  ILE  B  147       6.4740   1 0 0 1     32      32    0
R   2129  204  PHE  A  231    105  TYR  A  132      10.6708   1 0 0 0    -73      73    0
R   2130  204  PHE  A  231    190  PHE  A  217       9.1184   1 0 0 1    169     169    0
R   2131  204  PHE  A  231    196  TRP  A  223       9.7860   1 0 0 1    116     116    0
R   2132  204  PHE  A  231    200  GLU  A  227       6.3080   1 0 0 0    -25      25    0
R   2133  204  PHE  A  231    201  ALA  A  228       5.1990   1 0 0 0    -26      26    0
R   2134  204  PHE  A  231    202  ILE  A  229       5.5136   1 0 0 0      0       0    0
R   2135  204  PHE  A  231    203  TYR  A  230       3.8433   1 0 0 0    -45      45    0
R   2136  204  PHE  A  231    205  VAL  A  232       3.8629   1 0 0 0    -24      24    0
R   2137  204  PHE  A  231    206  ILE  A  233       5.5962   1 0 0 0      0       0    0
R   2138  204  PHE  A  231    207  VAL  A  234       5.0566   1 0 0 1     14      14    0
R   2139  204  PHE  A  231    208  THR  A  235       5.9066   1 0 0 1    163     163    0
R   2140  204  PHE  A  231    217  TYR  A  244       5.9027   1 0 0 0    -86      86    0
R   2141  204  PHE  A  231    218  VAL  A  245       7.1158   1 0 0 0      0       0    0
R   2142  204  PHE  A  231    219  ALA  A  246       8.6241   1 0 0 0    -55      55    0
R   2143  204  PHE  A  231    234  VAL  A  261      12.4075   0 0 0 1      1       1    0
R   2144  204  PHE  A  231    237  TRP  A  264      13.0867   1 0 0 1     34      34    0
R   2145  204  PHE  A  231    238  ILE  A  265      11.5570   0 0 0 1      9       9    0
R   2146  205  VAL  A  232    182  PHE  A  209       8.2753   1 0 0 0    -78      78    0
R   2147  205  VAL  A  232    183  VAL  A  210       6.5687   1 0 0 1     33      33    0
R   2148  205  VAL  A  232    186  PRO  A  213       7.3155   1 0 0 1     31      31    0
R   2149  205  VAL  A  232    187  THR  A  214       6.7722   1 0 0 1     80      80    0
R   2150  205  VAL  A  232    190  PHE  A  217       8.9603   1 0 0 1    116     116    0
R   2151  205  VAL  A  232    201  ALA  A  228       6.2028   1 0 0 0    -32      32    0
R   2152  205  VAL  A  232    202  ILE  A  229       5.0203   1 0 0 0    -23      23    0
R   2153  205  VAL  A  232    203  TYR  A  230       5.5844   1 0 0 0      0       0    0
R   2154  205  VAL  A  232    204  PHE  A  231       3.8629   1 0 0 0    -44      44    0
R   2155  205  VAL  A  232    206  ILE  A  233       3.8481   1 0 0 0    -15      15    0
R   2156  205  VAL  A  232    207  VAL  A  234       5.6740   1 0 0 0      0       0    0
R   2157  205  VAL  A  232    208  THR  A  235       5.1877   1 0 0 0      0       0    0
R   2158  205  VAL  A  232    209  LEU  A  236       6.1699   1 0 0 1    132     132    0
R   2159  205  VAL  A  232    237  TRP  A  264      10.2045   1 0 0 1     39      39    0
R   2160  206  ILE  A  233    183  VAL  A  210       7.4711   1 0 0 1     62      62    0
R   2161  206  ILE  A  233    202  ILE  A  229       6.0938   1 0 0 1     76      76    0
R   2162  206  ILE  A  233    203  TYR  A  230       5.4153   1 0 0 0    -11      11    0
R   2163  206  ILE  A  233    204  PHE  A  231       5.5962   1 0 0 0      0       0    0
R   2164  206  ILE  A  233    205  VAL  A  232       3.8481   1 0 0 1     22      22    0
R   2165  206  ILE  A  233    207  VAL  A  234       3.8895   1 0 0 0     -7       7    0
R   2166  206  ILE  A  233    208  THR  A  235       5.2672   1 0 0 1      2       2    0
R   2167  206  ILE  A  233    209  LEU  A  236       5.1258   1 0 0 1      4       4    0
R   2168  206  ILE  A  233    210  THR  A  237       5.8672   1 0 0 1    257     257    0
R   2169  206  ILE  A  233    245  PHE  A  272      10.6262   0 0 0 1     23      23    0
R   2170  206  ILE  A  233    379  ILE  B  147       6.7745   1 0 0 1    167     167    0
R   2171  206  ILE  A  233    382  ALA  B  150       8.7399   0 0 0 1     11      11    0
R   2172  206  ILE  A  233    383  LEU  B  151       8.5724   1 0 0 1     96      96    0
R   2173  207  VAL  A  234    105  TYR  A  132       9.7427   0 0 0 1     10      10    0
R   2174  207  VAL  A  234    203  TYR  A  230       5.9103   1 0 0 1    103     103    0
R   2175  207  VAL  A  234    204  PHE  A  231       5.0566   1 0 0 0    -11      11    0
R   2176  207  VAL  A  234    205  VAL  A  232       5.6740   1 0 0 0      0       0    0
R   2177  207  VAL  A  234    206  ILE  A  233       3.8895   1 0 0 0     -1       1    0
R   2178  207  VAL  A  234    208  THR  A  235       3.8519   1 0 0 0    -14      14    0
R   2179  207  VAL  A  234    209  LEU  A  236       5.8984   1 0 0 0      0       0    0
R   2180  207  VAL  A  234    210  THR  A  237       5.4107   1 0 0 1     76      76    0
R   2181  207  VAL  A  234    211  THR  A  238       6.2973   1 0 0 0      0       0    0
R   2182  207  VAL  A  234    212  VAL  A  239       5.3923   1 0 0 1     36      36    0
R   2183  207  VAL  A  234    213  GLY  A  240       5.3406   1 0 0 1    118     118    0
R   2184  207  VAL  A  234    214  PHE  A  241       6.8817   1 0 0 0    -46      46    0
R   2189  207  VAL  A  234    379  ILE  B  147       7.3950   0 0 0 1      4       4    0
R   2190  208  THR  A  235    103  ILE  A  130       6.4462   1 0 0 1     11      11    0
R   2191  208  THR  A  235    105  TYR  A  132       8.5094   1 0 0 0    -16      16    0
R   2192  208  THR  A  235    204  PHE  A  231       5.9066   1 0 0 1     26      26    0
R   2193  208  THR  A  235    205  VAL  A  232       5.1877   1 0 0 0      0       0    0
R   2194  208  THR  A  235    206  ILE  A  233       5.2672   1 0 0 0      0       0    0
R   2195  208  THR  A  235    207  VAL  A  234       3.8519   1 0 0 0    -38      38    0
R   2196  208  THR  A  235    209  LEU  A  236       3.8579   1 0 0 1     10      10    0
R   2197  208  THR  A  235    210  THR  A  237       5.4886   1 0 0 0      0       0    0
R   2198  208  THR  A  235    211  THR  A  238       4.9298   1 0 0 1    111     111    0
R   2199  208  THR  A  235    237  TRP  A  264      10.6957   1 0 0 1     43      43    0
R   2200  208  THR  A  235    238  ILE  A  265       7.7295   1 0 0 1    102     102    0
R   2202  209  LEU  A  236    182  PHE  A  209       9.1429   1 0 0 0    -88      88    0
R   2203  209  LEU  A  236    183  VAL  A  210       9.0299   1 0 0 1     28      28    0
R   2204  209  LEU  A  236    205  VAL  A  232       6.1699   1 0 0 1      2       2    0
R   2205  209  LEU  A  236    206  ILE  A  233       5.1258   1 0 0 0     -8       8    0
R   2206  209  LEU  A  236    207  VAL  A  234       5.8984   1 0 0 0      0       0    0
R   2207  209  LEU  A  236    208  THR  A  235       3.8579   1 0 0 0     -5       5    0
R   2208  209  LEU  A  236    210  THR  A  237       3.8728   1 0 0 0     -7       7    0
R   2209  209  LEU  A  236    211  THR  A  238       5.1371   1 0 0 0     -8       8    0
R   2210  209  LEU  A  236    237  TRP  A  264       9.8308   1 0 0 1     77      77    0
R   2212  209  LEU  A  236    241  GLY  A  268       6.4763   1 0 0 0    -10      10    0
R   2213  209  LEU  A  236    242  LEU  A  269       5.5618   1 0 0 0   -119     119    0
R   2214  209  LEU  A  236    245  PHE  A  272       7.6733   1 0 0 1    107     107    0
R   2215  210  THR  A  237    206  ILE  A  233       5.8672   1 0 0 1    114     114    0
R   2216  210  THR  A  237    207  VAL  A  234       5.4107   1 0 0 1     85      85    0
R   2217  210  THR  A  237    208  THR  A  235       5.4886   1 0 0 0      0       0    0
R   2218  210  THR  A  237    209  LEU  A  236       3.8728   1 0 0 0    -23      23    0
R   2219  210  THR  A  237    211  THR  A  238       3.8656   1 0 0 1     93      93    0
R   2220  210  THR  A  237    212  VAL  A  239       5.3658   1 0 0 0    -46      46    0
R   2221  210  THR  A  237    245  PHE  A  272       8.5294   0 0 0 1     32      32    0
R   2222  210  THR  A  237    361  THR  B  129       6.8143   1 0 0 0    -96      96    0
R   2223  210  THR  A  237    382  ALA  B  150       7.6930   1 0 0 1     31      31    0
R   2224  210  THR  A  237    383  LEU  B  151       7.9190   1 0 0 1     55      55    0
R   2225  210  THR  A  237    386  ILE  B  154       8.0412   1 0 0 1     72      72    0
R   2226  211  THR  A  238    101  THR  A  128       7.1043   1 0 0 0    -59      59    0
R   2227  211  THR  A  238    102  THR  A  129       6.0737   1 0 0 0    -56      56    0
R   2228  211  THR  A  238    103  ILE  A  130       4.1768   1 0 0 1      9       9    0
R   2229  211  THR  A  238    207  VAL  A  234       6.2973   1 0 0 0      0       0    0
R   2230  211  THR  A  238    208  THR  A  235       4.9298   1 0 0 1     23      23    0
R   2231  211  THR  A  238    209  LEU  A  236       5.1371   1 0 0 0     -5       5    0
R   2232  211  THR  A  238    210  THR  A  237       3.8656   1 0 0 1     32      32    0
R   2233  211  THR  A  238    212  VAL  A  239       3.8764   1 0 0 1      2       2    0
R   2234  211  THR  A  238    213  GLY  A  240       5.1599   1 0 0 0      0       0    0
R   2235  211  THR  A  238    242  LEU  A  269       8.3371   1 0 0 1    141     141    0
R   2236  211  THR  A  238    361  THR  B  129       6.0194   1 0 0 0    -43      43    0
R   2237  212  VAL  A  239    103  ILE  A  130       5.7363   1 0 0 0    -28      28    0
R   2238  212  VAL  A  239    207  VAL  A  234       5.3923   1 0 0 1      5       5    0
R   2239  212  VAL  A  239    210  THR  A  237       5.3658   1 0 0 0    -85      85    0
R   2240  212  VAL  A  239    211  THR  A  238       3.8764   1 0 0 0    -33      33    0
R   2241  212  VAL  A  239    213  GLY  A  240       3.8466   1 0 0 0    -36      36    0
R   2242  212  VAL  A  239    214  PHE  A  241       5.8092   1 0 0 1    119     119    0
R   2244  212  VAL  A  239    358  ILE  B  126       6.0957   1 0 0 0    -55      55    0
R   2245  212  VAL  A  239    361  THR  B  129       4.2557   1 0 0 0      0       0    0
R   2246  212  VAL  A  239    362  ILE  B  130       5.5449   1 0 0 0   -113     113    0
R   2247  212  VAL  A  239    363  GLY  B  131       4.4600   1 0 0 0     -5       5    0
R   2248  212  VAL  A  239    382  ALA  B  150       8.7019   0 0 0 1      9       9    0
R   2249  212  VAL  A  239    386  ILE  B  154       9.4440   1 0 0 1     27      27    0
R   2250  213  GLY  A  240    103  ILE  A  130       4.5971   1 0 0 0    -49      49    0
R   2251  213  GLY  A  240    104  GLY  A  131       5.8487   1 0 0 0    -69      69    0
R   2252  213  GLY  A  240    105  TYR  A  132       4.8198   1 0 0 0      0       0    0
R   2253  213  GLY  A  240    207  VAL  A  234       5.3406   1 0 0 1     43      43    0
R   2254  213  GLY  A  240    211  THR  A  238       5.1599   1 0 0 0      0       0    0
R   2255  213  GLY  A  240    212  VAL  A  239       3.8466   1 0 0 0    -66      66    0
R   2256  213  GLY  A  240    214  PHE  A  241       3.8451   1 0 0 0     -5       5    0
R   2257  213  GLY  A  240    215  GLY  A  242       5.4137   1 0 0 1      7       7    0
R   2259  214  PHE  A  241    105  TYR  A  132       5.5337   1 0 0 0    -73      73    0
R   2260  214  PHE  A  241    203  TYR  A  230      10.3512   1 0 0 0   -117     117    0
R   2261  214  PHE  A  241    207  VAL  A  234       6.8817   1 0 0 1     48      48    0
R   2262  214  PHE  A  241    212  VAL  A  239       5.8092   1 0 0 1     80      80    0
R   2263  214  PHE  A  241    213  GLY  A  240       3.8451   1 0 0 0    -24      24    0
R   2264  214  PHE  A  241    215  GLY  A  242       3.8706   1 0 0 0    -17      17    0
R   2265  214  PHE  A  241    216  ASP  A  243       5.6169   1 0 0 0    -62      62    0
R   2266  214  PHE  A  241    354  PHE  B  122      10.5136   1 0 0 1    161     161    0
R   2268  214  PHE  A  241    358  ILE  B  126       8.8038   1 0 0 1     83      83    0
R   2269  214  PHE  A  241    363  GLY  B  131       4.9597   1 0 0 0    -19      19    0
R   2271  214  PHE  A  241    365  GLY  B  133       4.3083   1 0 0 0    -21      21    0
R   2272  214  PHE  A  241    368  ALA  B  136       7.3230   0 0 0 1      9       9    0
R   2273  214  PHE  A  241    378  CYS  B  146      11.1467   1 0 0 0      0       0    0
R   2274  215  GLY  A  242    105  TYR  A  132       3.9606   1 0 0 0    -11      11    0
R   2275  215  GLY  A  242    107  ASN  A  134       5.2528   1 0 0 0    -64      64    0
R   2277  215  GLY  A  242    213  GLY  A  240       5.4137   1 0 0 0      0       0    0
R   2278  215  GLY  A  242    214  PHE  A  241       3.8706   1 0 0 0    -29      29    0
R   2279  215  GLY  A  242    216  ASP  A  243       3.8517   1 0 0 1      1       1    0
R   2280  215  GLY  A  242    217  TYR  A  244       5.1649   1 0 0 1      7       7    0
R   2281  215  GLY  A  242    218  VAL  A  245       5.8570   1 0 0 0    -49      49    0
R   2282  216  ASP  A  243    203  TYR  A  230      10.1639   1 0 0 1     30      30    0
R   2284  216  ASP  A  243    214  PHE  A  241       5.6169   1 0 0 0    -53      53    0
R   2285  216  ASP  A  243    215  GLY  A  242       3.8517   1 0 0 0    -30      30    0
R   2286  216  ASP  A  243    217  TYR  A  244       3.8658   1 0 0 0     -9       9    0
R   2288  216  ASP  A  243    368  ALA  B  136       6.2015   1 0 0 1     41      41    0
R   2289  216  ASP  A  243    369  LEU  B  137       8.2134   0 0 0 1      1       1    0
R   2290  216  ASP  A  243    375  ARG  B  143      10.8760   0 0 0 1      1       1    0
R   2292  217  TYR  A  244    196  TRP  A  223       9.3235   1 0 0 0    -82      82    0
R   2293  217  TYR  A  244    200  GLU  A  227       8.0132   1 0 0 1     84      84    0
R   2294  217  TYR  A  244    203  TYR  A  230       8.5023   1 0 0 1     72      72    0
R   2295  217  TYR  A  244    204  PHE  A  231       5.9027   1 0 0 1     10      10    0
R   2297  217  TYR  A  244    215  GLY  A  242       5.1649   1 0 0 1      3       3    0
R   2298  217  TYR  A  244    216  ASP  A  243       3.8658   1 0 0 0    -87      87    0
R   2299  217  TYR  A  244    218  VAL  A  245       3.8777   1 0 0 0    -25      25    0
R   2300  217  TYR  A  244    375  ARG  B  143      11.3128   1 0 0 0     -2       2    0
R   2301  218  VAL  A  245     94  PHE  A  121      10.9718   1 0 0 1     80      80    0
R   2302  218  VAL  A  245    105  TYR  A  132       7.3474   1 0 0 1    126     126    0
R   2303  218  VAL  A  245    107  ASN  A  134       7.5001   1 0 0 0    -47      47    0
R   2305  218  VAL  A  245    196  TRP  A  223      10.7911   1 0 0 0    -71      71    0
R   2306  218  VAL  A  245    204  PHE  A  231       7.1158   1 0 0 1      1       1    0
R   2307  218  VAL  A  245    215  GLY  A  242       5.8570   1 0 0 0    -43      43    0
R   2308  218  VAL  A  245    217  TYR  A  244       3.8777   1 0 0 0    -24      24    0
R   2309  218  VAL  A  245    219  ALA  A  246       3.8786   1 0 0 0    -12      12    0
R   2310  218  VAL  A  245    220  GLY  A  247       5.0953   1 0 0 0    -57      57    0
R   2311  219  ALA  A  246     94  PHE  A  121      10.3194   0 0 0 1      7       7    0
R   2312  219  ALA  A  246    190  PHE  A  217       7.6421   1 0 0 1     52      52    0
R   2313  219  ALA  A  246    194  GLU  A  221       7.0904   1 0 0 0    -76      76    0
R   2314  219  ALA  A  246    196  TRP  A  223      10.4830   1 0 0 0     -8       8    0
R   2315  219  ALA  A  246    204  PHE  A  231       8.6241   1 0 0 1      2       2    0
R   2316  219  ALA  A  246    218  VAL  A  245       3.8786   1 0 0 0    -23      23    0
R   2317  219  ALA  A  246    220  GLY  A  247       3.8332   1 0 0 0     -8       8    0
R   2318  219  ALA  A  246    221  ALA  A  248       6.1992   1 0 0 1     18      18    0
R   2319  219  ALA  A  246    230  TYR  A  257       9.5984   1 0 0 0    -62      62    0
R   2320  219  ALA  A  246    231  GLN  A  258       7.9244   0 0 0 1     52      52    0
R   2321  219  ALA  A  246    234  VAL  A  261       7.5145   1 0 0 1    133     133    0
R   2322  220  GLY  A  247     91  SER  A  118       7.4278   0 0 0 1     22      22    0
R   2323  220  GLY  A  247     94  PHE  A  121       7.7425   1 0 0 0    -99      99    0
R   2324  220  GLY  A  247    107  ASN  A  134       8.6561   0 0 0 1      6       6    0
R   2325  220  GLY  A  247    218  VAL  A  245       5.0953   1 0 0 0    -18      18    0
R   2326  220  GLY  A  247    219  ALA  A  246       3.8332   1 0 0 0    -34      34    0
R   2327  220  GLY  A  247    221  ALA  A  248       3.8437   1 0 0 0    -41      41    0
R   2328  220  GLY  A  247    222  ASP  A  249       5.5142   1 0 0 0      0       0    0
R   2330  221  ALA  A  248     91  SER  A  118       5.8405   1 0 0 1     75      75    0
R   2331  221  ALA  A  248     94  PHE  A  121       6.1589   1 0 0 1    110     110    0
R   2332  221  ALA  A  248    219  ALA  A  246       6.1992   1 0 0 0     -1       1    0
R   2333  221  ALA  A  248    220  GLY  A  247       3.8437   1 0 0 0    -55      55    0
R   2334  221  ALA  A  248    222  ASP  A  249       3.8725   1 0 0 1      1       1    0
R   2335  221  ALA  A  248    223  PRO  A  250       6.4391   1 0 0 0    -36      36    0
R   2336  221  ALA  A  248    231  GLN  A  258       4.9534   1 0 0 1     32      32    0
R   2337  221  ALA  A  248    234  VAL  A  261       7.3277   0 0 0 1      4       4    0
R   2338  221  ALA  A  248    235  TRP  A  262       7.4104   1 0 0 0   -141     141    0
R   2339  222  ASP  A  249     83  SER  A  110       7.2835   1 0 0 0   -159     159    0
R   2341  222  ASP  A  249     85  SER  A  112       8.2853   1 0 0 0    -32      32    0
R   2344  222  ASP  A  249     91  SER  A  118       5.8358   1 0 0 1     88      88    0
R   2345  222  ASP  A  249    220  GLY  A  247       5.5142   1 0 0 0     -3       3    0
R   2346  222  ASP  A  249    221  ALA  A  248       3.8725   1 0 0 0    -24      24    0
R   2347  222  ASP  A  249    223  PRO  A  250       3.8800   1 0 0 0    -98      98    0
R   2348  222  ASP  A  249    224  ARG  A  251       6.3209   1 0 0 1     20      20    0
R   2349  222  ASP  A  249    231  GLN  A  258       6.9168   1 0 0 0    -69      69    0
R   2352  223  PRO  A  250     88  ASP  A  115       9.1713   1 0 0 0   -111     111    0
R   2355  223  PRO  A  250    221  ALA  A  248       6.4391   1 0 0 0    -32      32    0
R   2356  223  PRO  A  250    222  ASP  A  249       3.8800   1 0 0 0    -51      51    0
R   2357  223  PRO  A  250    224  ARG  A  251       3.8876   1 0 0 0    -73      73    0
R   2358  223  PRO  A  250    231  GLN  A  258       6.8865   0 0 0 1     28      28    0
R   2359  223  PRO  A  250    235  TRP  A  262      12.0401   0 0 0 1      6       6    0
R   2360  224  ARG  A  251    222  ASP  A  249       6.3209   1 0 0 1     31      31    0
R   2361  224  ARG  A  251    223  PRO  A  250       3.8876   1 0 0 0    -91      91    0
R   2362  224  ARG  A  251    225  GLN  A  252       3.8883   1 0 0 0    -39      39    0
R   2364  224  ARG  A  251    228  PRO  A  255       5.7210   1 0 0 0   -128     128    0
R   2366  225  GLN  A  252    224  ARG  A  251       3.8883   1 0 0 0    -44      44    0
R   2367  225  GLN  A  252    226  ASP  A  253       3.8904   1 0 0 0   -138     138    0
R   2368  225  GLN  A  252    227  SER  A  254       4.9222   1 0 0 1     13      13    0
R   2369  225  GLN  A  252    228  PRO  A  255       4.2834   1 0 0 1     57      57    0
R   2371  226  ASP  A  253    225  GLN  A  252       3.8904   1 0 0 0   -150     150    0
R   2372  226  ASP  A  253    227  SER  A  254       3.8593   1 0 0 1     96      96    0
R   2373  226  ASP  A  253    228  PRO  A  255       6.2074   1 0 0 0     -8       8    0
R   2374  227  SER  A  254    193  MET  A  220       8.9347   1 0 0 0    -46      46    0
R   2375  227  SER  A  254    225  GLN  A  252       4.9222   1 0 0 1      2       2    0
R   2376  227  SER  A  254    226  ASP  A  253       3.8593   1 0 0 1     17      17    0
R   2377  227  SER  A  254    228  PRO  A  255       3.8649   1 0 0 0    -48      48    0
R   2378  227  SER  A  254    229  ALA  A  256       5.4196   1 0 0 1     21      21    0
R   2379  227  SER  A  254    230  TYR  A  257       5.8417   1 0 0 1     19      19    0
R   2380  228  PRO  A  255    224  ARG  A  251       5.7210   1 0 0 0    -84      84    0
R   2381  228  PRO  A  255    225  GLN  A  252       4.2834   1 0 0 1     26      26    0
R   2382  228  PRO  A  255    226  ASP  A  253       6.2074   1 0 0 0     -6       6    0
R   2383  228  PRO  A  255    227  SER  A  254       3.8649   1 0 0 0    -30      30    0
R   2384  228  PRO  A  255    229  ALA  A  256       3.8609   1 0 0 1      6       6    0
R   2385  228  PRO  A  255    230  TYR  A  257       5.4482   1 0 0 1     37      37    0
R   2387  228  PRO  A  255    232  PRO  A  259       8.0059   1 0 0 0   -104     104    0
R   2388  229  ALA  A  256    227  SER  A  254       5.4196   1 0 0 1      7       7    0
R   2389  229  ALA  A  256    228  PRO  A  255       3.8609   1 0 0 0    -60      60    0
R   2390  229  ALA  A  256    230  TYR  A  257       3.9152   1 0 0 1      5       5    0
R   2391  229  ALA  A  256    231  GLN  A  258       6.2209   1 0 0 0      0       0    0
R   2392  229  ALA  A  256    232  PRO  A  259       5.8085   1 0 0 0     -3       3    0
R   2393  229  ALA  A  256    233  LEU  A  260       6.6022   1 0 0 0    -94      94    0
R   2394  230  TYR  A  257    189  VAL  A  216       9.3551   1 0 0 1     74      74    0
R   2395  230  TYR  A  257    190  PHE  A  217       9.8305   1 0 0 0   -118     118    0
R   2396  230  TYR  A  257    193  MET  A  220       8.5063   1 0 0 1    192     192    0
R   2397  230  TYR  A  257    194  GLU  A  221      10.7127   1 0 0 1     54      54    0
R   2398  230  TYR  A  257    219  ALA  A  246       9.5984   1 0 0 0    -31      31    0
R   2399  230  TYR  A  257    227  SER  A  254       5.8417   1 0 0 0    -57      57    0
R   2400  230  TYR  A  257    228  PRO  A  255       5.4482   1 0 0 0      0       0    0
R   2401  230  TYR  A  257    229  ALA  A  256       3.9152   1 0 0 0    -26      26    0
R   2402  230  TYR  A  257    231  GLN  A  258       3.8911   1 0 0 0   -152     152    0
R   2403  230  TYR  A  257    232  PRO  A  259       5.5573   1 0 0 0      0       0    0
R   2404  230  TYR  A  257    233  LEU  A  260       5.3725   1 0 0 1     20      20    0
R   2405  230  TYR  A  257    234  VAL  A  261       6.3711   1 0 0 1    149     149    0
R   2406  231  GLN  A  258    194  GLU  A  221      11.4311   0 0 0 1      1       1    0
R   2407  231  GLN  A  258    219  ALA  A  246       7.9244   0 0 0 1     32      32    0
R   2408  231  GLN  A  258    221  ALA  A  248       4.9534   1 0 0 0     -4       4    0
R   2409  231  GLN  A  258    222  ASP  A  249       6.9168   1 0 0 0   -128     128    0
R   2410  231  GLN  A  258    223  PRO  A  250       6.8865   0 0 0 1     18      18    0
R   2413  231  GLN  A  258    229  ALA  A  256       6.2209   1 0 0 0      0       0    0
R   2414  231  GLN  A  258    230  TYR  A  257       3.8911   1 0 0 0   -149     149    0
R   2415  231  GLN  A  258    232  PRO  A  259       3.8713   1 0 0 0    -24      24    0
R   2416  231  GLN  A  258    233  LEU  A  260       5.4824   1 0 0 0      0       0    0
R   2417  231  GLN  A  258    234  VAL  A  261       5.0084   1 0 0 0     -5       5    0
R   2418  231  GLN  A  258    235  TRP  A  262       6.4677   1 0 0 1     51      51    0
R   2419  232  PRO  A  259    228  PRO  A  255       8.0059   1 0 0 0    -93      93    0
R   2420  232  PRO  A  259    229  ALA  A  256       5.8085   1 0 0 0     -3       3    0
R   2421  232  PRO  A  259    230  TYR  A  257       5.5573   1 0 0 0     -4       4    0
R   2422  232  PRO  A  259    231  GLN  A  258       3.8713   1 0 0 0    -61      61    0
R   2423  232  PRO  A  259    233  LEU  A  260       3.8804   1 0 0 1      3       3    0
R   2424  232  PRO  A  259    234  VAL  A  261       5.6116   1 0 0 0      0       0    0
R   2425  232  PRO  A  259    235  TRP  A  262       5.5401   1 0 0 1     75      75    0
R   2426  232  PRO  A  259    236  PHE  A  263       6.6488   1 0 0 1     54      54    0
R   2427  233  LEU  A  260    229  ALA  A  256       6.6022   1 0 0 0    -54      54    0
R   2428  233  LEU  A  260    230  TYR  A  257       5.3725   1 0 0 0    -13      13    0
R   2429  233  LEU  A  260    231  GLN  A  258       5.4824   1 0 0 0      0       0    0
R   2430  233  LEU  A  260    232  PRO  A  259       3.8804   1 0 0 0    -65      65    0
R   2431  233  LEU  A  260    234  VAL  A  261       3.9236   1 0 0 0     -3       3    0
R   2432  233  LEU  A  260    235  TRP  A  262       5.5547   1 0 0 0      0       0    0
R   2433  233  LEU  A  260    236  PHE  A  263       5.0674   1 0 0 1     93      93    0
R   2434  233  LEU  A  260    237  TRP  A  264       6.0300   1 0 0 1     97      97    0
R   2435  234  VAL  A  261     94  PHE  A  121       9.9449   0 0 0 1     33      33    0
R   2436  234  VAL  A  261    189  VAL  A  216      10.0342   0 0 0 1      4       4    0
R   2437  234  VAL  A  261    190  PHE  A  217       9.6638   1 0 0 1     77      77    0
R   2438  234  VAL  A  261    204  PHE  A  231      12.4075   0 0 0 1      3       3    0
R   2439  234  VAL  A  261    219  ALA  A  246       7.5145   1 0 0 1    104     104    0
R   2442  234  VAL  A  261    230  TYR  A  257       6.3711   1 0 0 1     87      87    0
R   2443  234  VAL  A  261    231  GLN  A  258       5.0084   1 0 0 0    -73      73    0
R   2444  234  VAL  A  261    232  PRO  A  259       5.6116   1 0 0 0      0       0    0
R   2445  234  VAL  A  261    233  LEU  A  260       3.9236   1 0 0 0    -27      27    0
R   2446  234  VAL  A  261    235  TRP  A  262       3.9053   1 0 0 0    -17      17    0
R   2447  234  VAL  A  261    236  PHE  A  263       5.4563   1 0 0 0      0       0    0
R   2448  234  VAL  A  261    237  TRP  A  264       5.0550   1 0 0 1      8       8    0
R   2449  234  VAL  A  261    238  ILE  A  265       6.6152   1 0 0 1     89      89    0
R   2451  235  TRP  A  262     93  PHE  A  120       9.5992   1 0 0 1    132     132    0
R   2452  235  TRP  A  262     94  PHE  A  121       7.4497   1 0 0 1     28      28    0
R   2453  235  TRP  A  262    221  ALA  A  248       7.4104   1 0 0 0    -77      77    0
R   2454  235  TRP  A  262    223  PRO  A  250      12.0401   0 0 0 1      6       6    0
R   2455  235  TRP  A  262    231  GLN  A  258       6.4677   1 0 0 1     12      12    0
R   2456  235  TRP  A  262    232  PRO  A  259       5.5401   1 0 0 1    101     101    0
R   2457  235  TRP  A  262    233  LEU  A  260       5.5547   1 0 0 0      0       0    0
R   2458  235  TRP  A  262    234  VAL  A  261       3.9053   1 0 0 0    -49      49    0
R   2459  235  TRP  A  262    236  PHE  A  263       3.8629   1 0 0 0     -9       9    0
R   2460  235  TRP  A  262    237  TRP  A  264       5.6698   1 0 0 1      3       3    0
R   2461  235  TRP  A  262    238  ILE  A  265       5.9198   1 0 0 1     16      16    0
R   2462  235  TRP  A  262    239  LEU  A  266       7.0876   1 0 0 1     25      25    0
R   2463  236  PHE  A  263    232  PRO  A  259       6.6488   1 0 0 0    -42      42    0
R   2464  236  PHE  A  263    233  LEU  A  260       5.0674   1 0 0 1     43      43    0
R   2465  236  PHE  A  263    234  VAL  A  261       5.4563   1 0 0 0      0       0    0
R   2466  236  PHE  A  263    235  TRP  A  262       3.8629   1 0 0 0    -39      39    0
R   2467  236  PHE  A  263    237  TRP  A  264       3.8803   1 0 0 0    -10      10    0
R   2468  236  PHE  A  263    238  ILE  A  265       5.7565   1 0 0 0      0       0    0
R   2469  236  PHE  A  263    239  LEU  A  266       5.4971   1 0 0 1     25      25    0
R   2470  236  PHE  A  263    240  LEU  A  267       6.5772   1 0 0 1    169     169    0
R   2471  236  PHE  A  263    268  LEU  B   36      11.4808   0 0 0 1     35      35    0
R   2473  237  TRP  A  264    182  PHE  A  209       7.3163   1 0 0 1     87      87    0
R   2474  237  TRP  A  264    186  PRO  A  213       8.2798   1 0 0 1     42      42    0
R   2475  237  TRP  A  264    190  PHE  A  217      12.0177   1 0 0 1    110     110    0
R   2476  237  TRP  A  264    204  PHE  A  231      13.0867   1 0 0 1     25      25    0
R   2477  237  TRP  A  264    205  VAL  A  232      10.2045   1 0 0 1    109     109    0
R   2478  237  TRP  A  264    208  THR  A  235      10.6957   1 0 0 1     44      44    0
R   2479  237  TRP  A  264    209  LEU  A  236       9.8308   1 0 0 1     77      77    0
R   2480  237  TRP  A  264    233  LEU  A  260       6.0300   1 0 0 0    -30      30    0
R   2481  237  TRP  A  264    234  VAL  A  261       5.0550   1 0 0 0    -17      17    0
R   2482  237  TRP  A  264    235  TRP  A  262       5.6698   1 0 0 0      0       0    0
R   2483  237  TRP  A  264    236  PHE  A  263       3.8803   1 0 0 0    -35      35    0
R   2484  237  TRP  A  264    238  ILE  A  265       3.8687   1 0 0 1    138     138    0
R   2485  237  TRP  A  264    239  LEU  A  266       5.4687   1 0 0 0      0       0    0
R   2486  237  TRP  A  264    240  LEU  A  267       5.2275   1 0 0 1     11      11    0
R   2487  237  TRP  A  264    241  GLY  A  268       5.8551   1 0 0 1    187     187    0
R   2488  238  ILE  A  265     94  PHE  A  121      11.0413   0 0 0 1     81      81    0
R   2489  238  ILE  A  265    101  THR  A  128       8.7200   1 0 0 1     28      28    0
R   2490  238  ILE  A  265    103  ILE  A  130       9.9970   1 0 0 1     91      91    0
R   2492  238  ILE  A  265    204  PHE  A  231      11.5570   0 0 0 1      6       6    0
R   2493  238  ILE  A  265    208  THR  A  235       7.7295   1 0 0 1     83      83    0
R   2494  238  ILE  A  265    209  LEU  A  236       6.9092   0 0 0 1      1       1    0
R   2495  238  ILE  A  265    234  VAL  A  261       6.6152   1 0 0 0    -34      34    0
R   2496  238  ILE  A  265    235  TRP  A  262       5.9198   1 0 0 0    -28      28    0
R   2497  238  ILE  A  265    236  PHE  A  263       5.7565   1 0 0 0      0       0    0
R   2498  238  ILE  A  265    237  TRP  A  264       3.8687   1 0 0 1     64      64    0
R   2499  238  ILE  A  265    239  LEU  A  266       3.8629   1 0 0 0    -15      15    0
R   2500  238  ILE  A  265    240  LEU  A  267       5.6160   1 0 0 0      0       0    0
R   2501  238  ILE  A  265    241  GLY  A  268       5.0238   1 0 0 0      0       0    0
R   2502  238  ILE  A  265    242  LEU  A  269       5.9300   1 0 0 1    188     188    0
R   2504  239  LEU  A  266    130  PHE  A  157       9.6609   1 0 0 1     90      90    0
R   2505  239  LEU  A  266    133  LEU  A  160       9.3565   1 0 0 1    112     112    0
R   2506  239  LEU  A  266    134  LEU  A  161       7.3412   1 0 0 1     25      25    0
R   2507  239  LEU  A  266    137  VAL  A  164       8.5056   0 0 0 1     74      74    0
R   2508  239  LEU  A  266    235  TRP  A  262       7.0876   1 0 0 0     -7       7    0
R   2509  239  LEU  A  266    236  PHE  A  263       5.4971   1 0 0 1     19      19    0
R   2510  239  LEU  A  266    237  TRP  A  264       5.4687   1 0 0 0      0       0    0
R   2511  239  LEU  A  266    238  ILE  A  265       3.8629   1 0 0 0    -63      63    0
R   2512  239  LEU  A  266    240  LEU  A  267       3.8927   1 0 0 1     17      17    0
R   2513  239  LEU  A  266    241  GLY  A  268       5.6045   1 0 0 0      0       0    0
R   2514  239  LEU  A  266    242  LEU  A  269       5.5113   1 0 0 0    -13      13    0
R   2515  239  LEU  A  266    243  ALA  A  270       6.2301   1 0 0 1     90      90    0
R   2516  239  LEU  A  266    268  LEU  B   36      10.6172   1 0 0 1    111     111    0
R   2517  240  LEU  A  267    137  VAL  A  164       7.6911   0 0 0 1     70      70    0
R   2518  240  LEU  A  267    141  LEU  A  168       8.1881   0 0 0 1     43      43    0
R   2519  240  LEU  A  267    182  PHE  A  209       7.8923   1 0 0 1    114     114    0
R   2520  240  LEU  A  267    236  PHE  A  263       6.5772   1 0 0 1     69      69    0
R   2521  240  LEU  A  267    237  TRP  A  264       5.2275   1 0 0 0    -13      13    0
R   2522  240  LEU  A  267    238  ILE  A  265       5.6160   1 0 0 0      0       0    0
R   2523  240  LEU  A  267    239  LEU  A  266       3.8927   1 0 0 0     -9       9    0
R   2524  240  LEU  A  267    241  GLY  A  268       3.8542   1 0 0 0    -10      10    0
R   2525  240  LEU  A  267    242  LEU  A  269       5.7098   1 0 0 0      0       0    0
R   2526  240  LEU  A  267    243  ALA  A  270       5.1371   1 0 0 0     -6       6    0
R   2527  240  LEU  A  267    244  TYR  A  271       6.0716   1 0 0 1     99      99    0
R   2528  241  GLY  A  268    182  PHE  A  209       5.5896   1 0 0 0     -2       2    0
R   2529  241  GLY  A  268    209  LEU  A  236       6.4763   1 0 0 0    -13      13    0
R   2530  241  GLY  A  268    237  TRP  A  264       5.8551   1 0 0 1     65      65    0
R   2531  241  GLY  A  268    238  ILE  A  265       5.0238   1 0 0 0      0       0    0
R   2532  241  GLY  A  268    239  LEU  A  266       5.6045   1 0 0 0      0       0    0
R   2533  241  GLY  A  268    240  LEU  A  267       3.8542   1 0 0 0    -20      20    0
R   2534  241  GLY  A  268    242  LEU  A  269       3.8472   1 0 0 1      8       8    0
R   2535  241  GLY  A  268    243  ALA  A  270       5.4058   1 0 0 0      0       0    0
R   2536  241  GLY  A  268    244  TYR  A  271       4.9717   1 0 0 0     -4       4    0
R   2537  241  GLY  A  268    245  PHE  A  272       6.4428   1 0 0 1     72      72    0
R   2538  242  LEU  A  269    101  THR  A  128       8.5831   1 0 0 1     80      80    0
R   2539  242  LEU  A  269    103  ILE  A  130      10.4827   1 0 0 1      8       8    0
R   2540  242  LEU  A  269    130  PHE  A  157      11.0208   0 0 0 1     44      44    0
R   2541  242  LEU  A  269    134  LEU  A  161       7.3926   1 0 0 1     64      64    0
R   2543  242  LEU  A  269    209  LEU  A  236       5.5618   1 0 0 0   -110     110    0
R   2544  242  LEU  A  269    211  THR  A  238       8.3371   1 0 0 1    101     101    0
R   2545  242  LEU  A  269    238  ILE  A  265       5.9300   1 0 0 1     38      38    0
R   2546  242  LEU  A  269    239  LEU  A  266       5.5113   1 0 0 0     -6       6    0
R   2547  242  LEU  A  269    240  LEU  A  267       5.7098   1 0 0 0      0       0    0
R   2548  242  LEU  A  269    241  GLY  A  268       3.8472   1 0 0 0    -16      16    0
R   2549  242  LEU  A  269    243  ALA  A  270       3.8588   1 0 0 0    -11      11    0
R   2550  242  LEU  A  269    244  TYR  A  271       5.4298   1 0 0 0      0       0    0
R   2551  242  LEU  A  269    245  PHE  A  272       5.2588   1 0 0 0     -7       7    0
R   2552  242  LEU  A  269    246  ALA  A  273       6.4365   1 0 0 1     81      81    0
R   2553  243  ALA  A  270    134  LEU  A  161       5.4198   1 0 0 1     29      29    0
R   2554  243  ALA  A  270    137  VAL  A  164       6.1774   1 0 0 1    120     120    0
R   2555  243  ALA  A  270    138  GLY  A  165       4.4327   1 0 0 0    -45      45    0
R   2556  243  ALA  A  270    141  LEU  A  168       7.8700   0 0 0 1     17      17    0
R   2557  243  ALA  A  270    239  LEU  A  266       6.2301   1 0 0 0    -43      43    0
R   2558  243  ALA  A  270    240  LEU  A  267       5.1371   1 0 0 0    -26      26    0
R   2559  243  ALA  A  270    241  GLY  A  268       5.4058   1 0 0 0      0       0    0
R   2560  243  ALA  A  270    242  LEU  A  269       3.8588   1 0 0 0    -38      38    0
R   2561  243  ALA  A  270    244  TYR  A  271       3.8742   1 0 0 0     -3       3    0
R   2562  243  ALA  A  270    245  PHE  A  272       5.5577   1 0 0 0      0       0    0
R   2563  243  ALA  A  270    246  ALA  A  273       5.1501   1 0 0 0    -91      91    0
R   2564  243  ALA  A  270    247  SER  A  274       6.8322   1 0 0 1     69      69    0
R   2565  244  TYR  A  271    141  LEU  A  168       7.6368   0 0 0 1     19      19    0
R   2566  244  TYR  A  271    145  LEU  A  172      10.1277   1 0 0 1     79      79    0
R   2567  244  TYR  A  271    174  PHE  A  201       9.6910   1 0 0 1    110     110    0
R   2568  244  TYR  A  271    175  LEU  A  202       8.5842   1 0 0 1    115     115    0
R   2569  244  TYR  A  271    178  GLY  A  205       7.1478   1 0 0 0     -3       3    0
R   2570  244  TYR  A  271    179  CYS  A  206       8.8873   1 0 0 0    -11      11    0
R   2571  244  TYR  A  271    182  PHE  A  209       8.1937   1 0 0 1    138     138    0
R   2572  244  TYR  A  271    183  VAL  A  210      10.4689   0 0 0 1      8       8    0
R   2573  244  TYR  A  271    240  LEU  A  267       6.0716   1 0 0 0    -31      31    0
R   2574  244  TYR  A  271    241  GLY  A  268       4.9717   1 0 0 0    -27      27    0
R   2575  244  TYR  A  271    242  LEU  A  269       5.4298   1 0 0 0      0       0    0
R   2576  244  TYR  A  271    243  ALA  A  270       3.8742   1 0 0 0    -40      40    0
R   2577  244  TYR  A  271    245  PHE  A  272       3.8991   1 0 0 1     40      40    0
R   2578  244  TYR  A  271    246  ALA  A  273       5.5469   1 0 0 1      7       7    0
R   2579  244  TYR  A  271    247  SER  A  274       5.7592   1 0 0 1      9       9    0
R   2580  244  TYR  A  271    248  VAL  A  275       6.8462   1 0 0 0    -38      38    0
R   2581  245  PHE  A  272    183  VAL  A  210      10.5525   0 0 0 1     71      71    0
R   2582  245  PHE  A  272    206  ILE  A  233      10.6262   0 0 0 1     30      30    0
R   2583  245  PHE  A  272    209  LEU  A  236       7.6733   1 0 0 1    109     109    0
R   2584  245  PHE  A  272    210  THR  A  237       8.5294   0 0 0 1     35      35    0
R   2585  245  PHE  A  272    241  GLY  A  268       6.4428   1 0 0 0    -20      20    0
R   2586  245  PHE  A  272    242  LEU  A  269       5.2588   1 0 0 0    -41      41    0
R   2587  245  PHE  A  272    243  ALA  A  270       5.5577   1 0 0 0      0       0    0
R   2588  245  PHE  A  272    244  TYR  A  271       3.8991   1 0 0 1     22      22    0
R   2589  245  PHE  A  272    246  ALA  A  273       3.9036   1 0 0 0     -1       1    0
R   2590  245  PHE  A  272    247  SER  A  274       5.7247   1 0 0 0      0       0    0
R   2591  245  PHE  A  272    248  VAL  A  275       5.2209   1 0 0 1     51      51    0
R   2592  245  PHE  A  272    249  LEU  A  276       5.8529   1 0 0 1    247     247    0
R   2593  245  PHE  A  272    383  LEU  B  151      11.0928   0 0 0 1     99      99    0
R   2594  246  ALA  A  273    134  LEU  A  161       7.9421   0 0 0 1     39      39    0
R   2597  246  ALA  A  273    242  LEU  A  269       6.4365   1 0 0 0    -18      18    0
R   2598  246  ALA  A  273    243  ALA  A  270       5.1501   1 0 0 0    -49      49    0
R   2599  246  ALA  A  273    244  TYR  A  271       5.5469   1 0 0 0      0       0    0
R   2600  246  ALA  A  273    245  PHE  A  272       3.9036   1 0 0 0    -41      41    0
R   2601  246  ALA  A  273    247  SER  A  274       3.9085   1 0 0 0    -13      13    0
R   2602  246  ALA  A  273    248  VAL  A  275       5.4477   1 0 0 1      2       2    0
R   2603  246  ALA  A  273    249  LEU  A  276       5.2639   1 0 0 0     -1       1    0
R   2604  246  ALA  A  273    250  THR  A  277       5.9885   1 0 0 1    192     192    0
R   2605  247  SER  A  274    138  GLY  A  165       5.8340   1 0 0 1    143     143    0
R   2606  247  SER  A  274    139  ASP  A  166       7.0004   0 0 0 1      2       2    0
R   2607  247  SER  A  274    142  GLY  A  169       6.5593   0 0 0 1      1       1    0
R   2608  247  SER  A  274    146  ARG  A  173      10.9223   1 0 0 1     25      25    0
R   2609  247  SER  A  274    174  PHE  A  201      10.0948   1 0 0 0     -1       1    0
R   2610  247  SER  A  274    243  ALA  A  270       6.8322   1 0 0 1     42      42    0
R   2611  247  SER  A  274    244  TYR  A  271       5.7592   1 0 0 0      0       0    0
R   2612  247  SER  A  274    245  PHE  A  272       5.7247   1 0 0 0      0       0    0
R   2613  247  SER  A  274    246  ALA  A  273       3.9085   1 0 0 0    -36      36    0
R   2614  247  SER  A  274    248  VAL  A  275       3.8873   1 0 0 1      5       5    0
R   2615  247  SER  A  274    249  LEU  A  276       5.9963   1 0 0 0      0       0    0
R   2616  247  SER  A  274    250  THR  A  277       5.7128   1 0 0 1     79      79    0
R   2617  247  SER  A  274    251  THR  A  278       6.7847   1 0 0 1     12      12    0
R   2618  248  VAL  A  275    174  PHE  A  201       9.0358   1 0 0 1    102     102    0
R   2619  248  VAL  A  275    175  LEU  A  202       7.4984   0 0 0 1     67      67    0
R   2620  248  VAL  A  275    244  TYR  A  271       6.8462   1 0 0 0     -2       2    0
R   2621  248  VAL  A  275    245  PHE  A  272       5.2209   1 0 0 0    -15      15    0
R   2622  248  VAL  A  275    246  ALA  A  273       5.4477   1 0 0 0      0       0    0
R   2623  248  VAL  A  275    247  SER  A  274       3.8873   1 0 0 0    -24      24    0
R   2624  248  VAL  A  275    249  LEU  A  276       3.8570   1 0 0 1     54      54    0
R   2625  248  VAL  A  275    250  THR  A  277       5.5737   1 0 0 0      0       0    0
R   2626  248  VAL  A  275    251  THR  A  278       5.4960   1 0 0 1    116     116    0
R   2627  248  VAL  A  275    252  ILE  A  279       6.2667   1 0 0 1     79      79    0
R   2628  249  LEU  A  276    245  PHE  A  272       5.8529   1 0 0 1     54      54    0
R   2629  249  LEU  A  276    246  ALA  A  273       5.2639   1 0 0 0     -8       8    0
R   2630  249  LEU  A  276    247  SER  A  274       5.9963   1 0 0 0      0       0    0
R   2631  249  LEU  A  276    248  VAL  A  275       3.8570   1 0 0 1     53      53    0
R   2632  249  LEU  A  276    250  THR  A  277       3.9171   1 0 0 0      0       0    0
R   2633  249  LEU  A  276    251  THR  A  278       5.6147   1 0 0 0      0       0    0
R   2634  249  LEU  A  276    252  ILE  A  279       4.9873   1 0 0 1     82      82    0
R   2635  249  LEU  A  276    253  GLY  A  280       5.5447   1 0 0 1    151     151    0
R   2636  249  LEU  A  276    387  PRO  B  155       7.7697   1 0 0 1    101     101    0
R   2637  250  THR  A  277    246  ALA  A  273       5.9885   1 0 0 1     54      54    0
R   2638  250  THR  A  277    247  SER  A  274       5.7128   1 0 0 1     85      85    0
R   2639  250  THR  A  277    248  VAL  A  275       5.5737   1 0 0 0      0       0    0
R   2640  250  THR  A  277    249  LEU  A  276       3.9171   1 0 0 0    -32      32    0
R   2641  250  THR  A  277    251  THR  A  278       3.9191   1 0 0 1     14      14    0
R   2642  250  THR  A  277    252  ILE  A  279       5.5854   1 0 0 0      0       0    0
R   2643  250  THR  A  277    253  GLY  A  280       4.8218   1 0 0 0      0       0    0
R   2644  250  THR  A  277    254  ASN  A  281       5.6711   1 0 0 1    102     102    0
R   2647  251  THR  A  278    247  SER  A  274       6.7847   1 0 0 0    -42      42    0
R   2648  251  THR  A  278    248  VAL  A  275       5.4960   1 0 0 1    103     103    0
R   2649  251  THR  A  278    249  LEU  A  276       5.6147   1 0 0 0      0       0    0
R   2650  251  THR  A  278    250  THR  A  277       3.9191   1 0 0 0    -23      23    0
R   2651  251  THR  A  278    252  ILE  A  279       3.9178   1 0 0 1      7       7    0
R   2652  251  THR  A  278    253  GLY  A  280       5.4546   1 0 0 0      0       0    0
R   2653  251  THR  A  278    254  ASN  A  281       4.9159   1 0 0 0     -9       9    0
R   2654  251  THR  A  278    255  TRP  A  282       6.1483   1 0 0 1     92      92    0
R   2655  252  ILE  A  279    248  VAL  A  275       6.2667   1 0 0 1     40      40    0
R   2656  252  ILE  A  279    249  LEU  A  276       4.9873   1 0 0 1     55      55    0
R   2657  252  ILE  A  279    250  THR  A  277       5.5854   1 0 0 0      0       0    0
R   2658  252  ILE  A  279    251  THR  A  278       3.9178   1 0 0 0     -9       9    0
R   2659  252  ILE  A  279    253  GLY  A  280       3.8944   1 0 0 0     -1       1    0
R   2660  252  ILE  A  279    254  ASN  A  281       5.5594   1 0 0 0      0       0    0
R   2661  252  ILE  A  279    255  TRP  A  282       5.3355   1 0 0 1     49      49    0
R   2662  252  ILE  A  279    256  LEU  A  283       6.2279   1 0 0 1    188     188    0
R   2663  252  ILE  A  279    387  PRO  B  155       8.8799   0 0 0 1     37      37    0
R   2664  253  GLY  A  280    249  LEU  A  276       5.5447   1 0 0 1     63      63    0
R   2665  253  GLY  A  280    250  THR  A  277       4.8218   1 0 0 0      0       0    0
R   2666  253  GLY  A  280    251  THR  A  278       5.4546   1 0 0 0      0       0    0
R   2667  253  GLY  A  280    252  ILE  A  279       3.8944   1 0 0 0    -17      17    0
R   2668  253  GLY  A  280    254  ASN  A  281       3.8946   1 0 0 1      2       2    0
R   2669  253  GLY  A  280    255  TRP  A  282       5.6413   1 0 0 0      0       0    0
R   2670  253  GLY  A  280    256  LEU  A  283       5.2600   1 0 0 0     -4       4    0
R   2671  253  GLY  A  280    257  ARG  A  284       6.2707   1 0 0 0    -67      67    0
R   2673  254  ASN  A  281    250  THR  A  277       5.6711   1 0 0 0    -32      32    0
R   2674  254  ASN  A  281    251  THR  A  278       4.9159   1 0 0 0    -17      17    0
R   2675  254  ASN  A  281    252  ILE  A  279       5.5594   1 0 0 0      0       0    0
R   2676  254  ASN  A  281    253  GLY  A  280       3.8946   1 0 0 0    -13      13    0
R   2677  254  ASN  A  281    255  TRP  A  282       3.8939   1 0 0 0    -11      11    0
R   2678  254  ASN  A  281    256  LEU  A  283       5.6921   1 0 0 0      0       0    0
R   2679  254  ASN  A  281    257  ARG  A  284       5.6287   1 0 0 0    -11      11    0
R   2680  254  ASN  A  281    258  VAL  A  285       6.3092   1 0 0 0   -168     168    0
R   2681  255  TRP  A  282    251  THR  A  278       6.1483   1 0 0 0    -29      29    0
R   2682  255  TRP  A  282    252  ILE  A  279       5.3355   1 0 0 1     30      30    0
R   2683  255  TRP  A  282    253  GLY  A  280       5.6413   1 0 0 0      0       0    0
R   2684  255  TRP  A  282    254  ASN  A  281       3.8939   1 0 0 0    -28      28    0
R   2685  255  TRP  A  282    256  LEU  A  283       3.9196   1 0 0 1    183     183    0
R   2686  255  TRP  A  282    257  ARG  A  284       5.8183   1 0 0 0      0       0    0
R   2687  255  TRP  A  282    258  VAL  A  285       5.4552   1 0 0 1      2       2    0
R   2688  255  TRP  A  282    259  VAL  A  286       6.1029   1 0 0 0    -76      76    0
R   2689  256  LEU  A  283    252  ILE  A  279       6.2279   1 0 0 1     43      43    0
R   2690  256  LEU  A  283    253  GLY  A  280       5.2600   1 0 0 0    -19      19    0
R   2691  256  LEU  A  283    254  ASN  A  281       5.6921   1 0 0 0      0       0    0
R   2692  256  LEU  A  283    255  TRP  A  282       3.9196   1 0 0 1     79      79    0
R   2693  256  LEU  A  283    257  ARG  A  284       3.9079   1 0 0 0     -5       5    0
R   2694  256  LEU  A  283    258  VAL  A  285       5.7326   1 0 0 0      0       0    0
R   2695  256  LEU  A  283    259  VAL  A  286       5.3411   1 0 0 0    -50      50    0
R   2696  256  LEU  A  283    387  PRO  B  155       9.6691   0 0 0 1     37      37    0
R   2697  256  LEU  A  283    391  ILE  B  159       8.2913   0 0 0 1     73      73    0
R   2699  257  ARG  A  284    253  GLY  A  280       6.2707   1 0 0 0    -49      49    0
R   2700  257  ARG  A  284    254  ASN  A  281       5.6287   1 0 0 0    -36      36    0
R   2701  257  ARG  A  284    255  TRP  A  282       5.8183   1 0 0 0      0       0    0
R   2702  257  ARG  A  284    256  LEU  A  283       3.9079   1 0 0 0    -46      46    0
R   2703  257  ARG  A  284    258  VAL  A  285       3.9363   1 0 0 1      3       3    0
R   2704  257  ARG  A  284    259  VAL  A  286       5.6385   1 0 0 0    -15      15    0
R   2705  257  ARG  A  284    391  ILE  B  159       7.0933   0 0 0 1     21      21    0
R   2706  257  ARG  A  284    394  ALA  B  162       9.4010   1 0 0 0   -109     109    0
R   2707  257  ARG  A  284    398  ASP  B  166      12.6070   0 0 0 1     64      64    0
R   2708  258  VAL  A  285    254  ASN  A  281       6.3092   1 0 0 0   -134     134    0
R   2709  258  VAL  A  285    255  TRP  A  282       5.4552   1 0 0 0    -35      35    0
R   2710  258  VAL  A  285    256  LEU  A  283       5.7326   1 0 0 0      0       0    0
R   2711  258  VAL  A  285    257  ARG  A  284       3.9363   1 0 0 0     -3       3    0
R   2712  258  VAL  A  285    259  VAL  A  286       3.9174   1 0 0 0    -50      50    0
R   2713  259  VAL  A  286    255  TRP  A  282       6.1029   1 0 0 0   -117     117    0
R   2714  259  VAL  A  286    256  LEU  A  283       5.3411   1 0 0 0    -21      21    0
R   2715  259  VAL  A  286    257  ARG  A  284       5.6385   1 0 0 0    -20      20    0
R   2716  259  VAL  A  286    258  VAL  A  285       3.9174   1 0 0 0    -75      75    0
R   2717  260  ARG  B   28    261  SER  B   29       3.8733   1 0 0 1     10      10    0
R   2718  260  ARG  B   28    262  THR  B   30       5.4891   1 0 0 0     -8       8    0
R   2719  260  ARG  B   28    263  THR  B   31       5.3345   1 0 0 1     67      67    0
R   2720  260  ARG  B   28    264  LEU  B   32       5.9503   1 0 0 1     76      76    0
R   2721  261  SER  B   29    140  ARG  A  167       8.3714   0 0 0 1    111     111    0
R   2722  261  SER  B   29    260  ARG  B   28       3.8733   1 0 0 0     -1       1    0
R   2723  261  SER  B   29    262  THR  B   30       3.8832   1 0 0 1      2       2    0
R   2724  261  SER  B   29    263  THR  B   31       5.5777   1 0 0 0      0       0    0
R   2725  261  SER  B   29    264  LEU  B   32       4.8341   1 0 0 0    -13      13    0
R   2726  261  SER  B   29    265  LEU  B   33       6.2215   1 0 0 1     84      84    0
R   2727  262  THR  B   30    260  ARG  B   28       5.4891   1 0 0 0     -1       1    0
R   2728  262  THR  B   30    261  SER  B   29       3.8832   1 0 0 0    -42      42    0
R   2729  262  THR  B   30    263  THR  B   31       3.8863   1 0 0 1     18      18    0
R   2730  262  THR  B   30    264  LEU  B   32       5.5305   1 0 0 0      0       0    0
R   2731  262  THR  B   30    265  LEU  B   33       5.5635   1 0 0 0    -14      14    0
R   2732  262  THR  B   30    266  ALA  B   34       6.2596   1 0 0 1    120     120    0
R   2733  263  THR  B   31    260  ARG  B   28       5.3345   1 0 0 1    110     110    0
R   2734  263  THR  B   31    261  SER  B   29       5.5777   1 0 0 0      0       0    0
R   2735  263  THR  B   31    262  THR  B   30       3.8863   1 0 0 0     -3       3    0
R   2736  263  THR  B   31    264  LEU  B   32       3.8761   1 0 0 1      6       6    0
R   2737  263  THR  B   31    265  LEU  B   33       5.5649   1 0 0 0      0       0    0
R   2738  263  THR  B   31    266  ALA  B   34       4.9199   1 0 0 0     -3       3    0
R   2739  263  THR  B   31    267  LEU  B   35       5.8757   1 0 0 1    146     146    0
R   2741  264  LEU  B   32    136  GLY  A  163       6.5458   1 0 0 0    -56      56    0
R   2742  264  LEU  B   32    137  VAL  A  164       7.4296   1 0 0 1     59      59    0
R   2743  264  LEU  B   32    140  ARG  A  167       8.7983   1 0 0 1    164     164    0
R   2744  264  LEU  B   32    260  ARG  B   28       5.9503   1 0 0 0    -35      35    0
R   2745  264  LEU  B   32    261  SER  B   29       4.8341   1 0 0 0    -29      29    0
R   2746  264  LEU  B   32    262  THR  B   30       5.5305   1 0 0 0      0       0    0
R   2747  264  LEU  B   32    263  THR  B   31       3.8761   1 0 0 0    -18      18    0
R   2748  264  LEU  B   32    265  LEU  B   33       3.8765   1 0 0 0    -10      10    0
R   2749  264  LEU  B   32    266  ALA  B   34       5.5868   1 0 0 0      0       0    0
R   2750  264  LEU  B   32    267  LEU  B   35       5.0398   1 0 0 0     -8       8    0
R   2751  264  LEU  B   32    268  LEU  B   36       6.2660   1 0 0 1    156     156    0
R   2752  265  LEU  B   33    261  SER  B   29       6.2215   1 0 0 0    -15      15    0
R   2753  265  LEU  B   33    262  THR  B   30       5.5635   1 0 0 0    -16      16    0
R   2754  265  LEU  B   33    263  THR  B   31       5.5649   1 0 0 0      0       0    0
R   2755  265  LEU  B   33    264  LEU  B   32       3.8765   1 0 0 0    -15      15    0
R   2756  265  LEU  B   33    266  ALA  B   34       3.8594   1 0 0 0    -23      23    0
R   2757  265  LEU  B   33    267  LEU  B   35       5.2206   1 0 0 0      0       0    0
R   2758  265  LEU  B   33    268  LEU  B   36       4.8452   1 0 0 1     22      22    0
R   2759  265  LEU  B   33    269  ALA  B   37       6.1621   1 0 0 1    209     209    0
R   2760  266  ALA  B   34    262  THR  B   30       6.2596   1 0 0 0    -19      19    0
R   2761  266  ALA  B   34    263  THR  B   31       4.9199   1 0 0 0    -20      20    0
R   2762  266  ALA  B   34    264  LEU  B   32       5.5868   1 0 0 0      0       0    0
R   2763  266  ALA  B   34    265  LEU  B   33       3.8594   1 0 0 0    -37      37    0
R   2764  266  ALA  B   34    267  LEU  B   35       3.8759   1 0 0 0    -11      11    0
R   2765  266  ALA  B   34    268  LEU  B   36       5.5551   1 0 0 0      0       0    0
R   2766  266  ALA  B   34    269  ALA  B   37       5.1808   1 0 0 0    -11      11    0
R   2767  266  ALA  B   34    270  LEU  B   38       6.0673   1 0 0 1     97      97    0
R   2768  267  LEU  B   35    129  LEU  A  156       8.7780   1 0 0 1     68      68    0
R   2769  267  LEU  B   35    132  ILE  A  159       8.5664   1 0 0 1    128     128    0
R   2770  267  LEU  B   35    133  LEU  A  160       6.3910   1 0 0 1     30      30    0
R   2772  267  LEU  B   35    263  THR  B   31       5.8757   1 0 0 0    -12      12    0
R   2773  267  LEU  B   35    264  LEU  B   32       5.0398   1 0 0 0    -28      28    0
R   2774  267  LEU  B   35    265  LEU  B   33       5.2206   1 0 0 0      0       0    0
R   2775  267  LEU  B   35    266  ALA  B   34       3.8759   1 0 0 0    -22      22    0
R   2776  267  LEU  B   35    268  LEU  B   36       3.8656   1 0 0 0     -4       4    0
R   2777  267  LEU  B   35    269  ALA  B   37       5.4883   1 0 0 0      0       0    0
R   2778  267  LEU  B   35    270  LEU  B   38       4.8789   1 0 0 1     86      86    0
R   2779  267  LEU  B   35    271  VAL  B   39       6.1630   1 0 0 1    132     132    0
R   2780  268  LEU  B   36    133  LEU  A  160       6.9446   1 0 0 1    100     100    0
R   2781  268  LEU  B   36    137  VAL  A  164       9.2481   0 0 0 1     14      14    0
R   2782  268  LEU  B   36    236  PHE  A  263      11.4808   0 0 0 1     31      31    0
R   2783  268  LEU  B   36    239  LEU  A  266      10.6172   1 0 0 1     87      87    0
R   2784  268  LEU  B   36    264  LEU  B   32       6.2660   1 0 0 1     25      25    0
R   2785  268  LEU  B   36    265  LEU  B   33       4.8452   1 0 0 0    -20      20    0
R   2786  268  LEU  B   36    266  ALA  B   34       5.5551   1 0 0 0      0       0    0
R   2787  268  LEU  B   36    267  LEU  B   35       3.8656   1 0 0 0    -37      37    0
R   2788  268  LEU  B   36    269  ALA  B   37       3.8781   1 0 0 0      0       0    0
R   2789  268  LEU  B   36    270  LEU  B   38       5.4363   1 0 0 0      0       0    0
R   2790  268  LEU  B   36    271  VAL  B   39       5.2668   1 0 0 1     21      21    0
R   2791  268  LEU  B   36    272  LEU  B   40       6.0007   1 0 0 1    118     118    0
R   2792  269  ALA  B   37    265  LEU  B   33       6.1621   1 0 0 1     33      33    0
R   2793  269  ALA  B   37    266  ALA  B   34       5.1808   1 0 0 0    -19      19    0
R   2794  269  ALA  B   37    267  LEU  B   35       5.4883   1 0 0 0      0       0    0
R   2795  269  ALA  B   37    268  LEU  B   36       3.8781   1 0 0 0     -8       8    0
R   2796  269  ALA  B   37    270  LEU  B   38       3.8796   1 0 0 0     -9       9    0
R   2797  269  ALA  B   37    271  VAL  B   39       5.6329   1 0 0 0      0       0    0
R   2798  269  ALA  B   37    272  LEU  B   40       4.9768   1 0 0 0     -2       2    0
R   2799  269  ALA  B   37    273  LEU  B   41       6.1434   1 0 0 1     84      84    0
R   2800  270  LEU  B   38    129  LEU  A  156       9.1558   1 0 0 1    155     155    0
R   2801  270  LEU  B   38    266  ALA  B   34       6.0673   1 0 0 0    -13      13    0
R   2802  270  LEU  B   38    267  LEU  B   35       4.8789   1 0 0 1     30      30    0
R   2803  270  LEU  B   38    268  LEU  B   36       5.4363   1 0 0 0      0       0    0
R   2804  270  LEU  B   38    269  ALA  B   37       3.8796   1 0 0 0    -34      34    0
R   2805  270  LEU  B   38    271  VAL  B   39       3.8779   1 0 0 0    -10      10    0
R   2806  270  LEU  B   38    272  LEU  B   40       5.5141   1 0 0 0      0       0    0
R   2807  270  LEU  B   38    273  LEU  B   41       5.2862   1 0 0 0     -1       1    0
R   2808  270  LEU  B   38    274  TYR  B   42       6.0905   1 0 0 1    182     182    0
R   2809  271  VAL  B   39    100  ILE  A  127       9.3633   1 0 0 1    101     101    0
R   2810  271  VAL  B   39    129  LEU  A  156       7.4174   1 0 0 1    107     107    0
R   2811  271  VAL  B   39    130  PHE  A  157       6.9109   1 0 0 1     47      47    0
R   2812  271  VAL  B   39    133  LEU  A  160       8.0646   1 0 0 1    105     105    0
R   2813  271  VAL  B   39    267  LEU  B   35       6.1630   1 0 0 0    -25      25    0
R   2814  271  VAL  B   39    268  LEU  B   36       5.2668   1 0 0 0     -1       1    0
R   2815  271  VAL  B   39    269  ALA  B   37       5.6329   1 0 0 0      0       0    0
R   2816  271  VAL  B   39    270  LEU  B   38       3.8779   1 0 0 0    -24      24    0
R   2817  271  VAL  B   39    272  LEU  B   40       3.8731   1 0 0 0    -16      16    0
R   2818  271  VAL  B   39    273  LEU  B   41       5.4805   1 0 0 0      0       0    0
R   2819  271  VAL  B   39    274  TYR  B   42       4.6923   1 0 0 0     -5       5    0
R   2820  271  VAL  B   39    275  LEU  B   43       6.2030   1 0 0 1    156     156    0
R   2821  272  LEU  B   40     93  PHE  A  120       9.2016   1 0 0 1     81      81    0
R   2822  272  LEU  B   40    268  LEU  B   36       6.0007   1 0 0 0    -14      14    0
R   2823  272  LEU  B   40    269  ALA  B   37       4.9768   1 0 0 0    -24      24    0
R   2824  272  LEU  B   40    270  LEU  B   38       5.5141   1 0 0 0      0       0    0
R   2825  272  LEU  B   40    271  VAL  B   39       3.8731   1 0 0 0    -40      40    0
R   2826  272  LEU  B   40    273  LEU  B   41       3.8975   1 0 0 1     28      28    0
R   2827  272  LEU  B   40    274  TYR  B   42       5.3884   1 0 0 0      0       0    0
R   2828  272  LEU  B   40    275  LEU  B   43       5.2290   1 0 0 1      3       3    0
R   2829  272  LEU  B   40    276  VAL  B   44       6.1514   1 0 0 1    130     130    0
R   2830  273  LEU  B   41    269  ALA  B   37       6.1434   1 0 0 0    -19      19    0
R   2831  273  LEU  B   41    270  LEU  B   38       5.2862   1 0 0 0    -19      19    0
R   2832  273  LEU  B   41    271  VAL  B   39       5.4805   1 0 0 0      0       0    0
R   2833  273  LEU  B   41    272  LEU  B   40       3.8975   1 0 0 1     21      21    0
R   2834  273  LEU  B   41    274  TYR  B   42       3.8702   1 0 0 0    -10      10    0
R   2835  273  LEU  B   41    275  LEU  B   43       5.4319   1 0 0 0      0       0    0
R   2836  273  LEU  B   41    276  VAL  B   44       4.8892   1 0 0 1     48      48    0
R   2837  273  LEU  B   41    277  SER  B   45       5.7515   1 0 0 1    191     191    0
R   2838  274  TYR  B   42    100  ILE  A  127       9.7059   1 0 0 1     39      39    0
R   2839  274  TYR  B   42    121  PHE  A  148      12.2149   0 0 0 1      1       1    0
R   2840  274  TYR  B   42    122  TYR  A  149       8.9732   1 0 0 1    293     293    0
R   2841  274  TYR  B   42    125  VAL  A  152       9.6489   1 0 0 1      6       6    0
R   2842  274  TYR  B   42    126  GLY  A  153       7.5483   1 0 0 1     36      36    0
R   2843  274  TYR  B   42    129  LEU  A  156       9.3552   1 0 0 1     93      93    0
R   2844  274  TYR  B   42    270  LEU  B   38       6.0905   1 0 0 1      1       1    0
R   2845  274  TYR  B   42    271  VAL  B   39       4.6923   1 0 0 0    -40      40    0
R   2846  274  TYR  B   42    272  LEU  B   40       5.3884   1 0 0 0      0       0    0
R   2847  274  TYR  B   42    273  LEU  B   41       3.8702   1 0 0 0    -32      32    0
R   2848  274  TYR  B   42    275  LEU  B   43       3.8732   1 0 0 1     10      10    0
R   2849  274  TYR  B   42    276  VAL  B   44       5.6772   1 0 0 0      0       0    0
R   2850  274  TYR  B   42    277  SER  B   45       5.0939   1 0 0 1     68      68    0
R   2851  274  TYR  B   42    278  GLY  B   46       6.1158   1 0 0 1     23      23    0
R   2852  275  LEU  B   43     93  PHE  A  120       5.6503   1 0 0 1    153     153    0
R   2853  275  LEU  B   43     96  SER  A  123       5.7318   1 0 0 1     13      13    0
R   2854  275  LEU  B   43     97  GLY  A  124       6.5098   1 0 0 0   -108     108    0
R   2855  275  LEU  B   43    100  ILE  A  127       8.6675   1 0 0 1    153     153    0
R   2856  275  LEU  B   43    122  TYR  A  149       9.4485   1 0 0 0    -56      56    0
R   2857  275  LEU  B   43    130  PHE  A  157      10.3995   0 0 0 1      3       3    0
R   2858  275  LEU  B   43    271  VAL  B   39       6.2030   1 0 0 1     13      13    0
R   2859  275  LEU  B   43    272  LEU  B   40       5.2290   1 0 0 0    -12      12    0
R   2860  275  LEU  B   43    273  LEU  B   41       5.4319   1 0 0 0      0       0    0
R   2861  275  LEU  B   43    274  TYR  B   42       3.8732   1 0 0 0    -26      26    0
R   2862  275  LEU  B   43    276  VAL  B   44       3.8626   1 0 0 1      8       8    0
R   2863  275  LEU  B   43    277  SER  B   45       5.2830   1 0 0 0      0       0    0
R   2864  275  LEU  B   43    278  GLY  B   46       4.8078   1 0 0 1      7       7    0
R   2865  275  LEU  B   43    279  ALA  B   47       5.9012   1 0 0 1    150     150    0
R   2866  276  VAL  B   44     89  LEU  A  116       7.8983   0 0 0 1     11      11    0
R   2867  276  VAL  B   44     93  PHE  A  120       5.8447   1 0 0 1     56      56    0
R   2868  276  VAL  B   44    272  LEU  B   40       6.1514   1 0 0 1     14      14    0
R   2869  276  VAL  B   44    273  LEU  B   41       4.8892   1 0 0 1     18      18    0
R   2870  276  VAL  B   44    274  TYR  B   42       5.6772   1 0 0 0      0       0    0
R   2871  276  VAL  B   44    275  LEU  B   43       3.8626   1 0 0 0    -20      20    0
R   2872  276  VAL  B   44    277  SER  B   45       3.8692   1 0 0 0    -13      13    0
R   2873  276  VAL  B   44    278  GLY  B   46       5.4809   1 0 0 0      0       0    0
R   2874  276  VAL  B   44    279  ALA  B   47       4.9361   1 0 0 0     -5       5    0
R   2875  276  VAL  B   44    280  LEU  B   48       6.2883   1 0 0 0    -11      11    0
R   2877  277  SER  B   45    273  LEU  B   41       5.7515   1 0 0 1     42      42    0
R   2878  277  SER  B   45    274  TYR  B   42       5.0939   1 0 0 1     95      95    0
R   2879  277  SER  B   45    275  LEU  B   43       5.2830   1 0 0 0      0       0    0
R   2880  277  SER  B   45    276  VAL  B   44       3.8692   1 0 0 0    -38      38    0
R   2881  277  SER  B   45    278  GLY  B   46       3.8611   1 0 0 1     18      18    0
R   2882  277  SER  B   45    279  ALA  B   47       5.4555   1 0 0 0      0       0    0
R   2883  277  SER  B   45    280  LEU  B   48       5.2898   1 0 0 1      4       4    0
R   2884  277  SER  B   45    281  VAL  B   49       6.4363   1 0 0 0    -87      87    0
R   2885  278  GLY  B   46     96  SER  A  123       5.7783   1 0 0 0      0       0    0
R   2886  278  GLY  B   46    118  PHE  A  145       9.0807   1 0 0 0      0       0    0
R   2887  278  GLY  B   46    122  TYR  A  149       7.3074   1 0 0 0      0       0    0
R   2888  278  GLY  B   46    274  TYR  B   42       6.1158   1 0 0 1     28      28    0
R   2889  278  GLY  B   46    275  LEU  B   43       4.8078   1 0 0 1      1       1    0
R   2890  278  GLY  B   46    276  VAL  B   44       5.4809   1 0 0 0      0       0    0
R   2891  278  GLY  B   46    277  SER  B   45       3.8611   1 0 0 1     26      26    0
R   2892  278  GLY  B   46    279  ALA  B   47       3.8577   1 0 0 1      3       3    0
R   2893  278  GLY  B   46    280  LEU  B   48       5.5410   1 0 0 0      0       0    0
R   2894  278  GLY  B   46    281  VAL  B   49       5.1816   1 0 0 1      7       7    0
R   2895  278  GLY  B   46    282  PHE  B   50       6.0858   1 0 0 1     93      93    0
R   2896  279  ALA  B   47     89  LEU  A  116       5.6448   1 0 0 0      0       0    0
R   2897  279  ALA  B   47     92  ALA  A  119       4.3763   1 0 0 0    -50      50    0
R   2898  279  ALA  B   47     93  PHE  A  120       4.2924   1 0 0 0    -83      83    0
R   2899  279  ALA  B   47     96  SER  A  123       6.1716   1 0 0 1      8       8    0
R   2900  279  ALA  B   47    275  LEU  B   43       5.9012   1 0 0 0    -16      16    0
R   2901  279  ALA  B   47    276  VAL  B   44       4.9361   1 0 0 0    -28      28    0
R   2902  279  ALA  B   47    277  SER  B   45       5.4555   1 0 0 0      0       0    0
R   2903  279  ALA  B   47    278  GLY  B   46       3.8577   1 0 0 0     -5       5    0
R   2904  279  ALA  B   47    280  LEU  B   48       3.8752   1 0 0 0    -13      13    0
R   2905  279  ALA  B   47    281  VAL  B   49       5.5544   1 0 0 0      0       0    0
R   2906  279  ALA  B   47    282  PHE  B   50       5.4240   1 0 0 0      0       0    0
R   2907  279  ALA  B   47    283  ARG  B   51       6.0177   1 0 0 1     93      93    0
R   2908  280  LEU  B   48     89  LEU  A  116       6.4897   1 0 0 1    123     123    0
R   2909  280  LEU  B   48    276  VAL  B   44       6.2883   1 0 0 0     -9       9    0
R   2910  280  LEU  B   48    277  SER  B   45       5.2898   1 0 0 0    -22      22    0
R   2911  280  LEU  B   48    278  GLY  B   46       5.5410   1 0 0 0      0       0    0
R   2912  280  LEU  B   48    279  ALA  B   47       3.8752   1 0 0 0    -31      31    0
R   2913  280  LEU  B   48    281  VAL  B   49       3.8671   1 0 0 0     -4       4    0
R   2914  280  LEU  B   48    282  PHE  B   50       5.8545   1 0 0 0      0       0    0
R   2915  280  LEU  B   48    283  ARG  B   51       5.3490   1 0 0 0    -48      48    0
R   2916  280  LEU  B   48    284  ALA  B   52       6.1365   1 0 0 1     86      86    0
R   2917  281  VAL  B   49    118  PHE  A  145       8.4254   1 0 0 1    227     227    0
R   2918  281  VAL  B   49    277  SER  B   45       6.4363   1 0 0 0    -63      63    0
R   2919  281  VAL  B   49    278  GLY  B   46       5.1816   1 0 0 0    -11      11    0
R   2920  281  VAL  B   49    279  ALA  B   47       5.5544   1 0 0 0      0       0    0
R   2921  281  VAL  B   49    280  LEU  B   48       3.8671   1 0 0 0    -19      19    0
R   2922  281  VAL  B   49    282  PHE  B   50       3.8500   1 0 0 0     -3       3    0
R   2923  281  VAL  B   49    283  ARG  B   51       5.4323   1 0 0 0      0       0    0
R   2924  281  VAL  B   49    284  ALA  B   52       5.0444   1 0 0 1     64      64    0
R   2925  281  VAL  B   49    285  LEU  B   53       6.2366   1 0 0 1     85      85    0
R   2926  282  PHE  B   50     87  TRP  A  114       7.0554   1 0 0 1     77      77    0
R   2927  282  PHE  B   50     92  ALA  A  119       6.1676   1 0 0 1     16      16    0
R   2928  282  PHE  B   50     95  PHE  A  122       8.5393   1 0 0 1     85      85    0
R   2929  282  PHE  B   50     96  SER  A  123       7.9959   1 0 0 0    -75      75    0
R   2930  282  PHE  B   50     99  ILE  A  126      11.7724   1 0 0 1    159     159    0
R   2931  282  PHE  B   50    110  LEU  A  137       8.6226   1 0 0 1     67      67    0
R   2932  282  PHE  B   50    115  GLY  A  142       6.2270   1 0 0 0   -105     105    0
R   2933  282  PHE  B   50    118  PHE  A  145       8.1421   1 0 0 1     89      89    0
R   2934  282  PHE  B   50    119  CYS  A  146       8.3025   1 0 0 1      3       3    0
R   2935  282  PHE  B   50    122  TYR  A  149      10.1034   1 0 0 1     47      47    0
R   2936  282  PHE  B   50    278  GLY  B   46       6.0858   1 0 0 0    -50      50    0
R   2937  282  PHE  B   50    279  ALA  B   47       5.4240   1 0 0 0    -11      11    0
R   2938  282  PHE  B   50    280  LEU  B   48       5.8545   1 0 0 0      0       0    0
R   2939  282  PHE  B   50    281  VAL  B   49       3.8500   1 0 0 0    -31      31    0
R   2940  282  PHE  B   50    283  ARG  B   51       3.8456   1 0 0 0     -9       9    0
R   2941  282  PHE  B   50    284  ALA  B   52       5.4740   1 0 0 0      0       0    0
R   2942  282  PHE  B   50    285  LEU  B   53       5.1734   1 0 0 1      8       8    0
R   2943  282  PHE  B   50    286  GLU  B   54       5.6459   1 0 0 1    135     135    0
R   2944  283  ARG  B   51     87  TRP  A  114       4.8359   1 0 0 0    -53      53    0
R   2946  283  ARG  B   51     89  LEU  A  116       6.6233   1 0 0 0   -190     190    0
R   2947  283  ARG  B   51     92  ALA  A  119       5.9690   1 0 0 1      6       6    0
R   2948  283  ARG  B   51    279  ALA  B   47       6.0177   1 0 0 0    -30      30    0
R   2949  283  ARG  B   51    280  LEU  B   48       5.3490   1 0 0 0    -36      36    0
R   2950  283  ARG  B   51    281  VAL  B   49       5.4323   1 0 0 0      0       0    0
R   2951  283  ARG  B   51    282  PHE  B   50       3.8456   1 0 0 0    -36      36    0
R   2952  283  ARG  B   51    284  ALA  B   52       3.8543   1 0 0 0     -8       8    0
R   2953  283  ARG  B   51    285  LEU  B   53       5.5491   1 0 0 0      0       0    0
R   2954  283  ARG  B   51    286  GLU  B   54       5.2951   1 0 0 0      0       0    0
R   2955  283  ARG  B   51    287  GLN  B   55       5.0592   1 0 0 1     64      64    0
R   2956  283  ARG  B   51    288  PRO  B   56       8.0274   1 0 0 0     -8       8    0
R   2957  284  ALA  B   52    280  LEU  B   48       6.1365   1 0 0 0    -36      36    0
R   2958  284  ALA  B   52    281  VAL  B   49       5.0444   1 0 0 0    -17      17    0
R   2959  284  ALA  B   52    282  PHE  B   50       5.4740   1 0 0 0      0       0    0
R   2960  284  ALA  B   52    283  ARG  B   51       3.8543   1 0 0 0    -29      29    0
R   2961  284  ALA  B   52    285  LEU  B   53       3.8691   1 0 0 0     -1       1    0
R   2962  284  ALA  B   52    286  GLU  B   54       6.0058   1 0 0 0      0       0    0
R   2963  284  ALA  B   52    288  PRO  B   56       7.3055   1 0 0 0   -100     100    0
R   2964  285  LEU  B   53    112  THR  A  139       6.9468   1 0 0 0   -184     184    0
R   2965  285  LEU  B   53    114  ALA  A  141       6.6633   1 0 0 1     72      72    0
R   2966  285  LEU  B   53    115  GLY  A  142       5.8934   1 0 0 0     -3       3    0
R   2967  285  LEU  B   53    118  PHE  A  145       9.2537   1 0 0 1     58      58    0
R   2968  285  LEU  B   53    281  VAL  B   49       6.2366   1 0 0 1     96      96    0
R   2969  285  LEU  B   53    282  PHE  B   50       5.1734   1 0 0 0    -16      16    0
R   2970  285  LEU  B   53    283  ARG  B   51       5.5491   1 0 0 0      0       0    0
R   2971  285  LEU  B   53    284  ALA  B   52       3.8691   1 0 0 0    -24      24    0
R   2972  285  LEU  B   53    286  GLU  B   54       3.8654   1 0 0 0     -7       7    0
R   2973  285  LEU  B   53    287  GLN  B   55       6.2863   1 0 0 0      0       0    0
R   2974  285  LEU  B   53    288  PRO  B   56       6.9581   1 0 0 0    -31      31    0
R   2976  286  GLU  B   54     87  TRP  A  114       6.5977   1 0 0 1    132     132    0
R   2978  286  GLU  B   54    110  LEU  A  137       6.6887   1 0 0 1     90      90    0
R   2979  286  GLU  B   54    111  ARG  A  138       6.7288   1 0 0 1     60      60    0
R   2980  286  GLU  B   54    112  THR  A  139       6.3884   1 0 0 1    218     218    0
R   2981  286  GLU  B   54    115  GLY  A  142       6.6142   1 0 0 0      0       0    0
R   2982  286  GLU  B   54    282  PHE  B   50       5.6459   1 0 0 0    -25      25    0
R   2983  286  GLU  B   54    283  ARG  B   51       5.2951   1 0 0 0      0       0    0
R   2984  286  GLU  B   54    284  ALA  B   52       6.0058   1 0 0 0      0       0    0
R   2985  286  GLU  B   54    285  LEU  B   53       3.8654   1 0 0 1      7       7    0
R   2986  286  GLU  B   54    287  GLN  B   55       3.8543   1 0 0 0     -8       8    0
R   2987  286  GLU  B   54    288  PRO  B   56       5.7209   1 0 0 0      0       0    0
R   2988  286  GLU  B   54    289  HIS  B   57       5.5241   1 0 0 1     88      88    0
R   2989  286  GLU  B   54    290  GLU  B   58       6.4339   1 0 0 1     40      40    0
R   2992  287  GLN  B   55     85  SER  A  112       7.8306   1 0 0 1    119     119    0
R   2993  287  GLN  B   55     87  TRP  A  114       5.1160   1 0 0 1     77      77    0
R   2994  287  GLN  B   55     88  ASP  A  115       7.3770   1 0 0 0    -14      14    0
R   2995  287  GLN  B   55    283  ARG  B   51       5.0592   1 0 0 0    -51      51    0
R   2996  287  GLN  B   55    285  LEU  B   53       6.2863   1 0 0 0      0       0    0
R   2997  287  GLN  B   55    286  GLU  B   54       3.8543   1 0 0 0    -23      23    0
R   2998  287  GLN  B   55    288  PRO  B   56       3.8427   1 0 0 0    -75      75    0
R   2999  287  GLN  B   55    289  HIS  B   57       5.3943   1 0 0 0      0       0    0
R   3000  287  GLN  B   55    290  GLU  B   58       4.9686   1 0 0 0    -32      32    0
R   3001  287  GLN  B   55    291  GLN  B   59       6.0948   1 0 0 1     23      23    0
R   3002  288  PRO  B   56    283  ARG  B   51       8.0274   1 0 0 0    -36      36    0
R   3003  288  PRO  B   56    284  ALA  B   52       7.3055   1 0 0 0    -77      77    0
R   3004  288  PRO  B   56    285  LEU  B   53       6.9581   1 0 0 0     -9       9    0
R   3005  288  PRO  B   56    286  GLU  B   54       5.7209   1 0 0 0    -10      10    0
R   3006  288  PRO  B   56    287  GLN  B   55       3.8427   1 0 0 0    -68      68    0
R   3007  288  PRO  B   56    289  HIS  B   57       3.8567   1 0 0 1      2       2    0
R   3008  288  PRO  B   56    290  GLU  B   58       5.5682   1 0 0 0      0       0    0
R   3009  288  PRO  B   56    291  GLN  B   59       5.4099   1 0 0 0    -46      46    0
R   3010  288  PRO  B   56    292  GLN  B   60       6.2637   1 0 0 1     67      67    0
R   3011  288  PRO  B   56    295  ARG  B   63      10.7070   0 0 0 1     21      21    0
R   3012  289  HIS  B   57     70  GLY  A   97       7.0346   1 0 0 1     20      20    0
R   3013  289  HIS  B   57    111  ARG  A  138       7.1915   1 0 0 1     51      51    0
R   3014  289  HIS  B   57    112  THR  A  139       7.6591   1 0 0 1     87      87    0
R   3016  289  HIS  B   57    286  GLU  B   54       5.5241   1 0 0 0    -32      32    0
R   3017  289  HIS  B   57    287  GLN  B   55       5.3943   1 0 0 0      0       0    0
R   3018  289  HIS  B   57    288  PRO  B   56       3.8567   1 0 0 0    -65      65    0
R   3019  289  HIS  B   57    290  GLU  B   58       3.8766   1 0 0 0    -14      14    0
R   3020  289  HIS  B   57    291  GLN  B   59       5.6828   1 0 0 0      0       0    0
R   3021  289  HIS  B   57    292  GLN  B   60       5.2148   1 0 0 0     -9       9    0
R   3022  289  HIS  B   57    293  ALA  B   61       6.2710   1 0 0 1    127     127    0
R   3023  290  GLU  B   58     70  GLY  A   97       5.9191   1 0 0 0     -5       5    0
R   3024  290  GLU  B   58     71  GLY  A   98       5.0686   1 0 0 0    -95      95    0
R   3025  290  GLU  B   58     72  ALA  A   99       6.3048   0 0 0 1      7       7    0
R   3028  290  GLU  B   58     85  SER  A  112       7.9315   1 0 0 1    137     137    0
R   3029  290  GLU  B   58     86  ALA  A  113       7.9767   1 0 0 1     64      64    0
R   3030  290  GLU  B   58     87  TRP  A  114       7.7746   1 0 0 1     61      61    0
R   3033  290  GLU  B   58    286  GLU  B   54       6.4339   1 0 0 0     -4       4    0
R   3034  290  GLU  B   58    287  GLN  B   55       4.9686   1 0 0 0    -75      75    0
R   3035  290  GLU  B   58    288  PRO  B   56       5.5682   1 0 0 0      0       0    0
R   3036  290  GLU  B   58    289  HIS  B   57       3.8766   1 0 0 0    -33      33    0
R   3037  290  GLU  B   58    291  GLN  B   59       3.8269   1 0 0 0    -38      38    0
R   3038  290  GLU  B   58    292  GLN  B   60       5.4216   1 0 0 0      0       0    0
R   3039  290  GLU  B   58    293  ALA  B   61       5.0386   1 0 0 0     -5       5    0
R   3040  290  GLU  B   58    294  GLN  B   62       6.3276   1 0 0 1    114     114    0
R   3041  291  GLN  B   59     80  SER  A  107       6.8491   1 0 0 0    -40      40    0
R   3042  291  GLN  B   59     81  ASN  A  108       7.8772   1 0 0 1     65      65    0
R   3043  291  GLN  B   59     85  SER  A  112       7.8108   0 0 0 1      2       2    0
R   3044  291  GLN  B   59    287  GLN  B   55       6.0948   1 0 0 0    -48      48    0
R   3045  291  GLN  B   59    288  PRO  B   56       5.4099   1 0 0 0    -44      44    0
R   3046  291  GLN  B   59    289  HIS  B   57       5.6828   1 0 0 0      0       0    0
R   3047  291  GLN  B   59    290  GLU  B   58       3.8269   1 0 0 0    -54      54    0
R   3048  291  GLN  B   59    292  GLN  B   60       3.8565   1 0 0 0    -12      12    0
R   3049  291  GLN  B   59    293  ALA  B   61       5.3895   1 0 0 0      0       0    0
R   3050  291  GLN  B   59    294  GLN  B   62       4.9433   1 0 0 0    -13      13    0
R   3051  291  GLN  B   59    295  ARG  B   63       6.3292   1 0 0 1    100     100    0
R   3052  292  GLN  B   60    288  PRO  B   56       6.2637   1 0 0 0     -6       6    0
R   3053  292  GLN  B   60    289  HIS  B   57       5.2148   1 0 0 0    -40      40    0
R   3054  292  GLN  B   60    290  GLU  B   58       5.4216   1 0 0 0      0       0    0
R   3055  292  GLN  B   60    291  GLN  B   59       3.8565   1 0 0 0    -33      33    0
R   3056  292  GLN  B   60    293  ALA  B   61       3.8366   1 0 0 0     -1       1    0
R   3057  292  GLN  B   60    294  GLN  B   62       5.2775   1 0 0 0      0       0    0
R   3058  292  GLN  B   60    295  ARG  B   63       4.9565   1 0 0 1    169     169    0
R   3059  292  GLN  B   60    296  GLU  B   64       6.1321   1 0 0 1    130     130    0
R   3060  292  GLN  B   60    299  GLU  B   67      10.1941   0 0 0 1     40      40    0
R   3061  293  ALA  B   61     67  ALA  A   94       4.9377   1 0 0 0   -109     109    0
R   3062  293  ALA  B   61     70  GLY  A   97       5.1253   1 0 0 0   -114     114    0
R   3063  293  ALA  B   61     71  GLY  A   98       6.1931   1 0 0 0     -4       4    0
R   3064  293  ALA  B   61     72  ALA  A   99       5.3277   1 0 0 0    -13      13    0
R   3065  293  ALA  B   61    289  HIS  B   57       6.2710   1 0 0 1      7       7    0
R   3066  293  ALA  B   61    290  GLU  B   58       5.0386   1 0 0 0    -29      29    0
R   3067  293  ALA  B   61    291  GLN  B   59       5.3895   1 0 0 0      0       0    0
R   3068  293  ALA  B   61    292  GLN  B   60       3.8366   1 0 0 0    -28      28    0
R   3069  293  ALA  B   61    294  GLN  B   62       3.8041   1 0 0 0     -9       9    0
R   3070  293  ALA  B   61    295  ARG  B   63       5.4640   1 0 0 0      0       0    0
R   3071  293  ALA  B   61    296  GLU  B   64       4.9729   1 0 0 0    -12      12    0
R   3072  293  ALA  B   61    297  LEU  B   65       6.2909   1 0 0 1    135     135    0
R   3073  294  GLN  B   62     72  ALA  A   99       4.4487   1 0 0 0      0       0    0
R   3074  294  GLN  B   62     73  ASP  A  100       6.8895   1 0 0 1    206     206    0
R   3075  294  GLN  B   62     75  GLU  A  102       8.9840   1 0 0 0   -101     101    0
R   3077  294  GLN  B   62     80  SER  A  107       7.5921   1 0 0 0    -82      82    0
R   3079  294  GLN  B   62    290  GLU  B   58       6.3276   1 0 0 0     -8       8    0
R   3080  294  GLN  B   62    291  GLN  B   59       4.9433   1 0 0 0    -45      45    0
R   3081  294  GLN  B   62    292  GLN  B   60       5.2775   1 0 0 0      0       0    0
R   3082  294  GLN  B   62    293  ALA  B   61       3.8041   1 0 0 0    -35      35    0
R   3083  294  GLN  B   62    295  ARG  B   63       3.8570   1 0 0 0     -4       4    0
R   3084  294  GLN  B   62    296  GLU  B   64       5.3862   1 0 0 0      0       0    0
R   3085  294  GLN  B   62    297  LEU  B   65       5.1603   1 0 0 0    -46      46    0
R   3086  294  GLN  B   62    298  GLY  B   66       6.4303   1 0 0 1    110     110    0
R   3087  295  ARG  B   63    288  PRO  B   56      10.7070   0 0 0 1     23      23    0
R   3088  295  ARG  B   63    291  GLN  B   59       6.3292   1 0 0 1     10      10    0
R   3089  295  ARG  B   63    292  GLN  B   60       4.9565   1 0 0 1     60      60    0
R   3090  295  ARG  B   63    293  ALA  B   61       5.4640   1 0 0 0      0       0    0
R   3091  295  ARG  B   63    294  GLN  B   62       3.8570   1 0 0 0    -23      23    0
R   3092  295  ARG  B   63    296  GLU  B   64       3.8342   1 0 0 0    -11      11    0
R   3093  295  ARG  B   63    297  LEU  B   65       5.4966   1 0 0 0      0       0    0
R   3094  295  ARG  B   63    298  GLY  B   66       5.1659   1 0 0 1     11      11    0
R   3095  295  ARG  B   63    299  GLU  B   67       6.0109   1 0 0 1    101     101    0
R   3096  296  GLU  B   64     67  ALA  A   94       6.1676   0 0 0 1     24      24    0
R   3097  296  GLU  B   64    292  GLN  B   60       6.1321   1 0 0 1     12      12    0
R   3098  296  GLU  B   64    293  ALA  B   61       4.9729   1 0 0 0    -37      37    0
R   3099  296  GLU  B   64    294  GLN  B   62       5.3862   1 0 0 0      0       0    0
R   3100  296  GLU  B   64    295  ARG  B   63       3.8342   1 0 0 0    -34      34    0
R   3101  296  GLU  B   64    297  LEU  B   65       3.8667   1 0 0 1      4       4    0
R   3102  296  GLU  B   64    298  GLY  B   66       5.4719   1 0 0 0      0       0    0
R   3103  296  GLU  B   64    299  GLU  B   67       4.8721   1 0 0 0    -46      46    0
R   3104  296  GLU  B   64    300  VAL  B   68       6.1189   1 0 0 1     65      65    0
R   3105  297  LEU  B   65     64  VAL  A   91       6.0802   1 0 0 1    161     161    0
R   3106  297  LEU  B   65     67  ALA  A   94       5.2999   1 0 0 1     78      78    0
R   3107  297  LEU  B   65     68  LEU  A   95       7.5986   0 0 0 1     19      19    0
R   3108  297  LEU  B   65     72  ALA  A   99       6.8179   1 0 0 1     49      49    0
R   3109  297  LEU  B   65     73  ASP  A  100       8.5548   1 0 0 0    -87      87    0
R   3110  297  LEU  B   65     74  PRO  A  101       8.3945   1 0 0 1     14      14    0
R   3111  297  LEU  B   65     75  GLU  A  102       9.4851   0 0 0 1      6       6    0
R   3112  297  LEU  B   65    293  ALA  B   61       6.2909   1 0 0 1     30      30    0
R   3113  297  LEU  B   65    294  GLN  B   62       5.1603   1 0 0 0    -66      66    0
R   3114  297  LEU  B   65    295  ARG  B   63       5.4966   1 0 0 0      0       0    0
R   3115  297  LEU  B   65    296  GLU  B   64       3.8667   1 0 0 0    -29      29    0
R   3116  297  LEU  B   65    298  GLY  B   66       3.8262   1 0 0 0    -12      12    0
R   3117  297  LEU  B   65    299  GLU  B   67       5.4521   1 0 0 0      0       0    0
R   3118  297  LEU  B   65    300  VAL  B   68       5.1342   1 0 0 1     11      11    0
R   3119  297  LEU  B   65    301  ARG  B   69       6.3413   1 0 0 1     99      99    0
R   3120  297  LEU  B   65    320  ILE  B   88       9.4233   1 0 0 1    104     104    0
R   3122  298  GLY  B   66    294  GLN  B   62       6.4303   1 0 0 1     32      32    0
R   3123  298  GLY  B   66    295  ARG  B   63       5.1659   1 0 0 0      0       0    0
R   3124  298  GLY  B   66    296  GLU  B   64       5.4719   1 0 0 0      0       0    0
R   3125  298  GLY  B   66    297  LEU  B   65       3.8262   1 0 0 0    -53      53    0
R   3126  298  GLY  B   66    299  GLU  B   67       3.8778   1 0 0 1     12      12    0
R   3127  298  GLY  B   66    300  VAL  B   68       5.4114   1 0 0 0      0       0    0
R   3128  298  GLY  B   66    301  ARG  B   69       5.0520   1 0 0 0     -2       2    0
R   3129  298  GLY  B   66    302  GLU  B   70       6.1493   1 0 0 1     78      78    0
R   3130  299  GLU  B   67    292  GLN  B   60      10.1941   0 0 0 1     33      33    0
R   3131  299  GLU  B   67    295  ARG  B   63       6.0109   1 0 0 0    -34      34    0
R   3132  299  GLU  B   67    296  GLU  B   64       4.8721   1 0 0 0    -79      79    0
R   3133  299  GLU  B   67    297  LEU  B   65       5.4521   1 0 0 0      0       0    0
R   3134  299  GLU  B   67    298  GLY  B   66       3.8778   1 0 0 0     -3       3    0
R   3135  299  GLU  B   67    300  VAL  B   68       3.8574   1 0 0 0     -4       4    0
R   3136  299  GLU  B   67    301  ARG  B   69       5.5480   1 0 0 0      0       0    0
R   3137  299  GLU  B   67    302  GLU  B   70       5.2409   1 0 0 0    -13      13    0
R   3138  299  GLU  B   67    303  LYS  B   71       6.0665   1 0 0 1     88      88    0
R   3139  300  VAL  B   68     60  LEU  A   87       7.4540   1 0 0 1    122     122    0
R   3140  300  VAL  B   68     63  GLU  A   90       7.0965   1 0 0 0    -73      73    0
R   3141  300  VAL  B   68     64  VAL  A   91       7.3025   1 0 0 1     52      52    0
R   3142  300  VAL  B   68     67  ALA  A   94       8.9029   0 0 0 1      3       3    0
R   3143  300  VAL  B   68    296  GLU  B   64       6.1189   1 0 0 0     -9       9    0
R   3144  300  VAL  B   68    297  LEU  B   65       5.1342   1 0 0 0    -40      40    0
R   3145  300  VAL  B   68    298  GLY  B   66       5.4114   1 0 0 0      0       0    0
R   3146  300  VAL  B   68    299  GLU  B   67       3.8574   1 0 0 0    -28      28    0
R   3147  300  VAL  B   68    301  ARG  B   69       3.8697   1 0 0 0     -5       5    0
R   3148  300  VAL  B   68    302  GLU  B   70       5.6065   1 0 0 0      0       0    0
R   3149  300  VAL  B   68    303  LYS  B   71       5.1223   1 0 0 0    -27      27    0
R   3150  300  VAL  B   68    304  PHE  B   72       6.1556   1 0 0 1     78      78    0
R   3152  301  ARG  B   69     75  GLU  A  102      11.0149   1 0 0 1    121     121    0
R   3153  301  ARG  B   69    297  LEU  B   65       6.3413   1 0 0 0     -7       7    0
R   3154  301  ARG  B   69    298  GLY  B   66       5.0520   1 0 0 0     -9       9    0
R   3155  301  ARG  B   69    299  GLU  B   67       5.5480   1 0 0 0      0       0    0
R   3156  301  ARG  B   69    300  VAL  B   68       3.8697   1 0 0 0    -31      31    0
R   3157  301  ARG  B   69    302  GLU  B   70       3.8437   1 0 0 0    -44      44    0
R   3158  301  ARG  B   69    303  LYS  B   71       5.4595   1 0 0 0      0       0    0
R   3159  301  ARG  B   69    304  PHE  B   72       5.1409   1 0 0 1     18      18    0
R   3160  301  ARG  B   69    305  LEU  B   73       6.2361   1 0 0 1     74      74    0
R   3161  301  ARG  B   69    313  ASP  B   81       7.8615   1 0 0 1    199     199    0
R   3162  301  ARG  B   69    316  LEU  B   84       7.2886   1 0 0 0    -33      33    0
R   3164  301  ARG  B   69    320  ILE  B   88       8.9418   1 0 0 1     65      65    0
R   3165  302  GLU  B   70    298  GLY  B   66       6.1493   1 0 0 0    -49      49    0
R   3166  302  GLU  B   70    299  GLU  B   67       5.2409   1 0 0 0    -29      29    0
R   3167  302  GLU  B   70    300  VAL  B   68       5.6065   1 0 0 0      0       0    0
R   3168  302  GLU  B   70    301  ARG  B   69       3.8437   1 0 0 0    -58      58    0
R   3169  302  GLU  B   70    303  LYS  B   71       3.8433   1 0 0 0    -14      14    0
R   3170  302  GLU  B   70    304  PHE  B   72       5.5304   1 0 0 0      0       0    0
R   3171  302  GLU  B   70    305  LEU  B   73       5.2852   1 0 0 1     12      12    0
R   3172  302  GLU  B   70    306  ARG  B   74       6.3386   1 0 0 1    174     174    0
R   3173  303  LYS  B   71     63  GLU  A   90      11.2697   0 0 0 1     92      92    0
R   3174  303  LYS  B   71    299  GLU  B   67       6.0665   1 0 0 0    -13      13    0
R   3175  303  LYS  B   71    300  VAL  B   68       5.1223   1 0 0 0    -37      37    0
R   3176  303  LYS  B   71    301  ARG  B   69       5.4595   1 0 0 0      0       0    0
R   3177  303  LYS  B   71    302  GLU  B   70       3.8433   1 0 0 0    -34      34    0
R   3178  303  LYS  B   71    304  PHE  B   72       3.8789   1 0 0 1      1       1    0
R   3179  303  LYS  B   71    305  LEU  B   73       5.6406   1 0 0 0      0       0    0
R   3180  303  LYS  B   71    306  ARG  B   74       5.2987   1 0 0 0     -9       9    0
R   3181  303  LYS  B   71    307  ALA  B   75       6.4078   1 0 0 1     59      59    0
R   3182  304  PHE  B   72     45  PHE  A   72      13.4113   1 0 0 1     79      79    0
R   3183  304  PHE  B   72     52  VAL  A   79       9.7422   1 0 0 1    101     101    0
R   3185  304  PHE  B   72     57  LEU  A   84       9.3095   0 0 0 1      5       5    0
R   3186  304  PHE  B   72     60  LEU  A   87       7.6954   1 0 0 1    178     178    0
R   3187  304  PHE  B   72    300  VAL  B   68       6.1556   1 0 0 0    -37      37    0
R   3188  304  PHE  B   72    301  ARG  B   69       5.1409   1 0 0 0    -13      13    0
R   3189  304  PHE  B   72    302  GLU  B   70       5.5304   1 0 0 0      0       0    0
R   3190  304  PHE  B   72    303  LYS  B   71       3.8789   1 0 0 0    -24      24    0
R   3191  304  PHE  B   72    305  LEU  B   73       3.8404   1 0 0 0    -13      13    0
R   3192  304  PHE  B   72    306  ARG  B   74       5.4130   1 0 0 0      0       0    0
R   3193  304  PHE  B   72    307  ALA  B   75       5.0087   1 0 0 1     11      11    0
R   3194  304  PHE  B   72    308  HIS  B   76       6.0214   1 0 0 1    220     220    0
R   3195  304  PHE  B   72    311  VAL  B   79       8.8247   1 0 0 1     32      32    0
R   3196  304  PHE  B   72    316  LEU  B   84       8.6718   1 0 0 1    146     146    0
R   3197  305  LEU  B   73    301  ARG  B   69       6.2361   1 0 0 0    -41      41    0
R   3198  305  LEU  B   73    302  GLU  B   70       5.2852   1 0 0 0    -11      11    0
R   3199  305  LEU  B   73    303  LYS  B   71       5.6406   1 0 0 0      0       0    0
R   3200  305  LEU  B   73    304  PHE  B   72       3.8404   1 0 0 0    -34      34    0
R   3201  305  LEU  B   73    306  ARG  B   74       3.8154   1 0 0 0    -25      25    0
R   3202  305  LEU  B   73    307  ALA  B   75       5.3848   1 0 0 1      8       8    0
R   3203  305  LEU  B   73    308  HIS  B   76       5.1976   1 0 0 0    -78      78    0
R   3205  305  LEU  B   73    311  VAL  B   79       6.5012   1 0 0 0    -95      95    0
R   3206  305  LEU  B   73    312  SER  B   80       7.2400   1 0 0 0    -15      15    0
R   3207  305  LEU  B   73    313  ASP  B   81       6.8251   1 0 0 0    -44      44    0
R   3208  305  LEU  B   73    316  LEU  B   84       7.9544   1 0 0 1     83      83    0
R   3209  306  ARG  B   74    302  GLU  B   70       6.3386   1 0 0 1     24      24    0
R   3210  306  ARG  B   74    303  LYS  B   71       5.2987   1 0 0 0    -26      26    0
R   3211  306  ARG  B   74    304  PHE  B   72       5.4130   1 0 0 0      0       0    0
R   3212  306  ARG  B   74    305  LEU  B   73       3.8154   1 0 0 0    -73      73    0
R   3213  306  ARG  B   74    307  ALA  B   75       3.8564   1 0 0 0     -8       8    0
R   3214  306  ARG  B   74    308  HIS  B   76       5.8475   1 0 0 0      0       0    0
R   3217  307  ALA  B   75    303  LYS  B   71       6.4078   1 0 0 0    -43      43    0
R   3218  307  ALA  B   75    304  PHE  B   72       5.0087   1 0 0 0    -13      13    0
R   3219  307  ALA  B   75    305  LEU  B   73       5.3848   1 0 0 0      0       0    0
R   3220  307  ALA  B   75    306  ARG  B   74       3.8564   1 0 0 0    -38      38    0
R   3221  307  ALA  B   75    308  HIS  B   76       3.8694   1 0 0 1     56      56    0
R   3222  307  ALA  B   75    309  PRO  B   77       6.4820   1 0 0 0    -49      49    0
R   3223  308  HIS  B   76     51  CYS  A   78       6.0212   1 0 0 1     70      70    0
R   3224  308  HIS  B   76     52  VAL  A   79       6.6050   1 0 0 1     37      37    0
R   3225  308  HIS  B   76     56  GLU  A   83       9.8027   1 0 0 0   -137     137    0
R   3226  308  HIS  B   76    304  PHE  B   72       6.0214   1 0 0 1     33      33    0
R   3227  308  HIS  B   76    305  LEU  B   73       5.1976   1 0 0 0    -46      46    0
R   3228  308  HIS  B   76    306  ARG  B   74       5.8475   1 0 0 0      0       0    0
R   3229  308  HIS  B   76    307  ALA  B   75       3.8694   1 0 0 0    -23      23    0
R   3230  308  HIS  B   76    309  PRO  B   77       3.8592   1 0 0 0    -51      51    0
R   3231  308  HIS  B   76    310  CYS  B   78       5.7317   1 0 0 1     12      12    0
R   3232  308  HIS  B   76    311  VAL  B   79       6.1814   1 0 0 1     29      29    0
R   3233  309  PRO  B   77     51  CYS  A   78       7.6011   1 0 0 1     13      13    0
R   3236  309  PRO  B   77    307  ALA  B   75       6.4820   1 0 0 0    -46      46    0
R   3237  309  PRO  B   77    308  HIS  B   76       3.8592   1 0 0 0    -18      18    0
R   3238  309  PRO  B   77    310  CYS  B   78       3.8464   1 0 0 1      9       9    0
R   3239  309  PRO  B   77    311  VAL  B   79       5.2611   1 0 0 1      5       5    0
R   3241  310  CYS  B   78     49  HIS  A   76       5.8236   1 0 0 1    125     125    0
R   3242  310  CYS  B   78     50  PRO  A   77       7.3764   1 0 0 1     37      37    0
R   3243  310  CYS  B   78     51  CYS  A   78       6.4332   1 0 0 1      6       6    0
R   3244  310  CYS  B   78    308  HIS  B   76       5.7317   1 0 0 0      0       0    0
R   3245  310  CYS  B   78    309  PRO  B   77       3.8464   1 0 0 0    -47      47    0
R   3246  310  CYS  B   78    311  VAL  B   79       3.8917   1 0 0 1      5       5    0
R   3248  311  VAL  B   79     45  PHE  A   72       9.4581   1 0 0 1    114     114    0
R   3249  311  VAL  B   79     49  HIS  A   76       6.4534   1 0 0 1    106     106    0
R   3250  311  VAL  B   79     52  VAL  A   79       9.1025   1 0 0 1     17      17    0
R   3251  311  VAL  B   79    304  PHE  B   72       8.8247   1 0 0 1     33      33    0
R   3252  311  VAL  B   79    305  LEU  B   73       6.5012   1 0 0 0    -77      77    0
R   3253  311  VAL  B   79    308  HIS  B   76       6.1814   1 0 0 0    -12      12    0
R   3254  311  VAL  B   79    309  PRO  B   77       5.2611   1 0 0 0    -17      17    0
R   3255  311  VAL  B   79    310  CYS  B   78       3.8917   1 0 0 0    -28      28    0
R   3256  311  VAL  B   79    312  SER  B   80       3.8475   1 0 0 0    -44      44    0
R   3257  311  VAL  B   79    315  GLU  B   83       6.2791   1 0 0 1     18      18    0
R   3258  311  VAL  B   79    316  LEU  B   84       6.5253   1 0 0 1     56      56    0
R   3259  312  SER  B   80    305  LEU  B   73       7.2400   1 0 0 0     -1       1    0
R   3260  312  SER  B   80    311  VAL  B   79       3.8475   1 0 0 0    -27      27    0
R   3261  312  SER  B   80    313  ASP  B   81       3.8265   1 0 0 1     17      17    0
R   3262  312  SER  B   80    314  GLN  B   82       5.3388   1 0 0 0     -5       5    0
R   3263  312  SER  B   80    315  GLU  B   83       5.1443   1 0 0 1     62      62    0
R   3264  312  SER  B   80    316  LEU  B   84       6.3321   1 0 0 1     91      91    0
R   3265  313  ASP  B   81    301  ARG  B   69       7.8615   1 0 0 1    238     238    0
R   3266  313  ASP  B   81    305  LEU  B   73       6.8251   1 0 0 0     -5       5    0
R   3267  313  ASP  B   81    312  SER  B   80       3.8265   1 0 0 0      0       0    0
R   3268  313  ASP  B   81    314  GLN  B   82       3.8339   1 0 0 0    -42      42    0
R   3269  313  ASP  B   81    315  GLU  B   83       5.6128   1 0 0 0      0       0    0
R   3270  313  ASP  B   81    316  LEU  B   84       5.2779   1 0 0 0      0       0    0
R   3271  313  ASP  B   81    317  GLY  B   85       6.1323   1 0 0 1    131     131    0
R   3272  314  GLN  B   82    312  SER  B   80       5.3388   1 0 0 0    -15      15    0
R   3273  314  GLN  B   82    313  ASP  B   81       3.8339   1 0 0 0    -41      41    0
R   3274  314  GLN  B   82    315  GLU  B   83       3.8568   1 0 0 0     -9       9    0
R   3275  314  GLN  B   82    316  LEU  B   84       5.4739   1 0 0 0      0       0    0
R   3276  314  GLN  B   82    317  GLY  B   85       4.6935   1 0 0 1      5       5    0
R   3277  314  GLN  B   82    318  LEU  B   86       6.6091   1 0 0 1     41      41    0
R   3280  315  GLU  B   83     49  HIS  A   76       9.8648   1 0 0 0   -158     158    0
R   3282  315  GLU  B   83    311  VAL  B   79       6.2791   1 0 0 1      9       9    0
R   3283  315  GLU  B   83    312  SER  B   80       5.1443   1 0 0 1     80      80    0
R   3284  315  GLU  B   83    313  ASP  B   81       5.6128   1 0 0 0      0       0    0
R   3285  315  GLU  B   83    314  GLN  B   82       3.8568   1 0 0 0    -31      31    0
R   3286  315  GLU  B   83    316  LEU  B   84       3.8660   1 0 0 0     -2       2    0
R   3287  315  GLU  B   83    317  GLY  B   85       5.1367   1 0 0 0      0       0    0
R   3288  315  GLU  B   83    318  LEU  B   86       5.3236   1 0 0 1      7       7    0
R   3289  315  GLU  B   83    319  LEU  B   87       6.4978   1 0 0 1     79      79    0
R   3290  316  LEU  B   84     45  PHE  A   72       9.1158   0 0 0 1      7       7    0
R   3291  316  LEU  B   84     60  LEU  A   87      10.3265   1 0 0 1     99      99    0
R   3292  316  LEU  B   84    301  ARG  B   69       7.2886   1 0 0 0   -109     109    0
R   3293  316  LEU  B   84    304  PHE  B   72       8.6718   1 0 0 1    122     122    0
R   3294  316  LEU  B   84    305  LEU  B   73       7.9544   1 0 0 1     81      81    0
R   3295  316  LEU  B   84    311  VAL  B   79       6.5253   1 0 0 1     29      29    0
R   3296  316  LEU  B   84    312  SER  B   80       6.3321   1 0 0 0    -12      12    0
R   3297  316  LEU  B   84    313  ASP  B   81       5.2779   1 0 0 0    -36      36    0
R   3298  316  LEU  B   84    314  GLN  B   82       5.4739   1 0 0 0      0       0    0
R   3299  316  LEU  B   84    315  GLU  B   83       3.8660   1 0 0 0    -25      25    0
R   3300  316  LEU  B   84    317  GLY  B   85       3.8324   1 0 0 0     -9       9    0
R   3301  316  LEU  B   84    318  LEU  B   86       5.5518   1 0 0 0      0       0    0
R   3302  316  LEU  B   84    319  LEU  B   87       5.0161   1 0 0 1     46      46    0
R   3303  316  LEU  B   84    320  ILE  B   88       6.3771   1 0 0 1     25      25    0
R   3308  317  GLY  B   85    313  ASP  B   81       6.1323   1 0 0 1     47      47    0
R   3309  317  GLY  B   85    314  GLN  B   82       4.6935   1 0 0 1      2       2    0
R   3310  317  GLY  B   85    315  GLU  B   83       5.1367   1 0 0 0      0       0    0
R   3311  317  GLY  B   85    316  LEU  B   84       3.8324   1 0 0 0    -56      56    0
R   3312  317  GLY  B   85    318  LEU  B   86       3.8475   1 0 0 1     12      12    0
R   3313  317  GLY  B   85    319  LEU  B   87       5.4856   1 0 0 0      0       0    0
R   3314  317  GLY  B   85    320  ILE  B   88       5.5012   1 0 0 0    -17      17    0
R   3315  317  GLY  B   85    321  LYS  B   89       6.3761   1 0 0 1     82      82    0
R   3316  318  LEU  B   86     76  THR  A  103       8.5274   0 0 0 1     22      22    0
R   3317  318  LEU  B   86    314  GLN  B   82       6.6091   1 0 0 0    -41      41    0
R   3318  318  LEU  B   86    315  GLU  B   83       5.3236   1 0 0 0    -19      19    0
R   3319  318  LEU  B   86    316  LEU  B   84       5.5518   1 0 0 0      0       0    0
R   3320  318  LEU  B   86    317  GLY  B   85       3.8475   1 0 0 0    -15      15    0
R   3321  318  LEU  B   86    319  LEU  B   87       3.8213   1 0 0 0     -6       6    0
R   3322  318  LEU  B   86    320  ILE  B   88       5.5260   1 0 0 0      0       0    0
R   3323  318  LEU  B   86    321  LYS  B   89       4.9725   1 0 0 1     30      30    0
R   3324  318  LEU  B   86    322  GLU  B   90       6.0270   1 0 0 1     42      42    0
R   3325  319  LEU  B   87     41  VAL  A   68       7.2707   1 0 0 1    132     132    0
R   3327  319  LEU  B   87     45  PHE  A   72       7.5180   1 0 0 1    181     181    0
R   3328  319  LEU  B   87     57  LEU  A   84      10.2083   1 0 0 1     75      75    0
R   3329  319  LEU  B   87     60  LEU  A   87      10.1400   1 0 0 1    146     146    0
R   3330  319  LEU  B   87     61  ILE  A   88       9.2453   0 0 0 1      3       3    0
R   3331  319  LEU  B   87    315  GLU  B   83       6.4978   1 0 0 0    -18      18    0
R   3332  319  LEU  B   87    316  LEU  B   84       5.0161   1 0 0 0     -8       8    0
R   3333  319  LEU  B   87    317  GLY  B   85       5.4856   1 0 0 0      0       0    0
R   3334  319  LEU  B   87    318  LEU  B   86       3.8213   1 0 0 0    -47      47    0
R   3335  319  LEU  B   87    320  ILE  B   88       3.8289   1 0 0 0     -5       5    0
R   3336  319  LEU  B   87    321  LYS  B   89       5.4724   1 0 0 0      0       0    0
R   3337  319  LEU  B   87    322  GLU  B   90       5.1539   1 0 0 0      0       0    0
R   3338  319  LEU  B   87    323  VAL  B   91       5.8518   1 0 0 1    194     194    0
R   3339  320  ILE  B   88     60  LEU  A   87       9.0965   0 0 0 1      5       5    0
R   3340  320  ILE  B   88     64  VAL  A   91       7.0861   1 0 0 1    169     169    0
R   3341  320  ILE  B   88     68  LEU  A   95       9.6860   0 0 0 1      5       5    0
R   3342  320  ILE  B   88     74  PRO  A  101       6.5311   1 0 0 1    102     102    0
R   3343  320  ILE  B   88    297  LEU  B   65       9.4233   1 0 0 1     68      68    0
R   3344  320  ILE  B   88    301  ARG  B   69       8.9418   1 0 0 1     32      32    0
R   3345  320  ILE  B   88    316  LEU  B   84       6.3771   1 0 0 0     -2       2    0
R   3346  320  ILE  B   88    317  GLY  B   85       5.5012   1 0 0 0    -25      25    0
R   3347  320  ILE  B   88    318  LEU  B   86       5.5260   1 0 0 0      0       0    0
R   3348  320  ILE  B   88    319  LEU  B   87       3.8289   1 0 0 0    -36      36    0
R   3349  320  ILE  B   88    321  LYS  B   89       3.8546   1 0 0 0     -7       7    0
R   3350  320  ILE  B   88    322  GLU  B   90       5.4481   1 0 0 0      0       0    0
R   3351  320  ILE  B   88    323  VAL  B   91       4.8406   1 0 0 0     -1       1    0
R   3352  320  ILE  B   88    324  ALA  B   92       5.6455   1 0 0 1    159     159    0
R   3353  321  LYS  B   89     74  PRO  A  101       5.6239   1 0 0 1     80      80    0
R   3354  321  LYS  B   89     76  THR  A  103       8.6874   0 0 0 1     10      10    0
R   3355  321  LYS  B   89    317  GLY  B   85       6.3761   1 0 0 0     -8       8    0
R   3356  321  LYS  B   89    318  LEU  B   86       4.9725   1 0 0 0     -6       6    0
R   3357  321  LYS  B   89    319  LEU  B   87       5.4724   1 0 0 0      0       0    0
R   3358  321  LYS  B   89    320  ILE  B   88       3.8546   1 0 0 0    -47      47    0
R   3359  321  LYS  B   89    322  GLU  B   90       3.8388   1 0 0 0      0       0    0
R   3360  321  LYS  B   89    323  VAL  B   91       5.5713   1 0 0 0      0       0    0
R   3361  321  LYS  B   89    324  ALA  B   92       5.0827   1 0 0 0     -7       7    0
R   3362  321  LYS  B   89    325  ASP  B   93       6.1801   1 0 0 1    204     204    0
R   3363  322  GLU  B   90     41  VAL  A   68       6.9738   1 0 0 0    -35      35    0
R   3364  322  GLU  B   90     44  LYS  A   71      11.3706   0 0 0 1     26      26    0
R   3365  322  GLU  B   90    318  LEU  B   86       6.0270   1 0 0 0    -61      61    0
R   3366  322  GLU  B   90    319  LEU  B   87       5.1539   1 0 0 0    -16      16    0
R   3367  322  GLU  B   90    320  ILE  B   88       5.4481   1 0 0 0      0       0    0
R   3368  322  GLU  B   90    321  LYS  B   89       3.8388   1 0 0 0    -14      14    0
R   3369  322  GLU  B   90    323  VAL  B   91       3.8650   1 0 0 0    -11      11    0
R   3370  322  GLU  B   90    324  ALA  B   92       5.4351   1 0 0 0      0       0    0
R   3371  322  GLU  B   90    325  ASP  B   93       5.1022   1 0 0 0     -5       5    0
R   3372  322  GLU  B   90    326  ALA  B   94       6.3333   1 0 0 1     85      85    0
R   3373  323  VAL  B   91     38  LEU  A   65       6.0277   1 0 0 1     62      62    0
R   3374  323  VAL  B   91     41  VAL  A   68       7.0854   1 0 0 1     23      23    0
R   3375  323  VAL  B   91     61  ILE  A   88       7.0195   1 0 0 1    164     164    0
R   3376  323  VAL  B   91     64  VAL  A   91       8.1964   1 0 0 1     61      61    0
R   3377  323  VAL  B   91    319  LEU  B   87       5.8518   1 0 0 1     79      79    0
R   3378  323  VAL  B   91    320  ILE  B   88       4.8406   1 0 0 0    -13      13    0
R   3379  323  VAL  B   91    321  LYS  B   89       5.5713   1 0 0 0      0       0    0
R   3380  323  VAL  B   91    322  GLU  B   90       3.8650   1 0 0 0    -11      11    0
R   3381  323  VAL  B   91    324  ALA  B   92       3.8394   1 0 0 0    -16      16    0
R   3382  323  VAL  B   91    325  ASP  B   93       5.4566   1 0 0 0      0       0    0
R   3383  323  VAL  B   91    326  ALA  B   94       5.1978   1 0 0 1      2       2    0
R   3384  323  VAL  B   91    327  LEU  B   95       6.1604   1 0 0 1    203     203    0
R   3385  324  ALA  B   92     68  LEU  A   95       7.2796   1 0 0 1     63      63    0
R   3386  324  ALA  B   92     74  PRO  A  101       7.3408   1 0 0 1    113     113    0
R   3387  324  ALA  B   92    320  ILE  B   88       5.6455   1 0 0 0     -9       9    0
R   3388  324  ALA  B   92    321  LYS  B   89       5.0827   1 0 0 0    -24      24    0
R   3389  324  ALA  B   92    322  GLU  B   90       5.4351   1 0 0 0      0       0    0
R   3390  324  ALA  B   92    323  VAL  B   91       3.8394   1 0 0 0    -22      22    0
R   3391  324  ALA  B   92    325  ASP  B   93       3.8262   1 0 0 0    -26      26    0
R   3392  324  ALA  B   92    326  ALA  B   94       5.5545   1 0 0 0      0       0    0
R   3393  324  ALA  B   92    327  LEU  B   95       5.1349   1 0 0 0     -2       2    0
R   3394  324  ALA  B   92    328  GLY  B   96       5.8753   1 0 0 1    180     180    0
R   3396  325  ASP  B   93    321  LYS  B   89       6.1801   1 0 0 1    103     103    0
R   3397  325  ASP  B   93    322  GLU  B   90       5.1022   1 0 0 0    -21      21    0
R   3398  325  ASP  B   93    323  VAL  B   91       5.4566   1 0 0 0      0       0    0
R   3399  325  ASP  B   93    324  ALA  B   92       3.8262   1 0 0 0    -54      54    0
R   3400  325  ASP  B   93    326  ALA  B   94       3.8538   1 0 0 0     -1       1    0
R   3401  325  ASP  B   93    327  LEU  B   95       5.5205   1 0 0 0      0       0    0
R   3402  325  ASP  B   93    328  GLY  B   96       4.7542   1 0 0 1      6       6    0
R   3403  325  ASP  B   93    329  GLY  B   97       6.2108   1 0 0 1    130     130    0
R   3404  326  ALA  B   94     34  ALA  A   61       5.1616   1 0 0 0    -48      48    0
R   3405  326  ALA  B   94     37  GLU  A   64       6.2875   0 0 0 1     17      17    0
R   3406  326  ALA  B   94     38  LEU  A   65       5.3211   1 0 0 1    133     133    0
R   3407  326  ALA  B   94     41  VAL  A   68       8.8544   0 0 0 1      4       4    0
R   3408  326  ALA  B   94    322  GLU  B   90       6.3333   1 0 0 0    -10      10    0
R   3409  326  ALA  B   94    323  VAL  B   91       5.1978   1 0 0 0    -30      30    0
R   3410  326  ALA  B   94    324  ALA  B   92       5.5545   1 0 0 0      0       0    0
R   3411  326  ALA  B   94    325  ASP  B   93       3.8538   1 0 0 0    -35      35    0
R   3412  326  ALA  B   94    327  LEU  B   95       3.8722   1 0 0 0     -2       2    0
R   3413  326  ALA  B   94    328  GLY  B   96       5.2137   1 0 0 0      0       0    0
R   3414  326  ALA  B   94    329  GLY  B   97       4.9396   1 0 0 1     54      54    0
R   3415  326  ALA  B   94    330  GLY  B   98       6.5525   1 0 0 1      4       4    0
R   3416  326  ALA  B   94    331  ALA  B   99       5.4714   1 0 0 1     95      95    0
R   3417  327  LEU  B   95     38  LEU  A   65       7.5094   0 0 0 1     19      19    0
R   3418  327  LEU  B   95     61  ILE  A   88       9.2923   0 0 0 1     10      10    0
R   3419  327  LEU  B   95     65  ALA  A   92       7.2260   1 0 0 1     13      13    0
R   3420  327  LEU  B   95     68  LEU  A   95       9.0318   1 0 0 1    118     118    0
R   3421  327  LEU  B   95    323  VAL  B   91       6.1604   1 0 0 1    122     122    0
R   3422  327  LEU  B   95    324  ALA  B   92       5.1349   1 0 0 0    -21      21    0
R   3423  327  LEU  B   95    325  ASP  B   93       5.5205   1 0 0 0      0       0    0
R   3424  327  LEU  B   95    326  ALA  B   94       3.8722   1 0 0 0    -25      25    0
R   3425  327  LEU  B   95    328  GLY  B   96       3.8218   1 0 0 0    -14      14    0
R   3426  327  LEU  B   95    329  GLY  B   97       5.3511   1 0 0 0      0       0    0
R   3427  327  LEU  B   95    330  GLY  B   98       4.9933   1 0 0 1     95      95    0
R   3428  327  LEU  B   95    331  ALA  B   99       4.5001   1 0 0 0    -52      52    0
R   3429  327  LEU  B   95    333  PRO  B  101       7.3155   1 0 0 1    158     158    0
R   3430  328  GLY  B   96    324  ALA  B   92       5.8753   1 0 0 1     49      49    0
R   3431  328  GLY  B   96    325  ASP  B   93       4.7542   1 0 0 1      1       1    0
R   3432  328  GLY  B   96    326  ALA  B   94       5.2137   1 0 0 0      0       0    0
R   3433  328  GLY  B   96    327  LEU  B   95       3.8218   1 0 0 0    -42      42    0
R   3434  328  GLY  B   96    329  GLY  B   97       3.8304   1 0 0 1     13      13    0
R   3435  328  GLY  B   96    330  GLY  B   98       5.3095   1 0 0 1     26      26    0
R   3436  329  GLY  B   97     34  ALA  A   61       5.3096   1 0 0 0     -1       1    0
R   3437  329  GLY  B   97    325  ASP  B   93       6.2108   1 0 0 1     48      48    0
R   3438  329  GLY  B   97    326  ALA  B   94       4.9396   1 0 0 1      5       5    0
R   3439  329  GLY  B   97    327  LEU  B   95       5.3511   1 0 0 0      0       0    0
R   3440  329  GLY  B   97    328  GLY  B   96       3.8304   1 0 0 0    -19      19    0
R   3441  329  GLY  B   97    330  GLY  B   98       3.8587   1 0 0 1      6       6    0
R   3442  329  GLY  B   97    331  ALA  B   99       5.9717   1 0 0 0      0       0    0
R   3443  329  GLY  B   97    370  ARG  B  138       8.7705   1 0 0 1    171     171    0
R   3444  330  GLY  B   98     34  ALA  A   61       6.1374   1 0 0 0      0       0    0
R   3445  330  GLY  B   98    326  ALA  B   94       6.5525   1 0 0 0      0       0    0
R   3446  330  GLY  B   98    327  LEU  B   95       4.9933   1 0 0 1     21      21    0
R   3447  330  GLY  B   98    328  GLY  B   96       5.3095   1 0 0 1      2       2    0
R   3448  330  GLY  B   98    329  GLY  B   97       3.8587   1 0 0 0    -31      31    0
R   3449  330  GLY  B   98    331  ALA  B   99       3.8596   1 0 0 0    -17      17    0
R   3450  330  GLY  B   98    332  ASP  B  100       6.4600   1 0 0 1      4       4    0
R   3452  331  ALA  B   99     34  ALA  A   61       5.0565   1 0 0 0   -105     105    0
R   3453  331  ALA  B   99     35  GLN  A   62       4.2850   1 0 0 0     -3       3    0
R   3454  331  ALA  B   99     38  LEU  A   65       6.6337   1 0 0 1     76      76    0
R   3455  331  ALA  B   99    326  ALA  B   94       5.4714   1 0 0 0    -58      58    0
R   3456  331  ALA  B   99    327  LEU  B   95       4.5001   1 0 0 0   -120     120    0
R   3457  331  ALA  B   99    329  GLY  B   97       5.9717   1 0 0 0      0       0    0
R   3458  331  ALA  B   99    330  GLY  B   98       3.8596   1 0 0 0    -33      33    0
R   3459  331  ALA  B   99    332  ASP  B  100       3.8468   1 0 0 1      4       4    0
R   3460  331  ALA  B   99    333  PRO  B  101       6.5411   1 0 0 0     -5       5    0
R   3461  332  ASP  B  100     35  GLN  A   62       6.6054   1 0 0 0    -23      23    0
R   3462  332  ASP  B  100     38  LEU  A   65       8.4858   1 0 0 0    -19      19    0
R   3463  332  ASP  B  100    330  GLY  B   98       6.4600   1 0 0 0     -6       6    0
R   3464  332  ASP  B  100    331  ALA  B   99       3.8468   1 0 0 0     -3       3    0
R   3465  332  ASP  B  100    333  PRO  B  101       3.8276   1 0 0 0   -128     128    0
R   3466  332  ASP  B  100    334  GLU  B  102       5.4936   1 0 0 0   -161     161    0
R   3467  332  ASP  B  100    335  THR  B  103       6.1258   1 0 0 0    -67      67    0
R   3468  333  PRO  B  101     38  LEU  A   65       8.2924   1 0 0 1     11      11    0
R   3470  333  PRO  B  101     61  ILE  A   88       6.1569   1 0 0 1     79      79    0
R   3471  333  PRO  B  101     62  LYS  A   89       5.5263   1 0 0 1     50      50    0
R   3472  333  PRO  B  101     65  ALA  A   92       7.0810   1 0 0 1     73      73    0
R   3473  333  PRO  B  101    327  LEU  B   95       7.3155   1 0 0 1    117     117    0
R   3474  333  PRO  B  101    331  ALA  B   99       6.5411   1 0 0 0     -6       6    0
R   3475  333  PRO  B  101    332  ASP  B  100       3.8276   1 0 0 0    -64      64    0
R   3476  333  PRO  B  101    334  GLU  B  102       3.8595   1 0 0 0    -11      11    0
R   3477  333  PRO  B  101    335  THR  B  103       5.8906   1 0 0 0    -21      21    0
R   3478  333  PRO  B  101    336  ASN  B  104       7.9433   0 0 0 1     18      18    0
R   3479  334  GLU  B  102     62  LYS  A   89       7.1412   1 0 0 0    -92      92    0
R   3480  334  GLU  B  102    332  ASP  B  100       5.4936   1 0 0 0   -103     103    0
R   3481  334  GLU  B  102    333  PRO  B  101       3.8595   1 0 0 0    -81      81    0
R   3482  334  GLU  B  102    335  THR  B  103       3.8830   1 0 0 0     -3       3    0
R   3483  334  GLU  B  102    336  ASN  B  104       7.2958   0 0 0 1     24      24    0
R   3484  335  THR  B  103     35  GLN  A   62       8.4043   1 0 0 1    173     173    0
R   3486  335  THR  B  103    332  ASP  B  100       6.1258   1 0 0 0    -29      29    0
R   3487  335  THR  B  103    333  PRO  B  101       5.8906   1 0 0 0    -23      23    0
R   3488  335  THR  B  103    334  GLU  B  102       3.8830   1 0 0 0     -9       9    0
R   3489  335  THR  B  103    336  ASN  B  104       3.8819   1 0 0 1     87      87    0
R   3490  335  THR  B  103    337  SER  B  105       6.4634   0 0 0 1     19      19    0
R   3491  335  THR  B  103    342  SER  B  110       8.9055   0 0 0 1     19      19    0
R   3492  336  ASN  B  104     35  GLN  A   62       7.2552   1 0 0 0      0       0    0
R   3494  336  ASN  B  104     42  ARG  A   69       9.3544   1 0 0 0    -17      17    0
R   3496  336  ASN  B  104    333  PRO  B  101       7.9433   0 0 0 1     20      20    0
R   3497  336  ASN  B  104    334  GLU  B  102       7.2958   0 0 0 1     19      19    0
R   3498  336  ASN  B  104    335  THR  B  103       3.8819   1 0 0 1     30      30    0
R   3499  336  ASN  B  104    337  SER  B  105       3.9305   1 0 0 1     32      32    0
R   3500  336  ASN  B  104    338  THR  B  106       6.1037   1 0 0 0     -9       9    0
R   3501  336  ASN  B  104    340  ASN  B  108       7.3810   1 0 0 1    127     127    0
R   3502  337  SER  B  105     32  GLN  A   59       7.8470   1 0 0 0    -27      27    0
R   3503  337  SER  B  105     35  GLN  A   62       6.3851   1 0 0 0    -28      28    0
R   3504  337  SER  B  105     36  ARG  A   63       6.2000   1 0 0 0    -44      44    0
R   3506  337  SER  B  105    335  THR  B  103       6.4634   0 0 0 1     39      39    0
R   3507  337  SER  B  105    336  ASN  B  104       3.9305   1 0 0 1     34      34    0
R   3508  337  SER  B  105    338  THR  B  106       3.7878   1 0 0 0    -28      28    0
R   3509  337  SER  B  105    339  SER  B  107       5.0626   1 0 0 0      0       0    0
R   3510  337  SER  B  105    340  ASN  B  108       4.1228   1 0 0 0   -109     109    0
R   3511  337  SER  B  105    341  SER  B  109       5.5896   1 0 0 1     90      90    0
R   3512  337  SER  B  105    342  SER  B  110       7.2089   0 0 0 1     24      24    0
R   3513  338  THR  B  106     35  GLN  A   62       6.6226   0 0 0 1      4       4    0
R   3514  338  THR  B  106     36  ARG  A   63       4.1711   1 0 0 0    -15      15    0
R   3515  338  THR  B  106     39  GLY  A   66       5.6981   1 0 0 0      0       0    0
R   3516  338  THR  B  106     40  GLU  A   67       7.1733   0 0 0 1     39      39    0
R   3517  338  THR  B  106     42  ARG  A   69      10.3636   0 0 0 1      9       9    0
R   3518  338  THR  B  106     43  GLU  A   70       9.8528   1 0 0 0    -54      54    0
R   3519  338  THR  B  106    336  ASN  B  104       6.1037   1 0 0 0     -2       2    0
R   3520  338  THR  B  106    337  SER  B  105       3.7878   1 0 0 0     -8       8    0
R   3521  338  THR  B  106    339  SER  B  107       3.8487   1 0 0 0      0       0    0
R   3522  338  THR  B  106    340  ASN  B  108       5.8552   1 0 0 0     -1       1    0
R   3523  339  SER  B  107    337  SER  B  105       5.0626   1 0 0 0      0       0    0
R   3524  339  SER  B  107    338  THR  B  106       3.8487   1 0 0 0    -19      19    0
R   3525  339  SER  B  107    340  ASN  B  108       3.8326   1 0 0 0    -26      26    0
R   3527  340  ASN  B  108    336  ASN  B  104       7.3810   1 0 0 1    104     104    0
R   3528  340  ASN  B  108    337  SER  B  105       4.1228   1 0 0 0   -106     106    0
R   3529  340  ASN  B  108    338  THR  B  106       5.8552   1 0 0 0      0       0    0
R   3530  340  ASN  B  108    339  SER  B  107       3.8326   1 0 0 0    -43      43    0
R   3531  340  ASN  B  108    341  SER  B  109       3.8045   1 0 0 0    -30      30    0
R   3533  341  SER  B  109    337  SER  B  105       5.5896   1 0 0 1     72      72    0
R   3534  341  SER  B  109    340  ASN  B  108       3.8045   1 0 0 0    -31      31    0
R   3535  341  SER  B  109    342  SER  B  110       3.7886   1 0 0 1     34      34    0
R   3536  342  SER  B  110     32  GLN  A   59       7.8281   1 0 0 1     72      72    0
R   3538  342  SER  B  110    335  THR  B  103       8.9055   0 0 0 1     27      27    0
R   3539  342  SER  B  110    337  SER  B  105       7.2089   0 0 0 1     46      46    0
R   3540  342  SER  B  110    341  SER  B  109       3.7886   1 0 0 1     30      30    0
R   3541  342  SER  B  110    343  HIS  B  111       3.8450   1 0 0 1     11      11    0
R   3542  343  HIS  B  111     31  GLU  A   58       9.5224   1 0 0 0    -39      39    0
R   3543  343  HIS  B  111     32  GLN  A   59       9.6954   0 0 0 1     19      19    0
R   3544  343  HIS  B  111    342  SER  B  110       3.8450   1 0 0 0     -7       7    0
R   3545  343  HIS  B  111    344  SER  B  112       3.7534   1 0 0 1     29      29    0
R   3546  343  HIS  B  111    345  ALA  B  113       6.8649   0 0 0 1     14      14    0
R   3548  343  HIS  B  111    482  PRO  B  250       6.2180   1 0 0 0    -49      49    0
R   3549  344  SER  B  112     28  GLN  A   55       7.8430   1 0 0 1     82      82    0
R   3550  344  SER  B  112     31  GLU  A   58       7.6161   1 0 0 1    109     109    0
R   3551  344  SER  B  112    343  HIS  B  111       3.7534   1 0 0 0    -25      25    0
R   3552  344  SER  B  112    345  ALA  B  113       3.8655   1 0 0 1     18      18    0
R   3553  344  SER  B  112    346  TRP  B  114       5.4567   1 0 0 1      3       3    0
R   3554  344  SER  B  112    347  ASP  B  115       5.3549   1 0 0 0   -113     113    0
R   3555  344  SER  B  112    350  SER  B  118       8.2240   0 0 0 1      7       7    0
R   3556  345  ALA  B  113     31  GLU  A   58       7.2365   1 0 0 1     25      25    0
R   3557  345  ALA  B  113    343  HIS  B  111       6.8649   0 0 0 1     66      66    0
R   3558  345  ALA  B  113    344  SER  B  112       3.8655   1 0 0 0      0       0    0
R   3559  345  ALA  B  113    346  TRP  B  114       3.8811   1 0 0 0    -47      47    0
R   3560  345  ALA  B  113    347  ASP  B  115       5.8028   1 0 0 0      0       0    0
R   3561  345  ALA  B  113    350  SER  B  118       6.0029   1 0 0 0     -3       3    0
R   3562  345  ALA  B  113    367  VAL  B  135       6.9209   1 0 0 1    109     109    0
R   3563  346  TRP  B  114     23  PHE  A   50       7.4679   1 0 0 1     83      83    0
R   3564  346  TRP  B  114     24  ARG  A   51       5.1635   1 0 0 0   -147     147    0
R   3565  346  TRP  B  114     27  GLU  A   54       6.8806   1 0 0 1     53      53    0
R   3566  346  TRP  B  114     28  GLN  A   55       5.3268   1 0 0 0    -26      26    0
R   3567  346  TRP  B  114     31  GLU  A   58       7.4676   1 0 0 1     96      96    0
R   3568  346  TRP  B  114    344  SER  B  112       5.4567   1 0 0 1      9       9    0
R   3569  346  TRP  B  114    345  ALA  B  113       3.8811   1 0 0 0    -58      58    0
R   3570  346  TRP  B  114    347  ASP  B  115       3.8654   1 0 0 1     11      11    0
R   3571  346  TRP  B  114    351  ALA  B  119       5.0590   1 0 0 1     64      64    0
R   3572  346  TRP  B  114    354  PHE  B  122       8.6190   1 0 0 1    200     200    0
R   3573  346  TRP  B  114    367  VAL  B  135       8.6848   1 0 0 1     15      15    0
R   3575  346  TRP  B  114    369  LEU  B  137      10.0464   1 0 0 1    139     139    0
R   3577  347  ASP  B  115     24  ARG  A   51       6.7714   1 0 0 0      0       0    0
R   3579  347  ASP  B  115    344  SER  B  112       5.3549   1 0 0 0    -95      95    0
R   3580  347  ASP  B  115    345  ALA  B  113       5.8028   1 0 0 0      0       0    0
R   3581  347  ASP  B  115    346  TRP  B  114       3.8654   1 0 0 0    -30      30    0
R   3582  347  ASP  B  115    348  LEU  B  116       3.8710   1 0 0 1      4       4    0
R   3583  347  ASP  B  115    349  GLY  B  117       5.4593   1 0 0 1     33      33    0
R   3584  347  ASP  B  115    350  SER  B  118       5.5442   1 0 0 1    166     166    0
R   3585  347  ASP  B  115    351  ALA  B  119       6.0394   1 0 0 1    115     115    0
R   3586  348  LEU  B  116     17  VAL  A   44       8.2032   0 0 0 1     38      38    0
R   3587  348  LEU  B  116     20  ALA  A   47       6.0346   1 0 0 1     84      84    0
R   3588  348  LEU  B  116     21  LEU  A   48       6.8284   1 0 0 0    -15      15    0
R   3589  348  LEU  B  116     24  ARG  A   51       6.8914   1 0 0 0   -131     131    0
R   3590  348  LEU  B  116    347  ASP  B  115       3.8710   1 0 0 0    -14      14    0
R   3591  348  LEU  B  116    349  GLY  B  117       3.8689   1 0 0 0    -14      14    0
R   3592  348  LEU  B  116    350  SER  B  118       5.7883   1 0 0 0      0       0    0
R   3593  348  LEU  B  116    351  ALA  B  119       5.1815   1 0 0 0      0       0    0
R   3594  348  LEU  B  116    352  PHE  B  120       6.0433   1 0 0 1    166     166    0
R   3595  349  GLY  B  117    347  ASP  B  115       5.4593   1 0 0 1      4       4    0
R   3596  349  GLY  B  117    348  LEU  B  116       3.8689   1 0 0 0    -58      58    0
R   3597  349  GLY  B  117    350  SER  B  118       3.8626   1 0 0 1      8       8    0
R   3598  349  GLY  B  117    351  ALA  B  119       5.6186   1 0 0 0      0       0    0
R   3599  349  GLY  B  117    352  PHE  B  120       5.3308   1 0 0 0    -36      36    0
R   3600  349  GLY  B  117    353  PHE  B  121       6.3007   1 0 0 1     95      95    0
R   3603  349  GLY  B  117    491  PRO  B  259       6.2432   1 0 0 0    -28      28    0
R   3604  350  SER  B  118    344  SER  B  112       8.2240   0 0 0 1     13      13    0
R   3605  350  SER  B  118    345  ALA  B  113       6.0029   1 0 0 0     -7       7    0
R   3606  350  SER  B  118    347  ASP  B  115       5.5442   1 0 0 1     78      78    0
R   3607  350  SER  B  118    348  LEU  B  116       5.7883   1 0 0 0      0       0    0
R   3608  350  SER  B  118    349  GLY  B  117       3.8626   1 0 0 0    -14      14    0
R   3609  350  SER  B  118    351  ALA  B  119       3.8852   1 0 0 0     -1       1    0
R   3610  350  SER  B  118    352  PHE  B  120       5.4042   1 0 0 0      0       0    0
R   3611  350  SER  B  118    353  PHE  B  121       4.7590   1 0 0 0    -18      18    0
R   3612  350  SER  B  118    354  PHE  B  122       5.9415   1 0 0 1    145     145    0
R   3613  350  SER  B  118    479  GLY  B  247       8.1728   0 0 0 1      3       3    0
R   3614  350  SER  B  118    490  GLN  B  258       7.0299   1 0 0 1    114     114    0
R   3615  351  ALA  B  119     20  ALA  A   47       4.4821   1 0 0 0   -109     109    0
R   3616  351  ALA  B  119     23  PHE  A   50       6.4027   0 0 0 1      2       2    0
R   3617  351  ALA  B  119     24  ARG  A   51       6.0588   1 0 0 1     38      38    0
R   3618  351  ALA  B  119    346  TRP  B  114       5.0590   1 0 0 1     61      61    0
R   3619  351  ALA  B  119    347  ASP  B  115       6.0394   1 0 0 0    -27      27    0
R   3620  351  ALA  B  119    348  LEU  B  116       5.1815   1 0 0 0    -13      13    0
R   3621  351  ALA  B  119    349  GLY  B  117       5.6186   1 0 0 0      0       0    0
R   3622  351  ALA  B  119    350  SER  B  118       3.8852   1 0 0 0    -21      21    0
R   3623  351  ALA  B  119    352  PHE  B  120       3.8710   1 0 0 0    -11      11    0
R   3624  351  ALA  B  119    353  PHE  B  121       5.3411   1 0 0 0      0       0    0
R   3625  351  ALA  B  119    354  PHE  B  122       4.9280   1 0 0 0    -13      13    0
R   3626  351  ALA  B  119    355  SER  B  123       6.1815   1 0 0 1    224     224    0
R   3627  352  PHE  B  120     13  LEU  A   40       9.2235   1 0 0 1     53      53    0
R   3628  352  PHE  B  120     16  LEU  A   43       5.7574   1 0 0 1    192     192    0
R   3629  352  PHE  B  120     17  VAL  A   44       5.8374   1 0 0 1     27      27    0
R   3630  352  PHE  B  120     20  ALA  A   47       4.4031   1 0 0 1     16      16    0
R   3631  352  PHE  B  120    348  LEU  B  116       6.0433   1 0 0 0     -1       1    0
R   3632  352  PHE  B  120    349  GLY  B  117       5.3308   1 0 0 0    -21      21    0
R   3633  352  PHE  B  120    350  SER  B  118       5.4042   1 0 0 0      0       0    0
R   3634  352  PHE  B  120    351  ALA  B  119       3.8710   1 0 0 0    -34      34    0
R   3635  352  PHE  B  120    353  PHE  B  121       3.8418   1 0 0 0     -7       7    0
R   3636  352  PHE  B  120    354  PHE  B  122       5.5360   1 0 0 0      0       0    0
R   3637  352  PHE  B  120    355  SER  B  123       5.1662   1 0 0 1     13      13    0
R   3638  352  PHE  B  120    356  GLY  B  124       6.2941   1 0 0 1    106     106    0
R   3639  352  PHE  B  120    491  PRO  B  259       7.0346   1 0 0 1    142     142    0
R   3640  352  PHE  B  120    494  TRP  B  262       9.4428   0 0 0 1     72      72    0
R   3641  353  PHE  B  121    349  GLY  B  117       6.3007   1 0 0 0    -11      11    0
R   3642  353  PHE  B  121    350  SER  B  118       4.7590   1 0 0 0    -39      39    0
R   3643  353  PHE  B  121    351  ALA  B  119       5.3411   1 0 0 0      0       0    0
R   3644  353  PHE  B  121    352  PHE  B  120       3.8418   1 0 0 0    -33      33    0
R   3645  353  PHE  B  121    354  PHE  B  122       3.8665   1 0 0 0    -12      12    0
R   3646  353  PHE  B  121    355  SER  B  123       5.4357   1 0 0 0      0       0    0
R   3647  353  PHE  B  121    356  GLY  B  124       4.8972   1 0 0 1     72      72    0
R   3648  353  PHE  B  121    357  THR  B  125       6.4015   1 0 0 1     63      63    0
R   3649  353  PHE  B  121    364  TYR  B  132      10.1273   1 0 0 1    134     134    0
R   3651  353  PHE  B  121    463  PHE  B  231      15.7230   0 0 0 1      4       4    0
R   3652  353  PHE  B  121    477  VAL  B  245      10.5081   1 0 0 1    129     129    0
R   3654  353  PHE  B  121    490  GLN  B  258       6.8336   1 0 0 0    -93      93    0
R   3655  353  PHE  B  121    491  PRO  B  259       5.8892   0 0 0 1      1       1    0
R   3656  353  PHE  B  121    493  VAL  B  261       8.7830   0 0 0 1     30      30    0
R   3657  353  PHE  B  121    494  TRP  B  262       7.0922   0 0 0 1     27      27    0
R   3658  353  PHE  B  121    497  ILE  B  265      10.7533   1 0 0 1     95      95    0
R   3659  354  PHE  B  122     23  PHE  A   50       8.7144   1 0 0 1     85      85    0
R   3660  354  PHE  B  122    214  PHE  A  241      10.5136   1 0 0 1    162     162    0
R   3661  354  PHE  B  122    346  TRP  B  114       8.6190   1 0 0 1    144     144    0
R   3662  354  PHE  B  122    350  SER  B  118       5.9415   1 0 0 0     -8       8    0
R   3663  354  PHE  B  122    351  ALA  B  119       4.9280   1 0 0 0    -21      21    0
R   3664  354  PHE  B  122    352  PHE  B  120       5.5360   1 0 0 0      0       0    0
R   3665  354  PHE  B  122    353  PHE  B  121       3.8665   1 0 0 0    -15      15    0
R   3666  354  PHE  B  122    355  SER  B  123       3.8651   1 0 0 0    -16      16    0
R   3667  354  PHE  B  122    356  GLY  B  124       5.3160   1 0 0 0      0       0    0
R   3668  354  PHE  B  122    357  THR  B  125       5.1250   1 0 0 1    121     121    0
R   3669  354  PHE  B  122    358  ILE  B  126       6.7210   1 0 0 1     67      67    0
R   3671  354  PHE  B  122    367  VAL  B  135       8.1380   1 0 0 0   -100     100    0
R   3673  354  PHE  B  122    369  LEU  B  137      10.1771   1 0 0 1    144     144    0
R   3674  355  SER  B  123     16  LEU  A   43       5.7477   1 0 0 0    -35      35    0
R   3675  355  SER  B  123     19  GLY  A   46       6.0076   1 0 0 0      0       0    0
R   3676  355  SER  B  123     20  ALA  A   47       6.2579   1 0 0 1     69      69    0
R   3677  355  SER  B  123     23  PHE  A   50       8.1726   1 0 0 0    -86      86    0
R   3678  355  SER  B  123    351  ALA  B  119       6.1815   1 0 0 1    114     114    0
R   3679  355  SER  B  123    352  PHE  B  120       5.1662   1 0 0 0      0       0    0
R   3680  355  SER  B  123    353  PHE  B  121       5.4357   1 0 0 0      0       0    0
R   3681  355  SER  B  123    354  PHE  B  122       3.8651   1 0 0 0    -27      27    0
R   3682  355  SER  B  123    356  GLY  B  124       3.8681   1 0 0 1      4       4    0
R   3683  355  SER  B  123    357  THR  B  125       5.5306   1 0 0 0      0       0    0
R   3684  355  SER  B  123    358  ILE  B  126       5.3156   1 0 0 1     45      45    0
R   3685  355  SER  B  123    359  ILE  B  127       6.7923   1 0 0 1     38      38    0
R   3686  355  SER  B  123    381  TYR  B  149       8.4624   1 0 0 0     -5       5    0
R   3687  356  GLY  B  124     16  LEU  A   43       6.6184   1 0 0 0     -3       3    0
R   3688  356  GLY  B  124    352  PHE  B  120       6.2941   1 0 0 1     35      35    0
R   3689  356  GLY  B  124    353  PHE  B  121       4.8972   1 0 0 1     16      16    0
R   3690  356  GLY  B  124    354  PHE  B  122       5.3160   1 0 0 0      0       0    0
R   3691  356  GLY  B  124    355  SER  B  123       3.8681   1 0 0 0    -30      30    0
R   3692  356  GLY  B  124    357  THR  B  125       3.8590   1 0 0 1     12      12    0
R   3693  356  GLY  B  124    358  ILE  B  126       5.3845   1 0 0 0      0       0    0
R   3694  356  GLY  B  124    359  ILE  B  127       5.6104   1 0 0 0     -2       2    0
R   3695  356  GLY  B  124    360  THR  B  128       6.0769   1 0 0 1    103     103    0
R   3696  356  GLY  B  124    494  TRP  B  262       7.1585   1 0 0 0      0       0    0
R   3698  357  THR  B  125    353  PHE  B  121       6.4015   1 0 0 1     40      40    0
R   3699  357  THR  B  125    354  PHE  B  122       5.1250   1 0 0 1     92      92    0
R   3700  357  THR  B  125    355  SER  B  123       5.5306   1 0 0 0      0       0    0
R   3701  357  THR  B  125    356  GLY  B  124       3.8590   1 0 0 0    -15      15    0
R   3702  357  THR  B  125    358  ILE  B  126       3.8622   1 0 0 0    -15      15    0
R   3703  357  THR  B  125    359  ILE  B  127       6.0074   1 0 0 0      0       0    0
R   3704  357  THR  B  125    360  THR  B  128       5.3827   1 0 0 1      7       7    0
R   3705  357  THR  B  125    361  THR  B  129       5.9354   1 0 0 1      2       2    0
R   3706  357  THR  B  125    362  ILE  B  130       5.0243   1 0 0 1     67      67    0
R   3707  357  THR  B  125    363  GLY  B  131       4.6528   1 0 0 1    139     139    0
R   3708  357  THR  B  125    364  TYR  B  132       6.4588   1 0 0 1    130     130    0
R   3709  357  THR  B  125    365  GLY  B  133       8.3336   0 0 0 1      2       2    0
R   3710  357  THR  B  125    497  ILE  B  265       9.6345   0 0 0 1      1       1    0
R   3711  358  ILE  B  126     23  PHE  A   50      11.9263   1 0 0 1     78      78    0
R   3712  358  ILE  B  126    212  VAL  A  239       6.0957   1 0 0 1     15      15    0
R   3713  358  ILE  B  126    214  PHE  A  241       8.8038   1 0 0 1     86      86    0
R   3714  358  ILE  B  126    354  PHE  B  122       6.7210   1 0 0 1     65      65    0
R   3715  358  ILE  B  126    355  SER  B  123       5.3156   1 0 0 0    -17      17    0
R   3716  358  ILE  B  126    356  GLY  B  124       5.3845   1 0 0 0      0       0    0
R   3717  358  ILE  B  126    357  THR  B  125       3.8622   1 0 0 0    -31      31    0
R   3718  358  ILE  B  126    359  ILE  B  127       3.8749   1 0 0 0    -12      12    0
R   3719  358  ILE  B  126    360  THR  B  128       5.4954   1 0 0 0      0       0    0
R   3720  358  ILE  B  126    361  THR  B  129       4.9502   1 0 0 1     94      94    0
R   3721  358  ILE  B  126    378  CYS  B  146       8.0589   1 0 0 0      0       0    0
R   3722  358  ILE  B  126    381  TYR  B  149       8.1094   1 0 0 1     50      50    0
R   3723  358  ILE  B  126    382  ALA  B  150       6.0923   1 0 0 1    134     134    0
R   3724  358  ILE  B  126    386  ILE  B  154       7.1517   1 0 0 0    -52      52    0
R   3725  359  ILE  B  127     12  VAL  A   39       9.3874   1 0 0 1     88      88    0
R   3726  359  ILE  B  127     15  TYR  A   42       9.9408   1 0 0 1     30      30    0
R   3727  359  ILE  B  127     16  LEU  A   43       8.8032   1 0 0 1    110     110    0
R   3728  359  ILE  B  127    355  SER  B  123       6.7923   1 0 0 0    -47      47    0
R   3729  359  ILE  B  127    356  GLY  B  124       5.6104   1 0 0 0    -38      38    0
R   3730  359  ILE  B  127    357  THR  B  125       6.0074   1 0 0 0      0       0    0
R   3731  359  ILE  B  127    358  ILE  B  126       3.8749   1 0 0 0    -13      13    0
R   3732  359  ILE  B  127    360  THR  B  128       3.8787   1 0 0 0    -12      12    0
R   3733  359  ILE  B  127    361  THR  B  129       5.3107   1 0 0 0    -10      10    0
R   3734  359  ILE  B  127    381  TYR  B  149       8.0887   1 0 0 1     81      81    0
R   3735  359  ILE  B  127    385  GLY  B  153       5.0008   1 0 0 0    -39      39    0
R   3736  359  ILE  B  127    386  ILE  B  154       4.1017   1 0 0 0    -13      13    0
R   3737  359  ILE  B  127    388  LEU  B  156       8.0008   0 0 0 1      2       2    0
R   3738  359  ILE  B  127    389  PHE  B  157       6.1763   1 0 0 1     62      62    0
R   3739  359  ILE  B  127    494  TRP  B  262      11.4531   1 0 0 1      7       7    0
R   3740  360  THR  B  128    356  GLY  B  124       6.0769   1 0 0 1     25      25    0
R   3741  360  THR  B  128    357  THR  B  125       5.3827   1 0 0 1     67      67    0
R   3742  360  THR  B  128    358  ILE  B  126       5.4954   1 0 0 0      0       0    0
R   3743  360  THR  B  128    359  ILE  B  127       3.8787   1 0 0 0    -16      16    0
R   3744  360  THR  B  128    361  THR  B  129       3.8554   1 0 0 1     95      95    0
R   3745  360  THR  B  128    362  ILE  B  130       5.3764   1 0 0 0    -62      62    0
R   3746  360  THR  B  128    389  PHE  B  157       6.9886   1 0 0 1     91      91    0
R   3747  360  THR  B  128    470  THR  B  238       7.1360   1 0 0 0    -84      84    0
R   3748  360  THR  B  128    494  TRP  B  262       9.6759   1 0 0 0    -85      85    0
R   3749  360  THR  B  128    497  ILE  B  265       8.5172   1 0 0 1     30      30    0
R   3750  360  THR  B  128    501  LEU  B  269       8.4443   1 0 0 1     41      41    0
R   3751  361  THR  B  129    210  THR  A  237       6.8143   1 0 0 0    -49      49    0
R   3752  361  THR  B  129    211  THR  A  238       6.0194   1 0 0 0    -46      46    0
R   3753  361  THR  B  129    212  VAL  A  239       4.2557   1 0 0 0      0       0    0
R   3754  361  THR  B  129    357  THR  B  125       5.9354   1 0 0 0      0       0    0
R   3755  361  THR  B  129    358  ILE  B  126       4.9502   1 0 0 1     18      18    0
R   3756  361  THR  B  129    359  ILE  B  127       5.3107   1 0 0 0     -6       6    0
R   3757  361  THR  B  129    360  THR  B  128       3.8554   1 0 0 1     26      26    0
R   3758  361  THR  B  129    362  ILE  B  130       3.8649   1 0 0 1      6       6    0
R   3759  361  THR  B  129    363  GLY  B  131       5.4363   1 0 0 0      0       0    0
R   3760  361  THR  B  129    386  ILE  B  154       6.8702   1 0 0 1    198     198    0
R   3761  361  THR  B  129    470  THR  B  238       6.0715   1 0 0 0    -42      42    0
R   3762  362  ILE  B  130    212  VAL  A  239       5.5449   1 0 0 0    -50      50    0
R   3763  362  ILE  B  130    357  THR  B  125       5.0243   1 0 0 1      6       6    0
R   3764  362  ILE  B  130    360  THR  B  128       5.3764   1 0 0 0    -91      91    0
R   3765  362  ILE  B  130    361  THR  B  129       3.8649   1 0 0 0    -33      33    0
R   3766  362  ILE  B  130    363  GLY  B  131       3.8580   1 0 0 0    -29      29    0
R   3767  362  ILE  B  130    364  TYR  B  132       5.8780   1 0 0 1    131     131    0
R   3768  362  ILE  B  130    467  THR  B  235       6.3276   1 0 0 0    -69      69    0
R   3769  362  ILE  B  130    470  THR  B  238       4.1736   1 0 0 1      2       2    0
R   3770  362  ILE  B  130    471  VAL  B  239       5.7374   1 0 0 0    -57      57    0
R   3771  362  ILE  B  130    472  GLY  B  240       4.5681   1 0 0 0    -74      74    0
R   3772  362  ILE  B  130    497  ILE  B  265       9.7885   1 0 0 1    134     134    0
R   3773  362  ILE  B  130    501  LEU  B  269      10.3293   1 0 0 1     12      12    0
R   3774  363  GLY  B  131    212  VAL  A  239       4.4600   1 0 0 0    -42      42    0
R   3776  363  GLY  B  131    214  PHE  A  241       4.9597   1 0 0 0      0       0    0
R   3777  363  GLY  B  131    357  THR  B  125       4.6528   1 0 0 1     59      59    0
R   3778  363  GLY  B  131    361  THR  B  129       5.4363   1 0 0 0      0       0    0
R   3779  363  GLY  B  131    362  ILE  B  130       3.8580   1 0 0 0    -42      42    0
R   3780  363  GLY  B  131    364  TYR  B  132       3.8649   1 0 0 0     -8       8    0
R   3781  363  GLY  B  131    365  GLY  B  133       5.4991   1 0 0 1      8       8    0
R   3782  363  GLY  B  131    472  GLY  B  240       5.7803   1 0 0 0    -24      24    0
R   3784  364  TYR  B  132    353  PHE  B  121      10.1273   1 0 0 1    128     128    0
R   3785  364  TYR  B  132    357  THR  B  125       6.4588   1 0 0 1    116     116    0
R   3786  364  TYR  B  132    362  ILE  B  130       5.8780   1 0 0 1     89      89    0
R   3787  364  TYR  B  132    363  GLY  B  131       3.8649   1 0 0 0    -40      40    0
R   3788  364  TYR  B  132    365  GLY  B  133       3.8551   1 0 0 0    -13      13    0
R   3789  364  TYR  B  132    366  ASN  B  134       5.5965   1 0 0 0    -35      35    0
R   3790  364  TYR  B  132    463  PHE  B  231      10.5537   1 0 0 1      2       2    0
R   3791  364  TYR  B  132    466  VAL  B  234       9.7376   0 0 0 1      8       8    0
R   3792  364  TYR  B  132    467  THR  B  235       8.4630   1 0 0 1     20      20    0
R   3793  364  TYR  B  132    472  GLY  B  240       4.8308   1 0 0 0      0       0    0
R   3794  364  TYR  B  132    473  PHE  B  241       5.5209   1 0 0 0   -121     121    0
R   3795  364  TYR  B  132    474  GLY  B  242       3.9092   1 0 0 0    -15      15    0
R   3797  364  TYR  B  132    477  VAL  B  245       7.2643   1 0 0 1    101     101    0
R   3798  364  TYR  B  132    497  ILE  B  265      12.8796   0 0 0 1      3       3    0
R   3799  365  GLY  B  133    214  PHE  A  241       4.3083   1 0 0 0    -25      25    0
R   3802  365  GLY  B  133    357  THR  B  125       8.3336   0 0 0 1      2       2    0
R   3803  365  GLY  B  133    363  GLY  B  131       5.4991   1 0 0 0      0       0    0
R   3804  365  GLY  B  133    364  TYR  B  132       3.8551   1 0 0 0    -31      31    0
R   3805  365  GLY  B  133    366  ASN  B  134       3.8899   1 0 0 1      8       8    0
R   3806  365  GLY  B  133    367  VAL  B  135       5.1766   1 0 0 1      8       8    0
R   3809  366  ASN  B  134    364  TYR  B  132       5.5965   1 0 0 0    -70      70    0
R   3810  366  ASN  B  134    365  GLY  B  133       3.8899   1 0 0 0    -24      24    0
R   3811  366  ASN  B  134    367  VAL  B  135       3.8679   1 0 0 0    -72      72    0
R   3812  366  ASN  B  134    474  GLY  B  242       5.2855   1 0 0 0    -80      80    0
R   3813  366  ASN  B  134    477  VAL  B  245       7.4558   1 0 0 0    -36      36    0
R   3814  366  ASN  B  134    480  ALA  B  248       8.1069   1 0 0 0   -149     149    0
R   3816  367  VAL  B  135    345  ALA  B  113       6.9209   1 0 0 1    114     114    0
R   3817  367  VAL  B  135    346  TRP  B  114       8.6848   1 0 0 0    -91      91    0
R   3818  367  VAL  B  135    354  PHE  B  122       8.1380   1 0 0 0   -134     134    0
R   3819  367  VAL  B  135    365  GLY  B  133       5.1766   1 0 0 0      0       0    0
R   3820  367  VAL  B  135    366  ASN  B  134       3.8679   1 0 0 0    -83      83    0
R   3821  367  VAL  B  135    368  ALA  B  136       3.8611   1 0 0 0     -8       8    0
R   3823  368  ALA  B  136    214  PHE  A  241       7.3230   0 0 0 1      5       5    0
R   3824  368  ALA  B  136    216  ASP  A  243       6.2015   1 0 0 1    136     136    0
R   3828  368  ALA  B  136    367  VAL  B  135       3.8611   1 0 0 0    -24      24    0
R   3829  368  ALA  B  136    369  LEU  B  137       3.8277   1 0 0 0    -17      17    0
R   3831  369  LEU  B  137     23  PHE  A   50       8.5323   1 0 0 1     42      42    0
R   3832  369  LEU  B  137     27  GLU  A   54       6.5841   1 0 0 1     85      85    0
R   3833  369  LEU  B  137    203  TYR  A  230      10.8277   1 0 0 0    -74      74    0
R   3834  369  LEU  B  137    214  PHE  A  241       9.6978   0 0 0 1      1       1    0
R   3836  369  LEU  B  137    346  TRP  B  114      10.0464   1 0 0 1     96      96    0
R   3837  369  LEU  B  137    354  PHE  B  122      10.1771   1 0 0 1    102     102    0
R   3838  369  LEU  B  137    368  ALA  B  136       3.8277   1 0 0 0    -23      23    0
R   3839  369  LEU  B  137    370  ARG  B  138       3.8756   1 0 0 1     10      10    0
R   3840  369  LEU  B  137    371  THR  B  139       5.9896   1 0 0 0     -5       5    0
R   3841  369  LEU  B  137    374  GLY  B  142       6.1224   1 0 0 0    -89      89    0
R   3842  369  LEU  B  137    375  ARG  B  143       6.3682   1 0 0 1    177     177    0
R   3843  369  LEU  B  137    378  CYS  B  146       8.9085   1 0 0 1     88      88    0
R   3844  370  ARG  B  138     27  GLU  A   54       6.5136   1 0 0 1      1       1    0
R   3845  370  ARG  B  138     30  HIS  A   57       6.7053   1 0 0 1    200     200    0
R   3846  370  ARG  B  138     31  GLU  A   58       8.0681   1 0 0 1     51      51    0
R   3847  370  ARG  B  138     33  GLN  A   60       8.8894   1 0 0 0   -133     133    0
R   3848  370  ARG  B  138     34  ALA  A   61       9.6332   1 0 0 0    -94      94    0
R   3849  370  ARG  B  138    329  GLY  B   97       8.7705   1 0 0 1    139     139    0
R   3853  370  ARG  B  138    369  LEU  B  137       3.8756   1 0 0 0      0       0    0
R   3854  370  ARG  B  138    371  THR  B  139       3.8854   1 0 0 0     -4       4    0
R   3855  370  ARG  B  138    372  ASP  B  140       6.8299   0 0 0 1      3       3    0
R   3856  370  ARG  B  138    375  ARG  B  143       7.8624   1 0 0 1     99      99    0
R   3857  371  THR  B  139     26  LEU  A   53       6.8406   1 0 0 0   -102     102    0
R   3858  371  THR  B  139     27  GLU  A   54       6.3651   1 0 0 1    130     130    0
R   3859  371  THR  B  139     30  HIS  A   57       7.6302   1 0 0 0    -44      44    0
R   3860  371  THR  B  139    369  LEU  B  137       5.9896   1 0 0 0      0       0    0
R   3861  371  THR  B  139    370  ARG  B  138       3.8854   1 0 0 0    -40      40    0
R   3862  371  THR  B  139    372  ASP  B  140       3.8575   1 0 0 1     15      15    0
R   3863  371  THR  B  139    373  ALA  B  141       5.1429   1 0 0 1      5       5    0
R   3864  371  THR  B  139    374  GLY  B  142       5.1597   1 0 0 1     71      71    0
R   3865  371  THR  B  139    375  ARG  B  143       6.5484   1 0 0 1     29      29    0
R   3866  372  ASP  B  140    197  SER  A  224      10.0330   0 0 0 1     12      12    0
R   3867  372  ASP  B  140    199  LEU  A  226       7.5007   1 0 0 1      5       5    0
R   3869  372  ASP  B  140    370  ARG  B  138       6.8299   0 0 0 1      6       6    0
R   3870  372  ASP  B  140    371  THR  B  139       3.8575   1 0 0 0      0       0    0
R   3871  372  ASP  B  140    373  ALA  B  141       3.8657   1 0 0 0     -3       3    0
R   3872  372  ASP  B  140    374  GLY  B  142       5.4690   1 0 0 0      0       0    0
R   3873  372  ASP  B  140    375  ARG  B  143       5.1045   1 0 0 1    115     115    0
R   3874  372  ASP  B  140    376  LEU  B  144       5.9905   1 0 0 1    132     132    0
R   3875  373  ALA  B  141     26  LEU  A   53       6.8269   1 0 0 1    110     110    0
R   3876  373  ALA  B  141    371  THR  B  139       5.1429   1 0 0 0    -18      18    0
R   3877  373  ALA  B  141    372  ASP  B  140       3.8657   1 0 0 0    -46      46    0
R   3878  373  ALA  B  141    374  GLY  B  142       3.8452   1 0 0 0     -6       6    0
R   3879  373  ALA  B  141    375  ARG  B  143       5.5725   1 0 0 0      0       0    0
R   3880  373  ALA  B  141    376  LEU  B  144       5.2681   1 0 0 0    -10      10    0
R   3881  373  ALA  B  141    377  PHE  B  145       6.0173   1 0 0 1    101     101    0
R   3882  374  GLY  B  142     23  PHE  A   50       6.1761   1 0 0 0    -38      38    0
R   3883  374  GLY  B  142     26  LEU  A   53       6.0197   1 0 0 0     -1       1    0
R   3884  374  GLY  B  142     27  GLU  A   54       6.7180   1 0 0 0      0       0    0
R   3885  374  GLY  B  142    369  LEU  B  137       6.1224   1 0 0 0     -3       3    0
R   3886  374  GLY  B  142    371  THR  B  139       5.1597   1 0 0 1     34      34    0
R   3887  374  GLY  B  142    372  ASP  B  140       5.4690   1 0 0 0      0       0    0
R   3888  374  GLY  B  142    373  ALA  B  141       3.8452   1 0 0 0    -40      40    0
R   3889  374  GLY  B  142    375  ARG  B  143       3.8389   1 0 0 0     -1       1    0
R   3890  374  GLY  B  142    376  LEU  B  144       5.6476   1 0 0 0      0       0    0
R   3891  374  GLY  B  142    377  PHE  B  145       5.0862   1 0 0 1      2       2    0
R   3892  374  GLY  B  142    378  CYS  B  146       5.9333   1 0 0 1    101     101    0
R   3893  375  ARG  B  143    199  LEU  A  226       8.1982   1 0 0 1     31      31    0
R   3894  375  ARG  B  143    200  GLU  A  227       7.9256   0 0 0 1     14      14    0
R   3895  375  ARG  B  143    203  TYR  A  230       6.4780   1 0 0 1    103     103    0
R   3896  375  ARG  B  143    216  ASP  A  243      10.8760   0 0 0 1      2       2    0
R   3897  375  ARG  B  143    217  TYR  A  244      11.3128   1 0 0 1     46      46    0
R   3898  375  ARG  B  143    369  LEU  B  137       6.3682   1 0 0 1    157     157    0
R   3899  375  ARG  B  143    370  ARG  B  138       7.8624   1 0 0 1     95      95    0
R   3900  375  ARG  B  143    371  THR  B  139       6.5484   1 0 0 1      5       5    0
R   3901  375  ARG  B  143    372  ASP  B  140       5.1045   1 0 0 1     85      85    0
R   3902  375  ARG  B  143    373  ALA  B  141       5.5725   1 0 0 0      0       0    0
R   3903  375  ARG  B  143    374  GLY  B  142       3.8389   1 0 0 0    -26      26    0
R   3904  375  ARG  B  143    376  LEU  B  144       3.8491   1 0 0 0    -14      14    0
R   3905  375  ARG  B  143    377  PHE  B  145       5.3598   1 0 0 0      0       0    0
R   3906  375  ARG  B  143    378  CYS  B  146       4.9283   1 0 0 0     -4       4    0
R   3907  375  ARG  B  143    379  ILE  B  147       6.3811   1 0 0 1     69      69    0
R   3908  376  LEU  B  144    199  LEU  A  226       7.3543   1 0 0 1     86      86    0
R   3909  376  LEU  B  144    372  ASP  B  140       5.9905   1 0 0 0    -15      15    0
R   3910  376  LEU  B  144    373  ALA  B  141       5.2681   1 0 0 0    -17      17    0
R   3911  376  LEU  B  144    374  GLY  B  142       5.6476   1 0 0 0      0       0    0
R   3912  376  LEU  B  144    375  ARG  B  143       3.8491   1 0 0 0    -15      15    0
R   3913  376  LEU  B  144    377  PHE  B  145       3.8785   1 0 0 0    -11      11    0
R   3914  376  LEU  B  144    378  CYS  B  146       5.6017   1 0 0 0      0       0    0
R   3915  376  LEU  B  144    379  ILE  B  147       5.3846   1 0 0 0    -69      69    0
R   3916  376  LEU  B  144    380  PHE  B  148       7.1079   1 0 0 1     11      11    0
R   3917  377  PHE  B  145     19  GLY  A   46       9.1829   1 0 0 0     -3       3    0
R   3918  377  PHE  B  145     22  VAL  A   49       8.6574   1 0 0 1    219     219    0
R   3919  377  PHE  B  145     23  PHE  A   50       8.3173   1 0 0 1    145     145    0
R   3920  377  PHE  B  145     26  LEU  A   53       9.6254   1 0 0 1     20      20    0
R   3921  377  PHE  B  145    373  ALA  B  141       6.0173   1 0 0 0    -30      30    0
R   3922  377  PHE  B  145    374  GLY  B  142       5.0862   1 0 0 0    -17      17    0
R   3923  377  PHE  B  145    375  ARG  B  143       5.3598   1 0 0 0      0       0    0
R   3924  377  PHE  B  145    376  LEU  B  144       3.8785   1 0 0 0    -25      25    0
R   3925  377  PHE  B  145    378  CYS  B  146       3.8714   1 0 0 0     -9       9    0
R   3926  377  PHE  B  145    379  ILE  B  147       5.3855   1 0 0 0      0       0    0
R   3927  377  PHE  B  145    380  PHE  B  148       5.5798   1 0 0 1     17      17    0
R   3928  377  PHE  B  145    381  TYR  B  149       5.9429   1 0 0 1    307     307    0
R   3929  378  CYS  B  146     23  PHE  A   50       8.3886   1 0 0 1     16      16    0
R   3930  378  CYS  B  146    203  TYR  A  230       8.2746   1 0 0 1     10      10    0
R   3932  378  CYS  B  146    214  PHE  A  241      11.1467   1 0 0 0      0       0    0
R   3933  378  CYS  B  146    358  ILE  B  126       8.0589   1 0 0 0     -1       1    0
R   3934  378  CYS  B  146    369  LEU  B  137       8.9085   1 0 0 1     55      55    0
R   3935  378  CYS  B  146    374  GLY  B  142       5.9333   1 0 0 0    -31      31    0
R   3936  378  CYS  B  146    375  ARG  B  143       4.9283   1 0 0 0    -27      27    0
R   3937  378  CYS  B  146    376  LEU  B  144       5.6017   1 0 0 0      0       0    0
R   3938  378  CYS  B  146    377  PHE  B  145       3.8714   1 0 0 0    -29      29    0
R   3939  378  CYS  B  146    379  ILE  B  147       3.8828   1 0 0 0     -7       7    0
R   3940  378  CYS  B  146    380  PHE  B  148       5.7423   1 0 0 0      0       0    0
R   3941  378  CYS  B  146    381  TYR  B  149       4.8240   1 0 0 0     -6       6    0
R   3942  378  CYS  B  146    382  ALA  B  150       5.9706   1 0 0 1     78      78    0
R   3943  379  ILE  B  147    199  LEU  A  226      10.2069   0 0 0 1      6       6    0
R   3944  379  ILE  B  147    202  ILE  A  229       8.5816   1 0 0 1    102     102    0
R   3945  379  ILE  B  147    203  TYR  A  230       6.4740   1 0 0 1     14      14    0
R   3946  379  ILE  B  147    206  ILE  A  233       6.7745   1 0 0 1    128     128    0
R   3947  379  ILE  B  147    207  VAL  A  234       7.3950   0 0 0 1      5       5    0
R   3948  379  ILE  B  147    375  ARG  B  143       6.3811   1 0 0 0    -32      32    0
R   3949  379  ILE  B  147    376  LEU  B  144       5.3846   1 0 0 1      3       3    0
R   3950  379  ILE  B  147    377  PHE  B  145       5.3855   1 0 0 0      0       0    0
R   3951  379  ILE  B  147    378  CYS  B  146       3.8828   1 0 0 0    -34      34    0
R   3952  379  ILE  B  147    380  PHE  B  148       3.8766   1 0 0 1     53      53    0
R   3953  379  ILE  B  147    381  TYR  B  149       5.4748   1 0 0 0      0       0    0
R   3954  379  ILE  B  147    382  ALA  B  150       5.3904   1 0 0 1     12      12    0
R   3955  379  ILE  B  147    383  LEU  B  151       6.3781   1 0 0 1    135     135    0
R   3956  380  PHE  B  148    376  LEU  B  144       7.1079   1 0 0 1     69      69    0
R   3957  380  PHE  B  148    377  PHE  B  145       5.5798   1 0 0 0     -5       5    0
R   3958  380  PHE  B  148    378  CYS  B  146       5.7423   1 0 0 0      0       0    0
R   3959  380  PHE  B  148    379  ILE  B  147       3.8766   1 0 0 1     19      19    0
R   3960  380  PHE  B  148    381  TYR  B  149       3.8573   1 0 0 0     -9       9    0
R   3961  380  PHE  B  148    382  ALA  B  150       5.3992   1 0 0 0      0       0    0
R   3962  380  PHE  B  148    383  LEU  B  151       5.1156   1 0 0 1     44      44    0
R   3963  380  PHE  B  148    384  VAL  B  152       6.1778   1 0 0 1     65      65    0
R   3964  381  TYR  B  149     15  TYR  A   42       9.0656   1 0 0 1    222     222    0
R   3965  381  TYR  B  149     16  LEU  A   43       9.5557   1 0 0 0    -22      22    0
R   3967  381  TYR  B  149     19  GLY  A   46       7.6197   1 0 0 0     -2       2    0
R   3968  381  TYR  B  149     23  PHE  A   50      10.3485   1 0 0 1     13      13    0
R   3969  381  TYR  B  149    355  SER  B  123       8.4624   1 0 0 0    -82      82    0
R   3970  381  TYR  B  149    358  ILE  B  126       8.1094   1 0 0 1     86      86    0
R   3971  381  TYR  B  149    359  ILE  B  127       8.0887   1 0 0 1     27      27    0
R   3972  381  TYR  B  149    377  PHE  B  145       5.9429   1 0 0 1     82      82    0
R   3973  381  TYR  B  149    378  CYS  B  146       4.8240   1 0 0 0    -26      26    0
R   3974  381  TYR  B  149    379  ILE  B  147       5.4748   1 0 0 0      0       0    0
R   3975  381  TYR  B  149    380  PHE  B  148       3.8573   1 0 0 0    -35      35    0
R   3976  381  TYR  B  149    382  ALA  B  150       3.8421   1 0 0 0     -3       3    0
R   3977  381  TYR  B  149    383  LEU  B  151       5.8400   1 0 0 0      0       0    0
R   3978  381  TYR  B  149    385  GLY  B  153       5.6275   1 0 0 1     76      76    0
R   3979  382  ALA  B  150    206  ILE  A  233       8.7399   0 0 0 1     12      12    0
R   3980  382  ALA  B  150    210  THR  A  237       7.6930   1 0 0 1     42      42    0
R   3981  382  ALA  B  150    212  VAL  A  239       8.7019   0 0 0 1     12      12    0
R   3982  382  ALA  B  150    358  ILE  B  126       6.0923   1 0 0 1     75      75    0
R   3983  382  ALA  B  150    378  CYS  B  146       5.9706   1 0 0 0    -44      44    0
R   3984  382  ALA  B  150    379  ILE  B  147       5.3904   1 0 0 0    -17      17    0
R   3985  382  ALA  B  150    380  PHE  B  148       5.3992   1 0 0 0      0       0    0
R   3986  382  ALA  B  150    381  TYR  B  149       3.8421   1 0 0 0    -37      37    0
R   3987  382  ALA  B  150    383  LEU  B  151       3.8656   1 0 0 0     -9       9    0
R   3988  382  ALA  B  150    384  VAL  B  152       5.4075   1 0 0 0      0       0    0
R   3989  382  ALA  B  150    385  GLY  B  153       4.7973   1 0 0 1      3       3    0
R   3990  382  ALA  B  150    386  ILE  B  154       5.4899   1 0 0 1    163     163    0
R   3991  382  ALA  B  150    387  PRO  B  155       8.3085   1 0 0 0      0       0    0
R   3992  383  LEU  B  151    206  ILE  A  233       8.5724   1 0 0 1    113     113    0
R   3993  383  LEU  B  151    210  THR  A  237       7.9190   1 0 0 1     34      34    0
R   3994  383  LEU  B  151    245  PHE  A  272      11.0928   0 0 0 1     96      96    0
R   3995  383  LEU  B  151    379  ILE  B  147       6.3781   1 0 0 1     47      47    0
R   3996  383  LEU  B  151    380  PHE  B  148       5.1156   1 0 0 1     34      34    0
R   3997  383  LEU  B  151    381  TYR  B  149       5.8400   1 0 0 0      0       0    0
R   3998  383  LEU  B  151    382  ALA  B  150       3.8656   1 0 0 0    -24      24    0
R   3999  383  LEU  B  151    384  VAL  B  152       3.9053   1 0 0 1      3       3    0
R   4000  383  LEU  B  151    385  GLY  B  153       5.8393   1 0 0 0      0       0    0
R   4002  383  LEU  B  151    387  PRO  B  155       7.1200   1 0 0 0   -136     136    0
R   4003  384  VAL  B  152     15  TYR  A   42       9.8377   1 0 0 0    -29      29    0
R   4004  384  VAL  B  152    380  PHE  B  148       6.1778   1 0 0 0    -43      43    0
R   4005  384  VAL  B  152    382  ALA  B  150       5.4075   1 0 0 0      0       0    0
R   4006  384  VAL  B  152    383  LEU  B  151       3.9053   1 0 0 0    -20      20    0
R   4007  384  VAL  B  152    385  GLY  B  153       3.8414   1 0 0 0     -3       3    0
R   4008  384  VAL  B  152    386  ILE  B  154       6.1019   1 0 0 0      0       0    0
R   4009  384  VAL  B  152    387  PRO  B  155       6.3274   1 0 0 0    -24      24    0
R   4010  384  VAL  B  152    388  LEU  B  156       6.3455   1 0 0 0    -42      42    0
R   4011  385  GLY  B  153     15  TYR  A   42       7.8429   1 0 0 0      0       0    0
R   4012  385  GLY  B  153    359  ILE  B  127       5.0008   1 0 0 0    -18      18    0
R   4013  385  GLY  B  153    381  TYR  B  149       5.6275   1 0 0 1     48      48    0
R   4014  385  GLY  B  153    382  ALA  B  150       4.7973   1 0 0 1      1       1    0
R   4015  385  GLY  B  153    383  LEU  B  151       5.8393   1 0 0 0      0       0    0
R   4016  385  GLY  B  153    384  VAL  B  152       3.8414   1 0 0 0    -35      35    0
R   4017  385  GLY  B  153    386  ILE  B  154       3.8831   1 0 0 1      3       3    0
R   4018  385  GLY  B  153    387  PRO  B  155       5.7984   1 0 0 0      0       0    0
R   4019  385  GLY  B  153    388  LEU  B  156       5.1018   1 0 0 0     -1       1    0
R   4020  385  GLY  B  153    389  PHE  B  157       6.1163   1 0 0 1    107     107    0
R   4021  386  ILE  B  154    210  THR  A  237       8.0412   1 0 0 1     27      27    0
R   4022  386  ILE  B  154    212  VAL  A  239       9.4440   1 0 0 1      8       8    0
R   4023  386  ILE  B  154    358  ILE  B  126       7.1517   1 0 0 0    -90      90    0
R   4024  386  ILE  B  154    359  ILE  B  127       4.1017   1 0 0 0    -15      15    0
R   4025  386  ILE  B  154    361  THR  B  129       6.8702   1 0 0 1    127     127    0
R   4026  386  ILE  B  154    382  ALA  B  150       5.4899   1 0 0 1     32      32    0
R   4028  386  ILE  B  154    384  VAL  B  152       6.1019   1 0 0 0      0       0    0
R   4029  386  ILE  B  154    385  GLY  B  153       3.8831   1 0 0 0     -4       4    0
R   4030  386  ILE  B  154    387  PRO  B  155       3.8471   1 0 0 0    -26      26    0
R   4031  386  ILE  B  154    388  LEU  B  156       5.4870   1 0 0 0      0       0    0
R   4032  386  ILE  B  154    389  PHE  B  157       5.1332   1 0 0 1      1       1    0
R   4033  386  ILE  B  154    390  GLY  B  158       6.2141   1 0 0 1    129     129    0
R   4034  387  PRO  B  155    249  LEU  A  276       7.7697   1 0 0 1    102     102    0
R   4035  387  PRO  B  155    252  ILE  A  279       8.8799   0 0 0 1     34      34    0
R   4036  387  PRO  B  155    256  LEU  A  283       9.6691   0 0 0 1     39      39    0
R   4037  387  PRO  B  155    382  ALA  B  150       8.3085   1 0 0 0     -4       4    0
R   4038  387  PRO  B  155    383  LEU  B  151       7.1200   1 0 0 0   -116     116    0
R   4039  387  PRO  B  155    384  VAL  B  152       6.3274   1 0 0 0    -28      28    0
R   4040  387  PRO  B  155    385  GLY  B  153       5.7984   1 0 0 0      0       0    0
R   4041  387  PRO  B  155    386  ILE  B  154       3.8471   1 0 0 0    -40      40    0
R   4042  387  PRO  B  155    388  LEU  B  156       3.8939   1 0 0 0     -5       5    0
R   4043  387  PRO  B  155    389  PHE  B  157       5.3061   1 0 0 0      0       0    0
R   4044  387  PRO  B  155    390  GLY  B  158       4.8098   1 0 0 1     62      62    0
R   4045  387  PRO  B  155    391  ILE  B  159       6.4548   1 0 0 0    -11      11    0
R   4046  388  LEU  B  156      8  LEU  A   35       8.5118   1 0 0 1    124     124    0
R   4047  388  LEU  B  156     11  LEU  A   38       9.3881   1 0 0 1     99      99    0
R   4048  388  LEU  B  156     12  VAL  A   39       7.5562   1 0 0 1    106     106    0
R   4049  388  LEU  B  156     15  TYR  A   42       9.7928   1 0 0 1    124     124    0
R   4050  388  LEU  B  156    359  ILE  B  127       8.0008   0 0 0 1      1       1    0
R   4051  388  LEU  B  156    384  VAL  B  152       6.3455   1 0 0 0    -57      57    0
R   4052  388  LEU  B  156    385  GLY  B  153       5.1018   1 0 0 0    -21      21    0
R   4053  388  LEU  B  156    386  ILE  B  154       5.4870   1 0 0 0      0       0    0
R   4054  388  LEU  B  156    387  PRO  B  155       3.8939   1 0 0 0    -86      86    0
R   4055  388  LEU  B  156    389  PHE  B  157       3.8662   1 0 0 0     -9       9    0
R   4056  388  LEU  B  156    390  GLY  B  158       5.6133   1 0 0 0      0       0    0
R   4057  388  LEU  B  156    391  ILE  B  159       5.4471   1 0 0 0    -25      25    0
R   4058  388  LEU  B  156    392  LEU  B  160       6.7646   1 0 0 1     68      68    0
R   4060  389  PHE  B  157    359  ILE  B  127       6.1763   1 0 0 1      7       7    0
R   4061  389  PHE  B  157    360  THR  B  128       6.9886   1 0 0 1    109     109    0
R   4062  389  PHE  B  157    385  GLY  B  153       6.1163   1 0 0 0    -11      11    0
R   4063  389  PHE  B  157    386  ILE  B  154       5.1332   1 0 0 0    -34      34    0
R   4064  389  PHE  B  157    387  PRO  B  155       5.3061   1 0 0 0      0       0    0
R   4065  389  PHE  B  157    388  LEU  B  156       3.8662   1 0 0 0    -37      37    0
R   4066  389  PHE  B  157    390  GLY  B  158       3.8951   1 0 0 0     -5       5    0
R   4067  389  PHE  B  157    391  ILE  B  159       5.2918   1 0 0 0      0       0    0
R   4068  389  PHE  B  157    392  LEU  B  160       4.9447   1 0 0 1     70      70    0
R   4069  389  PHE  B  157    393  LEU  B  161       5.9389   1 0 0 1    308     308    0
R   4070  389  PHE  B  157    494  TRP  B  262      12.9250   1 0 0 1     89      89    0
R   4071  389  PHE  B  157    498  LEU  B  266       9.5251   1 0 0 1    139     139    0
R   4072  389  PHE  B  157    501  LEU  B  269      10.8196   1 0 0 1     47      47    0
R   4073  390  GLY  B  158    386  ILE  B  154       6.2141   1 0 0 1     52      52    0
R   4074  390  GLY  B  158    387  PRO  B  155       4.8098   1 0 0 1      5       5    0
R   4075  390  GLY  B  158    388  LEU  B  156       5.6133   1 0 0 0      0       0    0
R   4076  390  GLY  B  158    389  PHE  B  157       3.8951   1 0 0 0    -26      26    0
R   4077  390  GLY  B  158    391  ILE  B  159       3.8667   1 0 0 0     -1       1    0
R   4078  390  GLY  B  158    392  LEU  B  160       5.5513   1 0 0 0      0       0    0
R   4079  390  GLY  B  158    393  LEU  B  161       4.9189   1 0 0 0     -9       9    0
R   4080  390  GLY  B  158    394  ALA  B  162       6.0519   1 0 0 1     81      81    0
R   4082  391  ILE  B  159      8  LEU  A   35       8.6003   1 0 0 1     94      94    0
R   4084  391  ILE  B  159    256  LEU  A  283       8.2913   0 0 0 1     77      77    0
R   4085  391  ILE  B  159    257  ARG  A  284       7.0933   0 0 0 1     54      54    0
R   4086  391  ILE  B  159    387  PRO  B  155       6.4548   1 0 0 0    -62      62    0
R   4087  391  ILE  B  159    388  LEU  B  156       5.4471   1 0 0 0    -35      35    0
R   4088  391  ILE  B  159    389  PHE  B  157       5.2918   1 0 0 0      0       0    0
R   4089  391  ILE  B  159    390  GLY  B  158       3.8667   1 0 0 0    -33      33    0
R   4090  391  ILE  B  159    392  LEU  B  160       3.8994   1 0 0 1      1       1    0
R   4091  391  ILE  B  159    393  LEU  B  161       5.4758   1 0 0 0      0       0    0
R   4092  391  ILE  B  159    394  ALA  B  162       5.2211   1 0 0 0     -2       2    0
R   4093  391  ILE  B  159    395  GLY  B  163       5.9584   1 0 0 1    136     136    0
R   4095  392  LEU  B  160      8  LEU  A   35       6.7002   1 0 0 1     37      37    0
R   4096  392  LEU  B  160      9  LEU  A   36       6.7876   1 0 0 1     47      47    0
R   4097  392  LEU  B  160     12  VAL  A   39       8.3202   1 0 0 1    145     145    0
R   4098  392  LEU  B  160    388  LEU  B  156       6.7646   1 0 0 0    -24      24    0
R   4099  392  LEU  B  160    389  PHE  B  157       4.9447   1 0 0 1     43      43    0
R   4100  392  LEU  B  160    390  GLY  B  158       5.5513   1 0 0 0      0       0    0
R   4101  392  LEU  B  160    391  ILE  B  159       3.8994   1 0 0 0    -37      37    0
R   4102  392  LEU  B  160    393  LEU  B  161       3.8656   1 0 0 0    -13      13    0
R   4103  392  LEU  B  160    394  ALA  B  162       5.5695   1 0 0 0      0       0    0
R   4104  392  LEU  B  160    395  GLY  B  163       4.7695   1 0 0 1      5       5    0
R   4105  392  LEU  B  160    396  VAL  B  164       5.9366   1 0 0 1    211     211    0
R   4106  392  LEU  B  160    494  TRP  B  262      14.0358   0 0 0 1      7       7    0
R   4107  392  LEU  B  160    498  LEU  B  266       9.2311   1 0 0 1     52      52    0
R   4108  393  LEU  B  161    389  PHE  B  157       5.9389   1 0 0 1     82      82    0
R   4109  393  LEU  B  161    390  GLY  B  158       4.9189   1 0 0 0    -23      23    0
R   4110  393  LEU  B  161    391  ILE  B  159       5.4758   1 0 0 0      0       0    0
R   4111  393  LEU  B  161    392  LEU  B  160       3.8656   1 0 0 0    -23      23    0
R   4112  393  LEU  B  161    394  ALA  B  162       3.8662   1 0 0 0     -2       2    0
R   4113  393  LEU  B  161    395  GLY  B  163       5.3317   1 0 0 0      0       0    0
R   4114  393  LEU  B  161    396  VAL  B  164       5.2161   1 0 0 0      0       0    0
R   4115  393  LEU  B  161    397  GLY  B  165       5.6303   1 0 0 1    180     180    0
R   4117  393  LEU  B  161    501  LEU  B  269       7.3505   1 0 0 1     57      57    0
R   4118  393  LEU  B  161    502  ALA  B  270       5.2028   1 0 0 0   -133     133    0
R   4119  393  LEU  B  161    505  ALA  B  273       7.7169   1 0 0 1     65      65    0
R   4120  394  ALA  B  162    257  ARG  A  284       9.4010   1 0 0 0    -95      95    0
R   4121  394  ALA  B  162    390  GLY  B  158       6.0519   1 0 0 0    -52      52    0
R   4122  394  ALA  B  162    391  ILE  B  159       5.2211   1 0 0 0    -14      14    0
R   4123  394  ALA  B  162    392  LEU  B  160       5.5695   1 0 0 0      0       0    0
R   4124  394  ALA  B  162    393  LEU  B  161       3.8662   1 0 0 0    -39      39    0
R   4125  394  ALA  B  162    395  GLY  B  163       3.8539   1 0 0 0    -11      11    0
R   4126  394  ALA  B  162    396  VAL  B  164       5.7055   1 0 0 0      0       0    0
R   4127  394  ALA  B  162    397  GLY  B  165       4.7796   1 0 0 0      0       0    0
R   4128  394  ALA  B  162    398  ASP  B  166       6.0637   1 0 0 1     65      65    0
R   4131  395  GLY  B  163      5  LEU  A   32       6.4925   1 0 0 0    -33      33    0
R   4132  395  GLY  B  163    391  ILE  B  159       5.9584   1 0 0 1     47      47    0
R   4133  395  GLY  B  163    392  LEU  B  160       4.7695   1 0 0 1      1       1    0
R   4134  395  GLY  B  163    393  LEU  B  161       5.3317   1 0 0 0      0       0    0
R   4135  395  GLY  B  163    394  ALA  B  162       3.8539   1 0 0 0    -43      43    0
R   4136  395  GLY  B  163    396  VAL  B  164       3.8696   1 0 0 1     10      10    0
R   4137  395  GLY  B  163    397  GLY  B  165       5.4020   1 0 0 0      0       0    0
R   4138  395  GLY  B  163    398  ASP  B  166       5.5322   1 0 0 0    -12      12    0
R   4139  395  GLY  B  163    399  ARG  B  167       6.1870   1 0 0 1     86      86    0
R   4140  396  VAL  B  164      5  LEU  A   32       7.6016   0 0 0 1     16      16    0
R   4141  396  VAL  B  164    392  LEU  B  160       5.9366   1 0 0 1     79      79    0
R   4142  396  VAL  B  164    393  LEU  B  161       5.2161   1 0 0 0     -9       9    0
R   4143  396  VAL  B  164    394  ALA  B  162       5.7055   1 0 0 0      0       0    0
R   4144  396  VAL  B  164    395  GLY  B  163       3.8696   1 0 0 0     -1       1    0
R   4145  396  VAL  B  164    397  GLY  B  165       3.8822   1 0 0 0     -6       6    0
R   4146  396  VAL  B  164    398  ASP  B  166       5.6778   1 0 0 0      0       0    0
R   4147  396  VAL  B  164    399  ARG  B  167       4.8755   1 0 0 1     10      10    0
R   4148  396  VAL  B  164    400  LEU  B  168       5.5904   1 0 0 1    184     184    0
R   4149  396  VAL  B  164    498  LEU  B  266       8.6577   0 0 0 1     75      75    0
R   4150  396  VAL  B  164    499  LEU  B  267       7.8720   0 0 0 1     62      62    0
R   4151  396  VAL  B  164    502  ALA  B  270       6.1174   1 0 0 1     83      83    0
R   4152  397  GLY  B  165    393  LEU  B  161       5.6303   1 0 0 1     69      69    0
R   4153  397  GLY  B  165    394  ALA  B  162       4.7796   1 0 0 0      0       0    0
R   4154  397  GLY  B  165    395  GLY  B  163       5.4020   1 0 0 0      0       0    0
R   4155  397  GLY  B  165    396  VAL  B  164       3.8822   1 0 0 0    -21      21    0
R   4156  397  GLY  B  165    398  ASP  B  166       3.8860   1 0 0 1     10      10    0
R   4157  397  GLY  B  165    399  ARG  B  167       5.4743   1 0 0 0      0       0    0
R   4158  397  GLY  B  165    400  LEU  B  168       5.2075   1 0 0 0      0       0    0
R   4159  397  GLY  B  165    401  GLY  B  169       5.8824   1 0 0 1     98      98    0
R   4160  397  GLY  B  165    502  ALA  B  270       4.5885   1 0 0 0     -2       2    0
R   4162  397  GLY  B  165    506  SER  B  274       4.6116   1 0 0 1    127     127    0
R   4164  398  ASP  B  166    257  ARG  A  284      12.6070   0 0 0 1     76      76    0
R   4165  398  ASP  B  166    394  ALA  B  162       6.0637   1 0 0 0    -53      53    0
R   4166  398  ASP  B  166    395  GLY  B  163       5.5322   1 0 0 0    -13      13    0
R   4167  398  ASP  B  166    396  VAL  B  164       5.6778   1 0 0 0      0       0    0
R   4168  398  ASP  B  166    397  GLY  B  165       3.8860   1 0 0 0    -14      14    0
R   4169  398  ASP  B  166    399  ARG  B  167       3.8846   1 0 0 0    -12      12    0
R   4170  398  ASP  B  166    400  LEU  B  168       5.7413   1 0 0 0      0       0    0
R   4171  398  ASP  B  166    401  GLY  B  169       5.2034   1 0 0 0      0       0    0
R   4172  398  ASP  B  166    402  SER  B  170       6.0643   1 0 0 1    136     136    0
R   4173  398  ASP  B  166    405  ARG  B  173      10.6200   0 0 0 1      1       1    0
R   4175  398  ASP  B  166    509  THR  B  277       9.4842   0 0 0 1     14      14    0
R   4177  399  ARG  B  167      2  SER  A   29       8.5970   1 0 0 1    133     133    0
R   4178  399  ARG  B  167      5  LEU  A   32       9.2760   1 0 0 0     -9       9    0
R   4179  399  ARG  B  167    395  GLY  B  163       6.1870   1 0 0 0    -42      42    0
R   4180  399  ARG  B  167    396  VAL  B  164       4.8755   1 0 0 0    -15      15    0
R   4181  399  ARG  B  167    397  GLY  B  165       5.4743   1 0 0 0      0       0    0
R   4182  399  ARG  B  167    398  ASP  B  166       3.8846   1 0 0 0    -36      36    0
R   4183  399  ARG  B  167    400  LEU  B  168       3.8882   1 0 0 0    -10      10    0
R   4184  399  ARG  B  167    401  GLY  B  169       5.5569   1 0 0 0      0       0    0
R   4185  399  ARG  B  167    402  SER  B  170       5.2296   1 0 0 1     16      16    0
R   4186  399  ARG  B  167    403  SER  B  171       6.3636   1 0 0 1    107     107    0
R   4187  400  LEU  B  168    396  VAL  B  164       5.5904   1 0 0 1     21      21    0
R   4188  400  LEU  B  168    397  GLY  B  165       5.2075   1 0 0 0    -12      12    0
R   4189  400  LEU  B  168    398  ASP  B  166       5.7413   1 0 0 0      0       0    0
R   4190  400  LEU  B  168    399  ARG  B  167       3.8882   1 0 0 0    -12      12    0
R   4191  400  LEU  B  168    401  GLY  B  169       3.8772   1 0 0 0    -15      15    0
R   4192  400  LEU  B  168    402  SER  B  170       5.5439   1 0 0 0      0       0    0
R   4193  400  LEU  B  168    403  SER  B  171       5.2499   1 0 0 0    -10      10    0
R   4194  400  LEU  B  168    404  LEU  B  172       6.4760   1 0 0 1    159     159    0
R   4195  400  LEU  B  168    441  PHE  B  209      12.6761   1 0 0 1     60      60    0
R   4196  400  LEU  B  168    499  LEU  B  267       8.3194   1 0 0 0    -54      54    0
R   4197  400  LEU  B  168    502  ALA  B  270       7.6141   1 0 0 1     19      19    0
R   4198  400  LEU  B  168    503  TYR  B  271       7.1531   1 0 0 1     76      76    0
R   4200  401  GLY  B  169    397  GLY  B  165       5.8824   1 0 0 1     48      48    0
R   4201  401  GLY  B  169    398  ASP  B  166       5.2034   1 0 0 0      0       0    0
R   4202  401  GLY  B  169    399  ARG  B  167       5.5569   1 0 0 0      0       0    0
R   4203  401  GLY  B  169    400  LEU  B  168       3.8772   1 0 0 0    -38      38    0
R   4204  401  GLY  B  169    402  SER  B  170       3.8684   1 0 0 1     11      11    0
R   4205  401  GLY  B  169    403  SER  B  171       5.5861   1 0 0 1      1       1    0
R   4206  401  GLY  B  169    404  LEU  B  172       5.5199   1 0 0 1      1       1    0
R   4207  401  GLY  B  169    405  ARG  B  173       6.1662   1 0 0 1     64      64    0
R   4208  401  GLY  B  169    433  PHE  B  201       9.2024   1 0 0 0    -19      19    0
R   4209  401  GLY  B  169    506  SER  B  274       6.0364   1 0 0 1      2       2    0
R   4211  402  SER  B  170    398  ASP  B  166       6.0643   1 0 0 1     28      28    0
R   4212  402  SER  B  170    399  ARG  B  167       5.2296   1 0 0 1      1       1    0
R   4213  402  SER  B  170    400  LEU  B  168       5.5439   1 0 0 0      0       0    0
R   4214  402  SER  B  170    401  GLY  B  169       3.8684   1 0 0 0    -32      32    0
R   4215  402  SER  B  170    403  SER  B  171       3.8956   1 0 0 1     17      17    0
R   4216  402  SER  B  170    404  LEU  B  172       5.7572   1 0 0 0      0       0    0
R   4217  402  SER  B  170    405  ARG  B  173       5.4435   1 0 0 1     14      14    0
R   4218  402  SER  B  170    406  HIS  B  174       5.6664   1 0 0 1    105     105    0
R   4219  403  SER  B  171    399  ARG  B  167       6.3636   1 0 0 1      7       7    0
R   4220  403  SER  B  171    400  LEU  B  168       5.2499   1 0 0 0    -14      14    0
R   4221  403  SER  B  171    401  GLY  B  169       5.5861   1 0 0 0      0       0    0
R   4222  403  SER  B  171    402  SER  B  170       3.8956   1 0 0 0    -17      17    0
R   4223  403  SER  B  171    404  LEU  B  172       3.8862   1 0 0 0    -28      28    0
R   4224  403  SER  B  171    405  ARG  B  173       5.8182   1 0 0 0      0       0    0
R   4225  403  SER  B  171    406  HIS  B  174       5.0038   1 0 0 0     -5       5    0
R   4226  403  SER  B  171    407  GLY  B  175       5.6417   1 0 0 1    172     172    0
R   4227  404  LEU  B  172    400  LEU  B  168       6.4760   1 0 0 1     17      17    0
R   4228  404  LEU  B  172    401  GLY  B  169       5.5199   1 0 0 0      0       0    0
R   4229  404  LEU  B  172    402  SER  B  170       5.7572   1 0 0 0      0       0    0
R   4230  404  LEU  B  172    403  SER  B  171       3.8862   1 0 0 0    -43      43    0
R   4231  404  LEU  B  172    405  ARG  B  173       3.9029   1 0 0 0    -14      14    0
R   4232  404  LEU  B  172    406  HIS  B  174       5.3274   1 0 0 0      0       0    0
R   4233  404  LEU  B  172    407  GLY  B  175       4.8451   1 0 0 1      3       3    0
R   4234  404  LEU  B  172    408  ILE  B  176       5.8252   1 0 0 1    160     160    0
R   4235  404  LEU  B  172    433  PHE  B  201       6.8227   1 0 0 1     76      76    0
R   4236  404  LEU  B  172    436  ILE  B  204       9.2058   0 0 0 1     94      94    0
R   4238  404  LEU  B  172    440  LEU  B  208      12.3203   0 0 0 1     20      20    0
R   4239  404  LEU  B  172    441  PHE  B  209      13.5809   0 0 0 1     21      21    0
R   4240  404  LEU  B  172    503  TYR  B  271      10.2676   1 0 0 1    138     138    0
R   4241  405  ARG  B  173    401  GLY  B  169       6.1662   1 0 0 0    -14      14    0
R   4242  405  ARG  B  173    402  SER  B  170       5.4435   1 0 0 1      9       9    0
R   4243  405  ARG  B  173    403  SER  B  171       5.8182   1 0 0 0      0       0    0
R   4244  405  ARG  B  173    404  LEU  B  172       3.9029   1 0 0 0    -34      34    0
R   4245  405  ARG  B  173    406  HIS  B  174       3.8997   1 0 0 0    -15      15    0
R   4246  405  ARG  B  173    407  GLY  B  175       5.6494   1 0 0 0      0       0    0
R   4248  405  ARG  B  173    409  GLY  B  177       6.0181   1 0 0 1     94      94    0
R   4250  405  ARG  B  173    433  PHE  B  201       7.0827   1 0 0 1     29      29    0
R   4253  406  HIS  B  174    402  SER  B  170       5.6664   1 0 0 0    -25      25    0
R   4254  406  HIS  B  174    403  SER  B  171       5.0038   1 0 0 0    -17      17    0
R   4255  406  HIS  B  174    404  LEU  B  172       5.3274   1 0 0 0      0       0    0
R   4256  406  HIS  B  174    405  ARG  B  173       3.8997   1 0 0 0    -29      29    0
R   4257  406  HIS  B  174    407  GLY  B  175       3.8680   1 0 0 0     -7       7    0
R   4258  406  HIS  B  174    408  ILE  B  176       5.8011   1 0 0 0      0       0    0
R   4259  406  HIS  B  174    409  GLY  B  177       5.1713   1 0 0 1     38      38    0
R   4260  406  HIS  B  174    410  HIS  B  178       7.4608   1 0 0 1     93      93    0
R   4261  407  GLY  B  175    403  SER  B  171       5.6417   1 0 0 1     64      64    0
R   4262  407  GLY  B  175    404  LEU  B  172       4.8451   1 0 0 0      0       0    0
R   4263  407  GLY  B  175    405  ARG  B  173       5.6494   1 0 0 0      0       0    0
R   4264  407  GLY  B  175    406  HIS  B  174       3.8680   1 0 0 0    -21      21    0
R   4265  407  GLY  B  175    408  ILE  B  176       3.8933   1 0 0 1     12      12    0
R   4266  407  GLY  B  175    409  GLY  B  177       5.3792   1 0 0 0      0       0    0
R   4267  407  GLY  B  175    410  HIS  B  178       5.9597   1 0 0 1     82      82    0
R   4269  408  ILE  B  176    404  LEU  B  172       5.8252   1 0 0 0     -2       2    0
R   4271  408  ILE  B  176    406  HIS  B  174       5.8011   1 0 0 0      0       0    0
R   4272  408  ILE  B  176    407  GLY  B  175       3.8933   1 0 0 0     -1       1    0
R   4273  408  ILE  B  176    409  GLY  B  177       3.8978   1 0 0 0     -7       7    0
R   4274  408  ILE  B  176    410  HIS  B  178       5.2935   1 0 0 0      0       0    0
R   4275  408  ILE  B  176    411  ILE  B  179       5.2234   1 0 0 1     68      68    0
R   4276  408  ILE  B  176    412  GLU  B  180       5.7978   1 0 0 1    201     201    0
R   4277  408  ILE  B  176    429  SER  B  197       7.0675   1 0 0 0    -47      47    0
R   4278  408  ILE  B  176    432  LEU  B  200       8.2655   0 0 0 1     53      53    0
R   4279  408  ILE  B  176    433  PHE  B  201       7.3174   1 0 0 1     34      34    0
R   4280  408  ILE  B  176    436  ILE  B  204       9.9803   1 0 0 1     83      83    0
R   4281  409  GLY  B  177    405  ARG  B  173       6.0181   1 0 0 1     40      40    0
R   4282  409  GLY  B  177    406  HIS  B  174       5.1713   1 0 0 1      1       1    0
R   4283  409  GLY  B  177    407  GLY  B  175       5.3792   1 0 0 0      0       0    0
R   4284  409  GLY  B  177    408  ILE  B  176       3.8978   1 0 0 0    -43      43    0
R   4285  409  GLY  B  177    410  HIS  B  178       3.9013   1 0 0 1     12      12    0
R   4286  409  GLY  B  177    411  ILE  B  179       5.6551   1 0 0 0      0       0    0
R   4287  409  GLY  B  177    412  GLU  B  180       4.7478   1 0 0 0     -6       6    0
R   4288  409  GLY  B  177    413  ALA  B  181       6.0540   1 0 0 1     80      80    0
R   4289  410  HIS  B  178    406  HIS  B  174       7.4608   1 0 0 1     35      35    0
R   4290  410  HIS  B  178    407  GLY  B  175       5.9597   1 0 0 1     57      57    0
R   4291  410  HIS  B  178    408  ILE  B  176       5.2935   1 0 0 1      1       1    0
R   4292  410  HIS  B  178    409  GLY  B  177       3.9013   1 0 0 0    -25      25    0
R   4293  410  HIS  B  178    411  ILE  B  179       3.9057   1 0 0 1      7       7    0
R   4294  410  HIS  B  178    412  GLU  B  180       5.5341   1 0 0 0      0       0    0
R   4295  410  HIS  B  178    413  ALA  B  181       5.4306   1 0 0 0   -117     117    0
R   4298  411  ILE  B  179    408  ILE  B  176       5.2234   1 0 0 0     -3       3    0
R   4299  411  ILE  B  179    409  GLY  B  177       5.6551   1 0 0 0      0       0    0
R   4300  411  ILE  B  179    410  HIS  B  178       3.9057   1 0 0 0     -6       6    0
R   4301  411  ILE  B  179    412  GLU  B  180       3.9175   1 0 0 0     -7       7    0
R   4302  411  ILE  B  179    413  ALA  B  181       5.4507   1 0 0 1      7       7    0
R   4303  411  ILE  B  179    414  ILE  B  182       5.8632   1 0 0 1     66      66    0
R   4304  411  ILE  B  179    415  PHE  B  183       7.5601   1 0 0 1      4       4    0
R   4305  411  ILE  B  179    432  LEU  B  200      10.2634   0 0 0 1     23      23    0
R   4307  412  GLU  B  180    408  ILE  B  176       5.7978   1 0 0 1     15      15    0
R   4308  412  GLU  B  180    409  GLY  B  177       4.7478   1 0 0 0    -17      17    0
R   4309  412  GLU  B  180    410  HIS  B  178       5.5341   1 0 0 0      0       0    0
R   4310  412  GLU  B  180    411  ILE  B  179       3.9175   1 0 0 0     -9       9    0
R   4311  412  GLU  B  180    413  ALA  B  181       3.9086   1 0 0 0    -10      10    0
R   4312  412  GLU  B  180    414  ILE  B  182       5.6004   1 0 0 0      0       0    0
R   4313  412  GLU  B  180    415  PHE  B  183       5.5536   1 0 0 1     60      60    0
R   4314  412  GLU  B  180    416  LEU  B  184       6.5721   1 0 0 1     64      64    0
R   4315  412  GLU  B  180    425  VAL  B  193       7.2785   1 0 0 1     56      56    0
R   4316  412  GLU  B  180    426  ARG  B  194       8.5251   1 0 0 1    158     158    0
R   4317  412  GLU  B  180    429  SER  B  197       6.3514   1 0 0 1    112     112    0
R   4318  413  ALA  B  181    409  GLY  B  177       6.0540   1 0 0 0    -16      16    0
R   4319  413  ALA  B  181    410  HIS  B  178       5.4306   1 0 0 0    -68      68    0
R   4320  413  ALA  B  181    411  ILE  B  179       5.4507   1 0 0 0      0       0    0
R   4321  413  ALA  B  181    412  GLU  B  180       3.9086   1 0 0 0    -34      34    0
R   4322  413  ALA  B  181    414  ILE  B  182       3.9165   1 0 0 0     -4       4    0
R   4323  413  ALA  B  181    415  PHE  B  183       5.6578   1 0 0 0      0       0    0
R   4324  413  ALA  B  181    416  LEU  B  184       5.3070   1 0 0 1      1       1    0
R   4325  413  ALA  B  181    417  LYS  B  185       6.4195   1 0 0 0   -107     107    0
R   4327  414  ILE  B  182    411  ILE  B  179       5.8632   1 0 0 0     -6       6    0
R   4328  414  ILE  B  182    412  GLU  B  180       5.6004   1 0 0 0      0       0    0
R   4329  414  ILE  B  182    413  ALA  B  181       3.9165   1 0 0 0    -35      35    0
R   4330  414  ILE  B  182    415  PHE  B  183       3.9112   1 0 0 1     43      43    0
R   4331  414  ILE  B  182    416  LEU  B  184       5.6971   1 0 0 0      0       0    0
R   4332  414  ILE  B  182    417  LYS  B  185       5.4196   1 0 0 1      1       1    0
R   4333  414  ILE  B  182    418  TRP  B  186       6.5847   1 0 0 0    -54      54    0
R   4334  415  PHE  B  183    411  ILE  B  179       7.5601   1 0 0 0    -47      47    0
R   4335  415  PHE  B  183    412  GLU  B  180       5.5536   1 0 0 0    -21      21    0
R   4336  415  PHE  B  183    413  ALA  B  181       5.6578   1 0 0 0      0       0    0
R   4337  415  PHE  B  183    414  ILE  B  182       3.9112   1 0 0 1     35      35    0
R   4338  415  PHE  B  183    416  LEU  B  184       3.9160   1 0 0 0    -14      14    0
R   4339  415  PHE  B  183    417  LYS  B  185       5.5219   1 0 0 0      0       0    0
R   4340  415  PHE  B  183    418  TRP  B  186       5.1241   1 0 0 1     53      53    0
R   4341  415  PHE  B  183    419  HIS  B  187       6.8762   1 0 0 1     41      41    0
R   4342  415  PHE  B  183    420  VAL  B  188       6.4508   1 0 0 1     31      31    0
R   4343  415  PHE  B  183    425  VAL  B  193       7.1311   1 0 0 1     65      65    0
R   4344  415  PHE  B  183    428  LEU  B  196       9.2823   0 0 0 1     27      27    0
R   4345  415  PHE  B  183    432  LEU  B  200      12.3580   0 0 0 1     76      76    0
R   4346  416  LEU  B  184    412  GLU  B  180       6.5721   1 0 0 1     26      26    0
R   4347  416  LEU  B  184    413  ALA  B  181       5.3070   1 0 0 0    -34      34    0
R   4348  416  LEU  B  184    414  ILE  B  182       5.6971   1 0 0 0      0       0    0
R   4349  416  LEU  B  184    415  PHE  B  183       3.9160   1 0 0 0    -23      23    0
R   4350  416  LEU  B  184    417  LYS  B  185       3.8968   1 0 0 0     -8       8    0
R   4351  416  LEU  B  184    418  TRP  B  186       5.4885   1 0 0 0      0       0    0
R   4352  416  LEU  B  184    419  HIS  B  187       5.3236   1 0 0 1    102     102    0
R   4354  416  LEU  B  184    422  PRO  B  190       6.6044   1 0 0 1    104     104    0
R   4355  416  LEU  B  184    425  VAL  B  193       6.7116   1 0 0 1    143     143    0
R   4357  417  LYS  B  185    413  ALA  B  181       6.4195   1 0 0 0    -60      60    0
R   4358  417  LYS  B  185    414  ILE  B  182       5.4196   1 0 0 0    -26      26    0
R   4359  417  LYS  B  185    415  PHE  B  183       5.5219   1 0 0 0      0       0    0
R   4360  417  LYS  B  185    416  LEU  B  184       3.8968   1 0 0 0    -13      13    0
R   4361  417  LYS  B  185    418  TRP  B  186       3.9168   1 0 0 0    -13      13    0
R   4362  417  LYS  B  185    419  HIS  B  187       5.2482   1 0 0 0   -108     108    0
R   4363  418  TRP  B  186    414  ILE  B  182       6.5847   1 0 0 0   -116     116    0
R   4364  418  TRP  B  186    415  PHE  B  183       5.1241   1 0 0 0    -28      28    0
R   4365  418  TRP  B  186    416  LEU  B  184       5.4885   1 0 0 0      0       0    0
R   4366  418  TRP  B  186    417  LYS  B  185       3.9168   1 0 0 0    -27      27    0
R   4367  418  TRP  B  186    419  HIS  B  187       3.8800   1 0 0 0    -17      17    0
R   4368  418  TRP  B  186    420  VAL  B  188       6.1572   1 0 0 0     -3       3    0
R   4369  419  HIS  B  187    415  PHE  B  183       6.8762   1 0 0 1      2       2    0
R   4370  419  HIS  B  187    416  LEU  B  184       5.3236   1 0 0 1     20      20    0
R   4371  419  HIS  B  187    417  LYS  B  185       5.2482   1 0 0 0    -42      42    0
R   4372  419  HIS  B  187    418  TRP  B  186       3.8800   1 0 0 0    -56      56    0
R   4373  419  HIS  B  187    420  VAL  B  188       3.8475   1 0 0 0     -5       5    0
R   4375  420  VAL  B  188    415  PHE  B  183       6.4508   1 0 0 0    -16      16    0
R   4377  420  VAL  B  188    418  TRP  B  186       6.1572   1 0 0 0    -15      15    0
R   4378  420  VAL  B  188    419  HIS  B  187       3.8475   1 0 0 0    -25      25    0
R   4379  420  VAL  B  188    421  PRO  B  189       3.8824   1 0 0 1      2       2    0
R   4380  420  VAL  B  188    422  PRO  B  190       6.3376   1 0 0 0    -12      12    0
R   4381  420  VAL  B  188    424  LEU  B  192       6.8936   1 0 0 1     41      41    0
R   4382  420  VAL  B  188    425  VAL  B  193       6.3471   1 0 0 1     59      59    0
R   4383  420  VAL  B  188    428  LEU  B  196       9.7826   1 0 0 1     89      89    0
R   4385  421  PRO  B  189    420  VAL  B  188       3.8824   1 0 0 1     18      18    0
R   4386  421  PRO  B  189    422  PRO  B  190       3.8821   1 0 0 0    -12      12    0
R   4387  421  PRO  B  189    423  GLU  B  191       5.6601   1 0 0 0    -61      61    0
R   4388  421  PRO  B  189    424  LEU  B  192       5.4962   1 0 0 1    225     225    0
R   4389  421  PRO  B  189    425  VAL  B  193       6.4189   1 0 0 1     56      56    0
R   4390  422  PRO  B  190    416  LEU  B  184       6.6044   1 0 0 1    113     113    0
R   4391  422  PRO  B  190    420  VAL  B  188       6.3376   1 0 0 0     -7       7    0
R   4392  422  PRO  B  190    421  PRO  B  189       3.8821   1 0 0 1     48      48    0
R   4393  422  PRO  B  190    423  GLU  B  191       3.9168   1 0 0 0    -55      55    0
R   4394  422  PRO  B  190    424  LEU  B  192       5.5571   1 0 0 0      0       0    0
R   4395  422  PRO  B  190    425  VAL  B  193       5.2180   1 0 0 1      1       1    0
R   4396  422  PRO  B  190    426  ARG  B  194       6.4097   1 0 0 0    -91      91    0
R   4397  423  GLU  B  191    421  PRO  B  189       5.6601   1 0 0 0    -63      63    0
R   4398  423  GLU  B  191    422  PRO  B  190       3.9168   1 0 0 0   -170     170    0
R   4399  423  GLU  B  191    424  LEU  B  192       3.9256   1 0 0 1     16      16    0
R   4400  423  GLU  B  191    425  VAL  B  193       5.7750   1 0 0 0      0       0    0
R   4401  423  GLU  B  191    426  ARG  B  194       5.3548   1 0 0 0   -103     103    0
R   4402  423  GLU  B  191    427  VAL  B  195       6.8728   1 0 0 0    -84      84    0
R   4403  424  LEU  B  192    420  VAL  B  188       6.8936   1 0 0 1     48      48    0
R   4404  424  LEU  B  192    421  PRO  B  189       5.4962   1 0 0 1    117     117    0
R   4405  424  LEU  B  192    422  PRO  B  190       5.5571   1 0 0 0      0       0    0
R   4406  424  LEU  B  192    423  GLU  B  191       3.9256   1 0 0 0    -14      14    0
R   4407  424  LEU  B  192    425  VAL  B  193       3.8977   1 0 0 0     -1       1    0
R   4408  424  LEU  B  192    426  ARG  B  194       5.2816   1 0 0 0      0       0    0
R   4409  424  LEU  B  192    427  VAL  B  195       4.9803   1 0 0 1     32      32    0
R   4410  424  LEU  B  192    428  LEU  B  196       6.2041   1 0 0 1    126     126    0
R   4411  425  VAL  B  193    412  GLU  B  180       7.2785   1 0 0 1     98      98    0
R   4412  425  VAL  B  193    415  PHE  B  183       7.1311   1 0 0 1     19      19    0
R   4413  425  VAL  B  193    416  LEU  B  184       6.7116   1 0 0 1    129     129    0
R   4414  425  VAL  B  193    420  VAL  B  188       6.3471   1 0 0 0    -15      15    0
R   4415  425  VAL  B  193    421  PRO  B  189       6.4189   1 0 0 0     -3       3    0
R   4416  425  VAL  B  193    422  PRO  B  190       5.2180   1 0 0 0     -6       6    0
R   4417  425  VAL  B  193    423  GLU  B  191       5.7750   1 0 0 0      0       0    0
R   4418  425  VAL  B  193    424  LEU  B  192       3.8977   1 0 0 0    -31      31    0
R   4419  425  VAL  B  193    426  ARG  B  194       3.9192   1 0 0 1      2       2    0
R   4420  425  VAL  B  193    427  VAL  B  195       5.3292   1 0 0 0      0       0    0
R   4421  425  VAL  B  193    428  LEU  B  196       4.7690   1 0 0 1     20      20    0
R   4422  425  VAL  B  193    429  SER  B  197       5.8065   1 0 0 1    199     199    0
R   4423  426  ARG  B  194    412  GLU  B  180       8.5251   1 0 0 1    146     146    0
R   4425  426  ARG  B  194    422  PRO  B  190       6.4097   1 0 0 0    -29      29    0
R   4426  426  ARG  B  194    423  GLU  B  191       5.3548   1 0 0 0    -50      50    0
R   4427  426  ARG  B  194    424  LEU  B  192       5.2816   1 0 0 0      0       0    0
R   4428  426  ARG  B  194    425  VAL  B  193       3.9192   1 0 0 0    -48      48    0
R   4429  426  ARG  B  194    427  VAL  B  195       3.8923   1 0 0 1      2       2    0
R   4430  426  ARG  B  194    428  LEU  B  196       5.6615   1 0 0 0      0       0    0
R   4431  426  ARG  B  194    429  SER  B  197       5.1510   1 0 0 1     83      83    0
R   4432  426  ARG  B  194    430  ALA  B  198       5.9678   1 0 0 1      2       2    0
R   4434  427  VAL  B  195    423  GLU  B  191       6.8728   1 0 0 0    -68      68    0
R   4435  427  VAL  B  195    424  LEU  B  192       4.9803   1 0 0 1      1       1    0
R   4436  427  VAL  B  195    425  VAL  B  193       5.3292   1 0 0 0      0       0    0
R   4437  427  VAL  B  195    426  ARG  B  194       3.8923   1 0 0 0    -27      27    0
R   4438  427  VAL  B  195    428  LEU  B  196       3.9203   1 0 0 0     -4       4    0
R   4439  427  VAL  B  195    429  SER  B  197       5.4755   1 0 0 0      0       0    0
R   4440  427  VAL  B  195    430  ALA  B  198       4.8909   1 0 0 0     -2       2    0
R   4441  427  VAL  B  195    431  MET  B  199       5.9631   1 0 0 1    216     216    0
R   4442  428  LEU  B  196    415  PHE  B  183       9.2823   0 0 0 1     28      28    0
R   4443  428  LEU  B  196    420  VAL  B  188       9.7826   1 0 0 1    124     124    0
R   4444  428  LEU  B  196    424  LEU  B  192       6.2041   1 0 0 0    -15      15    0
R   4445  428  LEU  B  196    425  VAL  B  193       4.7690   1 0 0 0     -5       5    0
R   4446  428  LEU  B  196    426  ARG  B  194       5.6615   1 0 0 0      0       0    0
R   4447  428  LEU  B  196    427  VAL  B  195       3.9203   1 0 0 0     -9       9    0
R   4448  428  LEU  B  196    429  SER  B  197       3.8910   1 0 0 0    -12      12    0
R   4449  428  LEU  B  196    430  ALA  B  198       5.5249   1 0 0 0      0       0    0
R   4450  428  LEU  B  196    431  MET  B  199       5.0030   1 0 0 1      5       5    0
R   4451  428  LEU  B  196    432  LEU  B  200       6.1827   1 0 0 1    101     101    0
R   4452  429  SER  B  197    408  ILE  B  176       7.0675   1 0 0 0    -21      21    0
R   4453  429  SER  B  197    412  GLU  B  180       6.3514   1 0 0 1     39      39    0
R   4454  429  SER  B  197    425  VAL  B  193       5.8065   1 0 0 1     65      65    0
R   4455  429  SER  B  197    426  ARG  B  194       5.1510   1 0 0 1    125     125    0
R   4456  429  SER  B  197    427  VAL  B  195       5.4755   1 0 0 0      0       0    0
R   4457  429  SER  B  197    428  LEU  B  196       3.8910   1 0 0 0     -9       9    0
R   4458  429  SER  B  197    430  ALA  B  198       3.8952   1 0 0 1      6       6    0
R   4459  429  SER  B  197    431  MET  B  199       5.4211   1 0 0 0      0       0    0
R   4460  429  SER  B  197    432  LEU  B  200       5.0639   1 0 0 0     -8       8    0
R   4461  429  SER  B  197    433  PHE  B  201       5.7537   1 0 0 1    142     142    0
R   4462  430  ALA  B  198    426  ARG  B  194       5.9678   1 0 0 0    -68      68    0
R   4463  430  ALA  B  198    427  VAL  B  195       4.8909   1 0 0 0    -25      25    0
R   4464  430  ALA  B  198    428  LEU  B  196       5.5249   1 0 0 0      0       0    0
R   4465  430  ALA  B  198    429  SER  B  197       3.8952   1 0 0 1     16      16    0
R   4466  430  ALA  B  198    431  MET  B  199       3.8718   1 0 0 1     30      30    0
R   4467  430  ALA  B  198    432  LEU  B  200       5.5465   1 0 0 0      0       0    0
R   4468  430  ALA  B  198    433  PHE  B  201       4.6761   1 0 0 0    -19      19    0
R   4469  430  ALA  B  198    434  LEU  B  202       6.1515   1 0 0 1     73      73    0
R   4470  431  MET  B  199    427  VAL  B  195       5.9631   1 0 0 1     33      33    0
R   4471  431  MET  B  199    428  LEU  B  196       5.0030   1 0 0 0    -14      14    0
R   4472  431  MET  B  199    429  SER  B  197       5.4211   1 0 0 0      0       0    0
R   4473  431  MET  B  199    430  ALA  B  198       3.8718   1 0 0 1     16      16    0
R   4474  431  MET  B  199    432  LEU  B  200       3.8634   1 0 0 0     -4       4    0
R   4475  431  MET  B  199    433  PHE  B  201       5.3463   1 0 0 0      0       0    0
R   4476  431  MET  B  199    434  LEU  B  202       5.3090   1 0 0 1     38      38    0
R   4477  431  MET  B  199    435  LEU  B  203       6.0275   1 0 0 1    109     109    0
R   4478  432  LEU  B  200    408  ILE  B  176       8.2655   0 0 0 1     57      57    0
R   4479  432  LEU  B  200    411  ILE  B  179      10.2634   0 0 0 1     23      23    0
R   4480  432  LEU  B  200    415  PHE  B  183      12.3580   0 0 0 1     84      84    0
R   4481  432  LEU  B  200    428  LEU  B  196       6.1827   1 0 0 0    -12      12    0
R   4482  432  LEU  B  200    429  SER  B  197       5.0639   1 0 0 0    -18      18    0
R   4483  432  LEU  B  200    430  ALA  B  198       5.5465   1 0 0 0      0       0    0
R   4484  432  LEU  B  200    431  MET  B  199       3.8634   1 0 0 0    -20      20    0
R   4485  432  LEU  B  200    433  PHE  B  201       3.8864   1 0 0 0    -11      11    0
R   4486  432  LEU  B  200    434  LEU  B  202       5.5678   1 0 0 0      0       0    0
R   4487  432  LEU  B  200    435  LEU  B  203       4.9730   1 0 0 1     39      39    0
R   4488  432  LEU  B  200    436  ILE  B  204       5.8872   1 0 0 1    122     122    0
R   4489  433  PHE  B  201    401  GLY  B  169       9.2024   1 0 0 0    -67      67    0
R   4490  433  PHE  B  201    404  LEU  B  172       6.8227   1 0 0 1    138     138    0
R   4491  433  PHE  B  201    405  ARG  B  173       7.0827   1 0 0 0    -18      18    0
R   4492  433  PHE  B  201    408  ILE  B  176       7.3174   1 0 0 1     30      30    0
R   4493  433  PHE  B  201    429  SER  B  197       5.7537   1 0 0 0    -20      20    0
R   4494  433  PHE  B  201    430  ALA  B  198       4.6761   1 0 0 0    -37      37    0
R   4495  433  PHE  B  201    431  MET  B  199       5.3463   1 0 0 0      0       0    0
R   4496  433  PHE  B  201    432  LEU  B  200       3.8864   1 0 0 0    -19      19    0
R   4497  433  PHE  B  201    434  LEU  B  202       3.8947   1 0 0 0    -10      10    0
R   4498  433  PHE  B  201    435  LEU  B  203       5.7352   1 0 0 0      0       0    0
R   4499  433  PHE  B  201    436  ILE  B  204       5.6412   1 0 0 0   -104     104    0
R   4500  433  PHE  B  201    437  GLY  B  205       6.4325   1 0 0 0      0       0    0
R   4501  433  PHE  B  201    503  TYR  B  271      10.5299   1 0 0 1    127     127    0
R   4503  433  PHE  B  201    507  VAL  B  275       9.0223   1 0 0 1    175     175    0
R   4505  434  LEU  B  202    430  ALA  B  198       6.1515   1 0 0 0    -35      35    0
R   4506  434  LEU  B  202    431  MET  B  199       5.3090   1 0 0 1     58      58    0
R   4507  434  LEU  B  202    432  LEU  B  200       5.5678   1 0 0 0      0       0    0
R   4508  434  LEU  B  202    433  PHE  B  201       3.8947   1 0 0 0     -8       8    0
R   4509  434  LEU  B  202    435  LEU  B  203       3.8793   1 0 0 1     53      53    0
R   4510  434  LEU  B  202    436  ILE  B  204       5.6591   1 0 0 0      0       0    0
R   4511  434  LEU  B  202    437  GLY  B  205       5.0563   1 0 0 0      0       0    0
R   4512  434  LEU  B  202    438  CYS  B  206       5.7489   1 0 0 1    129     129    0
R   4513  434  LEU  B  202    503  TYR  B  271       9.1009   1 0 0 0     -4       4    0
R   4514  434  LEU  B  202    507  VAL  B  275       7.6780   0 0 0 1     56      56    0
R   4515  435  LEU  B  203    431  MET  B  199       6.0275   1 0 0 0    -28      28    0
R   4516  435  LEU  B  203    432  LEU  B  200       4.9730   1 0 0 1     10      10    0
R   4517  435  LEU  B  203    433  PHE  B  201       5.7352   1 0 0 0      0       0    0
R   4518  435  LEU  B  203    434  LEU  B  202       3.8793   1 0 0 1     33      33    0
R   4519  435  LEU  B  203    436  ILE  B  204       3.8755   1 0 0 0    -10      10    0
R   4520  435  LEU  B  203    437  GLY  B  205       5.3482   1 0 0 0      0       0    0
R   4521  435  LEU  B  203    438  CYS  B  206       4.7811   1 0 0 1     18      18    0
R   4522  435  LEU  B  203    439  LEU  B  207       5.8725   1 0 0 1    126     126    0
R   4523  436  ILE  B  204    404  LEU  B  172       9.2058   0 0 0 1     86      86    0
R   4524  436  ILE  B  204    408  ILE  B  176       9.9803   1 0 0 1     69      69    0
R   4525  436  ILE  B  204    432  LEU  B  200       5.8872   1 0 0 0    -38      38    0
R   4526  436  ILE  B  204    433  PHE  B  201       5.6412   1 0 0 0    -53      53    0
R   4527  436  ILE  B  204    434  LEU  B  202       5.6591   1 0 0 0      0       0    0
R   4528  436  ILE  B  204    435  LEU  B  203       3.8755   1 0 0 0    -25      25    0
R   4529  436  ILE  B  204    437  GLY  B  205       3.8682   1 0 0 0    -21      21    0
R   4530  436  ILE  B  204    438  CYS  B  206       5.5761   1 0 0 0      0       0    0
R   4531  436  ILE  B  204    439  LEU  B  207       5.0364   1 0 0 1     13      13    0
R   4532  436  ILE  B  204    440  LEU  B  208       6.3111   1 0 0 1    100     100    0
R   4534  437  GLY  B  205    433  PHE  B  201       6.4325   1 0 0 1     16      16    0
R   4535  437  GLY  B  205    434  LEU  B  202       5.0563   1 0 0 1      2       2    0
R   4536  437  GLY  B  205    435  LEU  B  203       5.3482   1 0 0 0      0       0    0
R   4537  437  GLY  B  205    436  ILE  B  204       3.8682   1 0 0 0    -72      72    0
R   4538  437  GLY  B  205    438  CYS  B  206       3.8319   1 0 0 1      9       9    0
R   4539  437  GLY  B  205    439  LEU  B  207       5.2895   1 0 0 0      0       0    0
R   4540  437  GLY  B  205    440  LEU  B  208       5.0547   1 0 0 1      4       4    0
R   4541  437  GLY  B  205    441  PHE  B  209       5.7638   1 0 0 1    122     122    0
R   4542  437  GLY  B  205    503  TYR  B  271       7.4409   1 0 0 0     -4       4    0
R   4543  438  CYS  B  206    434  LEU  B  202       5.7489   1 0 0 0     -9       9    0
R   4544  438  CYS  B  206    435  LEU  B  203       4.7811   1 0 0 0    -22      22    0
R   4545  438  CYS  B  206    436  ILE  B  204       5.5761   1 0 0 0      0       0    0
R   4546  438  CYS  B  206    437  GLY  B  205       3.8319   1 0 0 0     -3       3    0
R   4547  438  CYS  B  206    439  LEU  B  207       3.8905   1 0 0 0     -4       4    0
R   4548  438  CYS  B  206    440  LEU  B  208       5.6074   1 0 0 0      0       0    0
R   4549  438  CYS  B  206    441  PHE  B  209       5.3269   1 0 0 0      0       0    0
R   4550  438  CYS  B  206    442  VAL  B  210       4.9729   1 0 0 1    128     128    0
R   4551  438  CYS  B  206    443  LEU  B  211       6.3644   1 0 0 1     57      57    0
R   4552  438  CYS  B  206    503  TYR  B  271       9.2217   1 0 0 0    -11      11    0
R   4553  439  LEU  B  207    435  LEU  B  203       5.8725   1 0 0 0    -30      30    0
R   4554  439  LEU  B  207    436  ILE  B  204       5.0364   1 0 0 0    -18      18    0
R   4555  439  LEU  B  207    437  GLY  B  205       5.2895   1 0 0 0      0       0    0
R   4556  439  LEU  B  207    438  CYS  B  206       3.8905   1 0 0 0    -37      37    0
R   4557  439  LEU  B  207    440  LEU  B  208       3.8644   1 0 0 1     44      44    0
R   4558  439  LEU  B  207    441  PHE  B  209       5.9537   1 0 0 0      0       0    0
R   4559  439  LEU  B  207    443  LEU  B  211       4.8876   1 0 0 1     55      55    0
R   4560  439  LEU  B  207    444  THR  B  212       5.8359   1 0 0 1    218     218    0
R   4561  440  LEU  B  208    404  LEU  B  172      12.3203   0 0 0 1     22      22    0
R   4562  440  LEU  B  208    436  ILE  B  204       6.3111   1 0 0 1     11      11    0
R   4563  440  LEU  B  208    437  GLY  B  205       5.0547   1 0 0 0    -11      11    0
R   4564  440  LEU  B  208    438  CYS  B  206       5.6074   1 0 0 0      0       0    0
R   4565  440  LEU  B  208    439  LEU  B  207       3.8644   1 0 0 1     31      31    0
R   4566  440  LEU  B  208    441  PHE  B  209       3.8758   1 0 0 1     53      53    0
R   4567  440  LEU  B  208    442  VAL  B  210       6.1035   1 0 0 0      0       0    0
R   4568  440  LEU  B  208    444  THR  B  212       5.2251   1 0 0 0    -30      30    0
R   4569  440  LEU  B  208    445  PRO  B  213       7.3152   1 0 0 0    -82      82    0
R   4571  441  PHE  B  209    400  LEU  B  168      12.6761   1 0 0 1     72      72    0
R   4572  441  PHE  B  209    404  LEU  B  172      13.5809   0 0 0 1     19      19    0
R   4573  441  PHE  B  209    437  GLY  B  205       5.7638   1 0 0 0    -40      40    0
R   4574  441  PHE  B  209    438  CYS  B  206       5.3269   1 0 0 0      0       0    0
R   4575  441  PHE  B  209    439  LEU  B  207       5.9537   1 0 0 0      0       0    0
R   4576  441  PHE  B  209    440  LEU  B  208       3.8758   1 0 0 1     70      70    0
R   4577  441  PHE  B  209    442  VAL  B  210       3.8812   1 0 0 0    -44      44    0
R   4578  441  PHE  B  209    445  PRO  B  213       6.1895   1 0 0 0     -3       3    0
R   4579  441  PHE  B  209    468  LEU  B  236       9.2610   1 0 0 0   -102     102    0
R   4580  441  PHE  B  209    496  TRP  B  264       7.2218   1 0 0 1     44      44    0
R   4581  441  PHE  B  209    499  LEU  B  267       7.5649   1 0 0 1    164     164    0
R   4582  441  PHE  B  209    500  GLY  B  268       5.4544   1 0 0 0      0       0    0
R   4583  441  PHE  B  209    503  TYR  B  271       8.1667   1 0 0 1    196     196    0
R   4585  442  VAL  B  210    438  CYS  B  206       4.9729   1 0 0 0    -21      21    0
R   4586  442  VAL  B  210    440  LEU  B  208       6.1035   1 0 0 0      0       0    0
R   4587  442  VAL  B  210    441  PHE  B  209       3.8812   1 0 0 0    -60      60    0
R   4588  442  VAL  B  210    443  LEU  B  211       3.8596   1 0 0 1     47      47    0
R   4589  442  VAL  B  210    444  THR  B  212       5.8320   1 0 0 0      0       0    0
R   4590  442  VAL  B  210    445  PRO  B  213       5.6560   1 0 0 0    -26      26    0
R   4591  442  VAL  B  210    446  THR  B  214       6.2739   1 0 0 1     62      62    0
R   4592  442  VAL  B  210    461  ILE  B  229       7.3893   0 0 0 1     24      24    0
R   4593  442  VAL  B  210    464  VAL  B  232       6.7225   1 0 0 1     49      49    0
R   4594  442  VAL  B  210    465  ILE  B  233       7.7969   0 0 0 1     59      59    0
R   4595  442  VAL  B  210    468  LEU  B  236       9.1249   0 0 0 1     38      38    0
R   4596  443  LEU  B  211    438  CYS  B  206       6.3644   1 0 0 1     32      32    0
R   4597  443  LEU  B  211    439  LEU  B  207       4.8876   1 0 0 1      7       7    0
R   4598  443  LEU  B  211    442  VAL  B  210       3.8596   1 0 0 1     34      34    0
R   4599  443  LEU  B  211    444  THR  B  212       3.8720   1 0 0 0    -17      17    0
R   4600  443  LEU  B  211    445  PRO  B  213       5.6030   1 0 0 0      0       0    0
R   4601  443  LEU  B  211    446  THR  B  214       5.2666   1 0 0 1     97      97    0
R   4602  443  LEU  B  211    447  PHE  B  215       6.2163   1 0 0 1     47      47    0
R   4603  443  LEU  B  211    461  ILE  B  229       7.9079   0 0 0 1      1       1    0
R   4604  444  THR  B  212    439  LEU  B  207       5.8359   1 0 0 1     68      68    0
R   4605  444  THR  B  212    440  LEU  B  208       5.2251   1 0 0 0    -28      28    0
R   4606  444  THR  B  212    442  VAL  B  210       5.8320   1 0 0 0      0       0    0
R   4607  444  THR  B  212    443  LEU  B  211       3.8720   1 0 0 0    -33      33    0
R   4608  444  THR  B  212    445  PRO  B  213       3.8647   1 0 0 0    -46      46    0
R   4609  444  THR  B  212    446  THR  B  214       5.7050   1 0 0 0      0       0    0
R   4610  444  THR  B  212    447  PHE  B  215       5.4189   1 0 0 0     -8       8    0
R   4611  444  THR  B  212    448  VAL  B  216       6.0975   1 0 0 1    139     139    0
R   4612  445  PRO  B  213    440  LEU  B  208       7.3152   1 0 0 0    -44      44    0
R   4613  445  PRO  B  213    441  PHE  B  209       6.1895   1 0 0 0     -3       3    0
R   4614  445  PRO  B  213    442  VAL  B  210       5.6560   1 0 0 0    -52      52    0
R   4615  445  PRO  B  213    443  LEU  B  211       5.6030   1 0 0 0      0       0    0
R   4616  445  PRO  B  213    444  THR  B  212       3.8647   1 0 0 0    -72      72    0
R   4617  445  PRO  B  213    446  THR  B  214       3.8926   1 0 0 1      1       1    0
R   4618  445  PRO  B  213    447  PHE  B  215       5.5379   1 0 0 0      0       0    0
R   4619  445  PRO  B  213    448  VAL  B  216       4.8038   1 0 0 1     38      38    0
R   4620  445  PRO  B  213    449  PHE  B  217       5.9602   1 0 0 1    165     165    0
R   4621  445  PRO  B  213    464  VAL  B  232       7.3077   1 0 0 1     80      80    0
R   4622  445  PRO  B  213    496  TRP  B  264       8.1239   1 0 0 0    -91      91    0
R   4623  446  THR  B  214    442  VAL  B  210       6.2739   1 0 0 0    -37      37    0
R   4624  446  THR  B  214    443  LEU  B  211       5.2666   1 0 0 1    121     121    0
R   4625  446  THR  B  214    444  THR  B  212       5.7050   1 0 0 0      0       0    0
R   4626  446  THR  B  214    445  PRO  B  213       3.8926   1 0 0 0    -66      66    0
R   4627  446  THR  B  214    447  PHE  B  215       3.8823   1 0 0 0    -18      18    0
R   4628  446  THR  B  214    448  VAL  B  216       5.3708   1 0 0 0      0       0    0
R   4629  446  THR  B  214    449  PHE  B  217       5.1429   1 0 0 0      0       0    0
R   4630  446  THR  B  214    450  CYS  B  218       5.8101   1 0 0 1    127     127    0
R   4632  446  THR  B  214    460  ALA  B  228       4.8774   1 0 0 0    -31      31    0
R   4633  446  THR  B  214    461  ILE  B  229       5.4419   1 0 0 1     99      99    0
R   4634  446  THR  B  214    464  VAL  B  232       6.6619   1 0 0 1     68      68    0
R   4635  447  PHE  B  215    443  LEU  B  211       6.2163   1 0 0 0    -27      27    0
R   4636  447  PHE  B  215    444  THR  B  212       5.4189   1 0 0 0    -16      16    0
R   4637  447  PHE  B  215    445  PRO  B  213       5.5379   1 0 0 0      0       0    0
R   4638  447  PHE  B  215    446  THR  B  214       3.8823   1 0 0 0     -9       9    0
R   4639  447  PHE  B  215    448  VAL  B  216       3.8868   1 0 0 0    -15      15    0
R   4640  447  PHE  B  215    449  PHE  B  217       5.7056   1 0 0 0      0       0    0
R   4641  447  PHE  B  215    450  CYS  B  218       5.0183   1 0 0 0    -15      15    0
R   4642  447  PHE  B  215    451  TYR  B  219       6.6131   1 0 0 1     37      37    0
R   4643  447  PHE  B  215    457  LYS  B  225       7.0872   0 0 0 1      6       6    0
R   4644  448  VAL  B  216    444  THR  B  212       6.0975   1 0 0 1     11      11    0
R   4645  448  VAL  B  216    445  PRO  B  213       4.8038   1 0 0 0    -21      21    0
R   4646  448  VAL  B  216    446  THR  B  214       5.3708   1 0 0 0      0       0    0
R   4647  448  VAL  B  216    447  PHE  B  215       3.8868   1 0 0 0    -30      30    0
R   4648  448  VAL  B  216    449  PHE  B  217       3.8915   1 0 0 1     31      31    0
R   4649  448  VAL  B  216    450  CYS  B  218       5.5281   1 0 0 0      0       0    0
R   4650  448  VAL  B  216    451  TYR  B  219       5.6497   1 0 0 1     16      16    0
R   4651  448  VAL  B  216    452  MET  B  220       6.0446   1 0 0 1     20      20    0
R   4652  448  VAL  B  216    489  TYR  B  257      11.3009   0 0 0 1     16      16    0
R   4653  449  PHE  B  217    445  PRO  B  213       5.9602   1 0 0 1     26      26    0
R   4654  449  PHE  B  217    446  THR  B  214       5.1429   1 0 0 0    -15      15    0
R   4655  449  PHE  B  217    447  PHE  B  215       5.7056   1 0 0 0      0       0    0
R   4656  449  PHE  B  217    448  VAL  B  216       3.8915   1 0 0 1     27      27    0
R   4657  449  PHE  B  217    450  CYS  B  218       3.8968   1 0 0 0    -13      13    0
R   4658  449  PHE  B  217    451  TYR  B  219       5.4495   1 0 0 0      0       0    0
R   4659  449  PHE  B  217    452  MET  B  220       4.8403   1 0 0 0      0       0    0
R   4660  449  PHE  B  217    453  GLU  B  221       5.3087   1 0 0 1    119     119    0
R   4661  449  PHE  B  217    454  ASP  B  222       7.2290   1 0 0 1      3       3    0
R   4662  449  PHE  B  217    455  TRP  B  223       6.9510   1 0 0 1    100     100    0
R   4663  449  PHE  B  217    460  ALA  B  228       5.9963   1 0 0 1     17      17    0
R   4664  449  PHE  B  217    463  PHE  B  231       9.0625   1 0 0 1     97      97    0
R   4665  449  PHE  B  217    464  VAL  B  232       8.8833   1 0 0 1     59      59    0
R   4666  449  PHE  B  217    478  ALA  B  246       7.2936   1 0 0 1    112     112    0
R   4667  449  PHE  B  217    489  TYR  B  257      10.8965   1 0 0 0    -75      75    0
R   4668  449  PHE  B  217    493  VAL  B  261       9.7427   1 0 0 1     83      83    0
R   4669  449  PHE  B  217    496  TRP  B  264      11.8242   1 0 0 1    123     123    0
R   4670  450  CYS  B  218    446  THR  B  214       5.8101   1 0 0 0    -42      42    0
R   4671  450  CYS  B  218    447  PHE  B  215       5.0183   1 0 0 0    -37      37    0
R   4672  450  CYS  B  218    448  VAL  B  216       5.5281   1 0 0 0      0       0    0
R   4673  450  CYS  B  218    449  PHE  B  217       3.8968   1 0 0 0    -47      47    0
R   4674  450  CYS  B  218    451  TYR  B  219       3.8895   1 0 0 0     -1       1    0
R   4675  450  CYS  B  218    452  MET  B  220       5.9264   1 0 0 0      0       0    0
R   4676  450  CYS  B  218    454  ASP  B  222       5.5352   1 0 0 0      0       0    0
R   4677  450  CYS  B  218    455  TRP  B  223       4.9073   1 0 0 0    -52      52    0
R   4679  450  CYS  B  218    457  LYS  B  225       5.7493   1 0 0 1      1       1    0
R   4680  450  CYS  B  218    460  ALA  B  228       5.7566   1 0 0 1     21      21    0
R   4681  451  TYR  B  219    447  PHE  B  215       6.6131   1 0 0 0    -36      36    0
R   4682  451  TYR  B  219    448  VAL  B  216       5.6497   1 0 0 0    -20      20    0
R   4683  451  TYR  B  219    449  PHE  B  217       5.4495   1 0 0 0      0       0    0
R   4684  451  TYR  B  219    450  CYS  B  218       3.8895   1 0 0 0    -32      32    0
R   4685  451  TYR  B  219    452  MET  B  220       3.8857   1 0 0 1     43      43    0
R   4686  451  TYR  B  219    453  GLU  B  221       5.9805   1 0 0 1      1       1    0
R   4687  451  TYR  B  219    454  ASP  B  222       5.3487   0 0 0 1     17      17    0
R   4688  452  MET  B  220    448  VAL  B  216       6.0446   1 0 0 1     20      20    0
R   4689  452  MET  B  220    449  PHE  B  217       4.8403   1 0 0 0     -5       5    0
R   4690  452  MET  B  220    450  CYS  B  218       5.9264   1 0 0 0      0       0    0
R   4691  452  MET  B  220    451  TYR  B  219       3.8857   1 0 0 1     17      17    0
R   4692  452  MET  B  220    453  GLU  B  221       3.8796   1 0 0 0    -14      14    0
R   4693  452  MET  B  220    454  ASP  B  222       5.7576   1 0 0 0     -5       5    0
R   4694  452  MET  B  220    484  GLN  B  252       9.7062   1 0 0 1     78      78    0
R   4695  452  MET  B  220    489  TYR  B  257       9.6508   1 0 0 0    -41      41    0
R   4696  453  GLU  B  221    449  PHE  B  217       5.3087   1 0 0 0     -8       8    0
R   4697  453  GLU  B  221    451  TYR  B  219       5.9805   1 0 0 0      0       0    0
R   4698  453  GLU  B  221    452  MET  B  220       3.8796   1 0 0 0     -8       8    0
R   4699  453  GLU  B  221    454  ASP  B  222       3.8813   1 0 0 0    -45      45    0
R   4700  453  GLU  B  221    455  TRP  B  223       5.5531   1 0 0 1    155     155    0
R   4702  453  GLU  B  221    478  ALA  B  246       6.5954   1 0 0 1      4       4    0
R   4703  453  GLU  B  221    479  GLY  B  247       7.6318   1 0 0 1    144     144    0
R   4705  453  GLU  B  221    484  GLN  B  252       9.3019   1 0 0 1    126     126    0
R   4706  453  GLU  B  221    489  TYR  B  257      11.0139   1 0 0 1     24      24    0
R   4707  454  ASP  B  222    449  PHE  B  217       7.2290   1 0 0 0      0       0    0
R   4708  454  ASP  B  222    450  CYS  B  218       5.5352   1 0 0 1     24      24    0
R   4710  454  ASP  B  222    452  MET  B  220       5.7576   1 0 0 0     -4       4    0
R   4711  454  ASP  B  222    453  GLU  B  221       3.8813   1 0 0 0    -78      78    0
R   4712  454  ASP  B  222    455  TRP  B  223       3.8704   1 0 0 0    -19      19    0
R   4714  455  TRP  B  223    449  PHE  B  217       6.9510   1 0 0 1     85      85    0
R   4715  455  TRP  B  223    450  CYS  B  218       4.9073   1 0 0 0    -71      71    0
R   4716  455  TRP  B  223    453  GLU  B  221       5.5531   1 0 0 1     89      89    0
R   4717  455  TRP  B  223    454  ASP  B  222       3.8704   1 0 0 0    -39      39    0
R   4718  455  TRP  B  223    456  SER  B  224       3.8656   1 0 0 0    -23      23    0
R   4719  455  TRP  B  223    459  GLU  B  227       5.6927   1 0 0 1      6       6    0
R   4720  455  TRP  B  223    460  ALA  B  228       6.0560   1 0 0 1      4       4    0
R   4721  455  TRP  B  223    463  PHE  B  231       9.7274   1 0 0 1    169     169    0
R   4722  455  TRP  B  223    476  TYR  B  244       9.2784   1 0 0 1     73      73    0
R   4723  455  TRP  B  223    477  VAL  B  245      10.7654   1 0 0 0    -94      94    0
R   4724  455  TRP  B  223    478  ALA  B  246      10.0045   1 0 0 0    -76      76    0
R   4725  456  SER  B  224    113  ASP  A  140       9.9944   0 0 0 1     28      28    0
R   4727  456  SER  B  224    455  TRP  B  223       3.8656   1 0 0 0      0       0    0
R   4728  456  SER  B  224    457  LYS  B  225       3.8642   1 0 0 1     17      17    0
R   4729  456  SER  B  224    458  LEU  B  226       5.2647   1 0 0 0    -16      16    0
R   4730  456  SER  B  224    459  GLU  B  227       4.9962   1 0 0 0    -39      39    0
R   4731  456  SER  B  224    460  ALA  B  228       6.1686   1 0 0 1    127     127    0
R   4733  457  LYS  B  225    447  PHE  B  215       7.0872   0 0 0 1      5       5    0
R   4734  457  LYS  B  225    450  CYS  B  218       5.7493   1 0 0 1      1       1    0
R   4735  457  LYS  B  225    456  SER  B  224       3.8642   1 0 0 0      0       0    0
R   4736  457  LYS  B  225    458  LEU  B  226       3.8828   1 0 0 0     -9       9    0
R   4737  457  LYS  B  225    459  GLU  B  227       5.6921   1 0 0 0      0       0    0
R   4738  457  LYS  B  225    460  ALA  B  228       5.2001   1 0 0 0     -8       8    0
R   4739  457  LYS  B  225    461  ILE  B  229       6.3720   1 0 0 1     41      41    0
R   4740  458  LEU  B  226    113  ASP  A  140       7.4422   1 0 0 0    -81      81    0
R   4741  458  LEU  B  226    116  ARG  A  143       8.1710   1 0 0 1     78      78    0
R   4742  458  LEU  B  226    117  LEU  A  144       7.3595   1 0 0 1    110     110    0
R   4743  458  LEU  B  226    120  ILE  A  147      10.3165   0 0 0 1      9       9    0
R   4744  458  LEU  B  226    456  SER  B  224       5.2647   1 0 0 0    -22      22    0
R   4745  458  LEU  B  226    457  LYS  B  225       3.8828   1 0 0 0    -47      47    0
R   4746  458  LEU  B  226    459  GLU  B  227       3.8718   1 0 0 0     -9       9    0
R   4747  458  LEU  B  226    460  ALA  B  228       5.3752   1 0 0 1      3       3    0
R   4748  458  LEU  B  226    461  ILE  B  229       5.2740   1 0 0 0     -1       1    0
R   4749  458  LEU  B  226    462  TYR  B  230       6.0672   1 0 0 1    122     122    0
R   4753  459  GLU  B  227    455  TRP  B  223       5.6927   1 0 0 1      8       8    0
R   4754  459  GLU  B  227    456  SER  B  224       4.9962   1 0 0 1     66      66    0
R   4755  459  GLU  B  227    457  LYS  B  225       5.6921   1 0 0 0      0       0    0
R   4756  459  GLU  B  227    458  LEU  B  226       3.8718   1 0 0 0    -25      25    0
R   4757  459  GLU  B  227    460  ALA  B  228       3.8899   1 0 0 0     -8       8    0
R   4758  459  GLU  B  227    461  ILE  B  229       5.7865   1 0 0 0      0       0    0
R   4759  459  GLU  B  227    462  TYR  B  230       5.1040   1 0 0 0    -31      31    0
R   4760  459  GLU  B  227    463  PHE  B  231       6.2722   1 0 0 1     94      94    0
R   4761  459  GLU  B  227    476  TYR  B  244       8.1095   1 0 0 1     47      47    0
R   4762  460  ALA  B  228    446  THR  B  214       4.8774   1 0 0 0   -111     111    0
R   4763  460  ALA  B  228    449  PHE  B  217       5.9963   1 0 0 1     19      19    0
R   4764  460  ALA  B  228    450  CYS  B  218       5.7566   1 0 0 0    -44      44    0
R   4765  460  ALA  B  228    455  TRP  B  223       6.0560   1 0 0 1      9       9    0
R   4766  460  ALA  B  228    456  SER  B  224       6.1686   1 0 0 0    -22      22    0
R   4767  460  ALA  B  228    457  LYS  B  225       5.2001   1 0 0 0    -24      24    0
R   4768  460  ALA  B  228    458  LEU  B  226       5.3752   1 0 0 0      0       0    0
R   4769  460  ALA  B  228    459  GLU  B  227       3.8899   1 0 0 0    -40      40    0
R   4770  460  ALA  B  228    461  ILE  B  229       3.8933   1 0 0 0     -6       6    0
R   4771  460  ALA  B  228    462  TYR  B  230       5.3763   1 0 0 0      0       0    0
R   4772  460  ALA  B  228    463  PHE  B  231       5.1992   1 0 0 0     -5       5    0
R   4773  460  ALA  B  228    464  VAL  B  232       6.1865   1 0 0 1     90      90    0
R   4774  461  ILE  B  229    120  ILE  A  147       8.5983   1 0 0 1     94      94    0
R   4775  461  ILE  B  229    442  VAL  B  210       7.3893   0 0 0 1     29      29    0
R   4776  461  ILE  B  229    443  LEU  B  211       7.9079   0 0 0 1      1       1    0
R   4777  461  ILE  B  229    446  THR  B  214       5.4419   1 0 0 1     75      75    0
R   4778  461  ILE  B  229    457  LYS  B  225       6.3720   1 0 0 0    -40      40    0
R   4779  461  ILE  B  229    458  LEU  B  226       5.2740   1 0 0 0    -12      12    0
R   4780  461  ILE  B  229    459  GLU  B  227       5.7865   1 0 0 0      0       0    0
R   4781  461  ILE  B  229    460  ALA  B  228       3.8933   1 0 0 0    -33      33    0
R   4782  461  ILE  B  229    462  TYR  B  230       3.8670   1 0 0 0    -19      19    0
R   4783  461  ILE  B  229    463  PHE  B  231       5.5332   1 0 0 0      0       0    0
R   4784  461  ILE  B  229    464  VAL  B  232       5.0594   1 0 0 1      1       1    0
R   4785  461  ILE  B  229    465  ILE  B  233       6.0632   1 0 0 1    194     194    0
R   4786  462  TYR  B  230    110  LEU  A  137      10.8346   1 0 0 0    -62      62    0
R   4787  462  TYR  B  230    116  ARG  A  143       6.3112   1 0 0 1    126     126    0
R   4788  462  TYR  B  230    119  CYS  A  146       8.2086   1 0 0 1     47      47    0
R   4789  462  TYR  B  230    120  ILE  A  147       6.5352   1 0 0 1     22      22    0
R   4790  462  TYR  B  230    458  LEU  B  226       6.0672   1 0 0 0    -28      28    0
R   4791  462  TYR  B  230    459  GLU  B  227       5.1040   1 0 0 0    -21      21    0
R   4792  462  TYR  B  230    460  ALA  B  228       5.3763   1 0 0 0      0       0    0
R   4793  462  TYR  B  230    461  ILE  B  229       3.8670   1 0 0 0    -53      53    0
R   4794  462  TYR  B  230    463  PHE  B  231       3.8467   1 0 0 0    -12      12    0
R   4795  462  TYR  B  230    464  VAL  B  232       5.6036   1 0 0 0      0       0    0
R   4796  462  TYR  B  230    465  ILE  B  233       5.4212   1 0 0 0     -3       3    0
R   4797  462  TYR  B  230    466  VAL  B  234       5.9215   1 0 0 1    226     226    0
R   4798  462  TYR  B  230    473  PHE  B  241      10.3071   1 0 0 0   -134     134    0
R   4799  462  TYR  B  230    475  ASP  B  243      10.2836   1 0 0 0    -26      26    0
R   4800  462  TYR  B  230    476  TYR  B  244       8.6942   1 0 0 1     83      83    0
R   4801  463  PHE  B  231    353  PHE  B  121      15.7230   0 0 0 1      6       6    0
R   4802  463  PHE  B  231    364  TYR  B  132      10.5537   1 0 0 0   -109     109    0
R   4803  463  PHE  B  231    449  PHE  B  217       9.0625   1 0 0 1    163     163    0
R   4804  463  PHE  B  231    455  TRP  B  223       9.7274   1 0 0 1     99      99    0
R   4805  463  PHE  B  231    459  GLU  B  227       6.2722   1 0 0 0    -29      29    0
R   4806  463  PHE  B  231    460  ALA  B  228       5.1992   1 0 0 0    -30      30    0
R   4807  463  PHE  B  231    461  ILE  B  229       5.5332   1 0 0 0      0       0    0
R   4808  463  PHE  B  231    462  TYR  B  230       3.8467   1 0 0 0    -52      52    0
R   4809  463  PHE  B  231    464  VAL  B  232       3.8655   1 0 0 0    -13      13    0
R   4810  463  PHE  B  231    465  ILE  B  233       5.6064   1 0 0 0      0       0    0
R   4811  463  PHE  B  231    466  VAL  B  234       5.0882   1 0 0 1     13      13    0
R   4812  463  PHE  B  231    467  THR  B  235       5.8959   1 0 0 1    210     210    0
R   4813  463  PHE  B  231    476  TYR  B  244       6.0938   1 0 0 0    -93      93    0
R   4814  463  PHE  B  231    477  VAL  B  245       7.3919   1 0 0 0      0       0    0
R   4815  463  PHE  B  231    478  ALA  B  246       8.5855   1 0 0 0    -22      22    0
R   4816  463  PHE  B  231    493  VAL  B  261      12.1906   0 0 0 1     16      16    0
R   4817  463  PHE  B  231    496  TRP  B  264      13.0708   0 0 0 1     31      31    0
R   4818  464  VAL  B  232    442  VAL  B  210       6.7225   1 0 0 1     20      20    0
R   4819  464  VAL  B  232    445  PRO  B  213       7.3077   1 0 0 1     66      66    0
R   4820  464  VAL  B  232    446  THR  B  214       6.6619   1 0 0 1     75      75    0
R   4821  464  VAL  B  232    449  PHE  B  217       8.8833   1 0 0 1     53      53    0
R   4822  464  VAL  B  232    460  ALA  B  228       6.1865   1 0 0 0    -34      34    0
R   4823  464  VAL  B  232    461  ILE  B  229       5.0594   1 0 0 0    -22      22    0
R   4824  464  VAL  B  232    462  TYR  B  230       5.6036   1 0 0 0      0       0    0
R   4825  464  VAL  B  232    463  PHE  B  231       3.8655   1 0 0 0    -41      41    0
R   4826  464  VAL  B  232    465  ILE  B  233       3.8359   1 0 0 1     12      12    0
R   4827  464  VAL  B  232    466  VAL  B  234       5.6571   1 0 0 0      0       0    0
R   4828  464  VAL  B  232    467  THR  B  235       5.1377   1 0 0 1      1       1    0
R   4829  464  VAL  B  232    468  LEU  B  236       6.1472   1 0 0 1    153     153    0
R   4830  464  VAL  B  232    496  TRP  B  264      10.2072   1 0 0 1    113     113    0
R   4831  465  ILE  B  233    120  ILE  A  147       6.7088   1 0 0 1    171     171    0
R   4832  465  ILE  B  233    123  ALA  A  150       8.7348   0 0 0 1     11      11    0
R   4833  465  ILE  B  233    124  LEU  A  151       8.5883   1 0 0 1     94      94    0
R   4834  465  ILE  B  233    442  VAL  B  210       7.7969   0 0 0 1     50      50    0
R   4835  465  ILE  B  233    461  ILE  B  229       6.0632   1 0 0 1     71      71    0
R   4836  465  ILE  B  233    462  TYR  B  230       5.4212   1 0 0 0     -8       8    0
R   4837  465  ILE  B  233    463  PHE  B  231       5.6064   1 0 0 0      0       0    0
R   4838  465  ILE  B  233    464  VAL  B  232       3.8359   1 0 0 1     14      14    0
R   4839  465  ILE  B  233    466  VAL  B  234       3.8832   1 0 0 1      2       2    0
R   4840  465  ILE  B  233    467  THR  B  235       5.2646   1 0 0 1      1       1    0
R   4841  465  ILE  B  233    468  LEU  B  236       5.1403   1 0 0 1      1       1    0
R   4842  465  ILE  B  233    469  THR  B  237       5.8895   1 0 0 1    257     257    0
R   4844  466  VAL  B  234    120  ILE  A  147       7.3042   0 0 0 1      6       6    0
R   4845  466  VAL  B  234    364  TYR  B  132       9.7376   0 0 0 1     10      10    0
R   4846  466  VAL  B  234    462  TYR  B  230       5.9215   1 0 0 1    110     110    0
R   4847  466  VAL  B  234    463  PHE  B  231       5.0882   1 0 0 0    -15      15    0
R   4848  466  VAL  B  234    464  VAL  B  232       5.6571   1 0 0 0      0       0    0
R   4849  466  VAL  B  234    465  ILE  B  233       3.8832   1 0 0 0      0       0    0
R   4850  466  VAL  B  234    467  THR  B  235       3.8509   1 0 0 0    -15      15    0
R   4851  466  VAL  B  234    468  LEU  B  236       5.8852   1 0 0 0      0       0    0
R   4852  466  VAL  B  234    469  THR  B  237       5.4000   1 0 0 1     72      72    0
R   4853  466  VAL  B  234    470  THR  B  238       6.2871   1 0 0 0      0       0    0
R   4854  466  VAL  B  234    471  VAL  B  239       5.3830   1 0 0 1     41      41    0
R   4855  466  VAL  B  234    472  GLY  B  240       5.3272   1 0 0 1    117     117    0
R   4856  466  VAL  B  234    473  PHE  B  241       6.8918   1 0 0 0    -43      43    0
R   4859  467  THR  B  235    362  ILE  B  130       6.3276   1 0 0 1     19      19    0
R   4860  467  THR  B  235    364  TYR  B  132       8.4630   1 0 0 0     -7       7    0
R   4861  467  THR  B  235    463  PHE  B  231       5.8959   1 0 0 1     37      37    0
R   4862  467  THR  B  235    464  VAL  B  232       5.1377   1 0 0 0      0       0    0
R   4863  467  THR  B  235    465  ILE  B  233       5.2646   1 0 0 0      0       0    0
R   4864  467  THR  B  235    466  VAL  B  234       3.8509   1 0 0 0    -36      36    0
R   4865  467  THR  B  235    468  LEU  B  236       3.8585   1 0 0 1     16      16    0
R   4866  467  THR  B  235    469  THR  B  237       5.5040   1 0 0 0      0       0    0
R   4867  467  THR  B  235    470  THR  B  238       4.9163   1 0 0 1     94      94    0
R   4869  467  THR  B  235    496  TRP  B  264      10.6725   1 0 0 1     91      91    0
R   4870  467  THR  B  235    497  ILE  B  265       7.7899   1 0 0 1     43      43    0
R   4872  468  LEU  B  236    441  PHE  B  209       9.2610   1 0 0 0   -102     102    0
R   4873  468  LEU  B  236    442  VAL  B  210       9.1249   0 0 0 1     28      28    0
R   4874  468  LEU  B  236    464  VAL  B  232       6.1472   1 0 0 1     11      11    0
R   4875  468  LEU  B  236    465  ILE  B  233       5.1403   1 0 0 0     -7       7    0
R   4876  468  LEU  B  236    466  VAL  B  234       5.8852   1 0 0 0      0       0    0
R   4877  468  LEU  B  236    467  THR  B  235       3.8585   1 0 0 1      8       8    0
R   4878  468  LEU  B  236    469  THR  B  237       3.8733   1 0 0 0     -5       5    0
R   4879  468  LEU  B  236    470  THR  B  238       5.1103   1 0 0 0     -5       5    0
R   4880  468  LEU  B  236    496  TRP  B  264       9.8470   1 0 0 1     93      93    0
R   4882  468  LEU  B  236    500  GLY  B  268       6.5001   1 0 0 0    -14      14    0
R   4883  468  LEU  B  236    501  LEU  B  269       5.6312   1 0 0 0    -98      98    0
R   4884  468  LEU  B  236    504  PHE  B  272       7.0703   1 0 0 0    -30      30    0
R   4885  469  THR  B  237    102  THR  A  129       6.8222   1 0 0 0    -92      92    0
R   4886  469  THR  B  237    123  ALA  A  150       7.5890   1 0 0 1     37      37    0
R   4887  469  THR  B  237    124  LEU  A  151       7.8299   1 0 0 1     60      60    0
R   4888  469  THR  B  237    127  ILE  A  154       7.9957   1 0 0 1     64      64    0
R   4889  469  THR  B  237    465  ILE  B  233       5.8895   1 0 0 1    117     117    0
R   4890  469  THR  B  237    466  VAL  B  234       5.4000   1 0 0 1     83      83    0
R   4891  469  THR  B  237    467  THR  B  235       5.5040   1 0 0 0      0       0    0
R   4892  469  THR  B  237    468  LEU  B  236       3.8733   1 0 0 0    -25      25    0
R   4893  469  THR  B  237    470  THR  B  238       3.8823   1 0 0 1     97      97    0
R   4894  469  THR  B  237    471  VAL  B  239       5.3933   1 0 0 0    -44      44    0
R   4895  469  THR  B  237    504  PHE  B  272       8.1123   1 0 0 1     14      14    0
R   4896  470  THR  B  238    102  THR  A  129       5.9657   1 0 0 0    -42      42    0
R   4898  470  THR  B  238    360  THR  B  128       7.1360   1 0 0 0    -62      62    0
R   4899  470  THR  B  238    361  THR  B  129       6.0715   1 0 0 0    -60      60    0
R   4900  470  THR  B  238    362  ILE  B  130       4.1736   1 0 0 1      9       9    0
R   4901  470  THR  B  238    466  VAL  B  234       6.2871   1 0 0 0      0       0    0
R   4902  470  THR  B  238    467  THR  B  235       4.9163   1 0 0 1     25      25    0
R   4903  470  THR  B  238    468  LEU  B  236       5.1103   1 0 0 0     -7       7    0
R   4904  470  THR  B  238    469  THR  B  237       3.8823   1 0 0 1     36      36    0
R   4905  470  THR  B  238    471  VAL  B  239       3.8759   1 0 0 0     -5       5    0
R   4906  470  THR  B  238    472  GLY  B  240       5.1742   1 0 0 0      0       0    0
R   4907  470  THR  B  238    501  LEU  B  269       8.3000   1 0 0 1    140     140    0
R   4908  470  THR  B  238    504  PHE  B  272      10.3460   0 0 0 1     17      17    0
R   4909  471  VAL  B  239     98  THR  A  125       7.6609   1 0 0 0    -26      26    0
R   4910  471  VAL  B  239     99  ILE  A  126       6.0740   1 0 0 0    -60      60    0
R   4911  471  VAL  B  239    102  THR  A  129       4.1457   1 0 0 0      0       0    0
R   4912  471  VAL  B  239    103  ILE  A  130       5.4459   1 0 0 0   -119     119    0
R   4913  471  VAL  B  239    104  GLY  A  131       4.5764   1 0 0 0     -5       5    0
R   4915  471  VAL  B  239    123  ALA  A  150       8.6318   0 0 0 1     12      12    0
R   4916  471  VAL  B  239    127  ILE  A  154       9.3810   1 0 0 1     32      32    0
R   4917  471  VAL  B  239    362  ILE  B  130       5.7374   1 0 0 0    -26      26    0
R   4918  471  VAL  B  239    466  VAL  B  234       5.3830   1 0 0 1      4       4    0
R   4919  471  VAL  B  239    469  THR  B  237       5.3933   1 0 0 0    -68      68    0
R   4920  471  VAL  B  239    470  THR  B  238       3.8759   1 0 0 0    -35      35    0
R   4921  471  VAL  B  239    472  GLY  B  240       3.8482   1 0 0 0    -33      33    0
R   4922  471  VAL  B  239    473  PHE  B  241       5.8222   1 0 0 1    117     117    0
R   4924  472  GLY  B  240    362  ILE  B  130       4.5681   1 0 0 0    -45      45    0
R   4925  472  GLY  B  240    363  GLY  B  131       5.7803   1 0 0 0    -72      72    0
R   4926  472  GLY  B  240    364  TYR  B  132       4.8308   1 0 0 0      0       0    0
R   4927  472  GLY  B  240    466  VAL  B  234       5.3272   1 0 0 1     39      39    0
R   4928  472  GLY  B  240    470  THR  B  238       5.1742   1 0 0 0      0       0    0
R   4929  472  GLY  B  240    471  VAL  B  239       3.8482   1 0 0 0    -67      67    0
R   4930  472  GLY  B  240    473  PHE  B  241       3.8496   1 0 0 0     -6       6    0
R   4931  472  GLY  B  240    474  GLY  B  242       5.4568   1 0 0 1      4       4    0
R   4932  473  PHE  B  241     95  PHE  A  122      10.5889   1 0 0 1    165     165    0
R   4934  473  PHE  B  241     99  ILE  A  126       8.7830   1 0 0 1     85      85    0
R   4935  473  PHE  B  241    104  GLY  A  131       4.8467   1 0 0 0    -36      36    0
R   4937  473  PHE  B  241    106  GLY  A  133       4.4195   1 0 0 0    -11      11    0
R   4938  473  PHE  B  241    109  ALA  A  136       7.4170   0 0 0 1      4       4    0
R   4939  473  PHE  B  241    119  CYS  A  146      11.0227   1 0 0 0      0       0    0
R   4940  473  PHE  B  241    364  TYR  B  132       5.5209   1 0 0 0    -70      70    0
R   4941  473  PHE  B  241    462  TYR  B  230      10.3071   1 0 0 0   -114     114    0
R   4942  473  PHE  B  241    466  VAL  B  234       6.8918   1 0 0 1     47      47    0
R   4943  473  PHE  B  241    471  VAL  B  239       5.8222   1 0 0 1     40      40    0
R   4944  473  PHE  B  241    472  GLY  B  240       3.8496   1 0 0 0    -26      26    0
R   4945  473  PHE  B  241    474  GLY  B  242       3.8699   1 0 0 0    -13      13    0
R   4946  473  PHE  B  241    475  ASP  B  243       5.6829   1 0 0 0    -63      63    0
R   4947  474  GLY  B  242    364  TYR  B  132       3.9092   1 0 0 0    -15      15    0
R   4948  474  GLY  B  242    366  ASN  B  134       5.2855   1 0 0 0   -114     114    0
R   4950  474  GLY  B  242    472  GLY  B  240       5.4568   1 0 0 0      0       0    0
R   4951  474  GLY  B  242    473  PHE  B  241       3.8699   1 0 0 0    -30      30    0
R   4952  474  GLY  B  242    475  ASP  B  243       3.8451   1 0 0 1      1       1    0
R   4953  474  GLY  B  242    476  TYR  B  244       5.1730   1 0 0 1      6       6    0
R   4954  474  GLY  B  242    477  VAL  B  245       5.8910   1 0 0 0    -14      14    0
R   4956  475  ASP  B  243    109  ALA  A  136       6.3241   1 0 0 1     45      45    0
R   4959  475  ASP  B  243    116  ARG  A  143      10.8923   0 0 0 1      3       3    0
R   4960  475  ASP  B  243    462  TYR  B  230      10.2836   1 0 0 1     56      56    0
R   4962  475  ASP  B  243    473  PHE  B  241       5.6829   1 0 0 0    -52      52    0
R   4963  475  ASP  B  243    474  GLY  B  242       3.8451   1 0 0 0    -29      29    0
R   4964  475  ASP  B  243    476  TYR  B  244       3.8744   1 0 0 0    -16      16    0
R   4966  476  TYR  B  244    116  ARG  A  143      11.3353   1 0 0 0    -10      10    0
R   4968  476  TYR  B  244    455  TRP  B  223       9.2784   1 0 0 0    -74      74    0
R   4969  476  TYR  B  244    459  GLU  B  227       8.1095   1 0 0 1     91      91    0
R   4970  476  TYR  B  244    462  TYR  B  230       8.6942   1 0 0 1     73      73    0
R   4971  476  TYR  B  244    463  PHE  B  231       6.0938   1 0 0 0    -12      12    0
R   4972  476  TYR  B  244    474  GLY  B  242       5.1730   1 0 0 1      3       3    0
R   4973  476  TYR  B  244    475  ASP  B  243       3.8744   1 0 0 0    -78      78    0
R   4974  476  TYR  B  244    477  VAL  B  245       3.8819   1 0 0 0    -21      21    0
R   4975  477  VAL  B  245    353  PHE  B  121      10.5081   1 0 0 1    150     150    0
R   4976  477  VAL  B  245    364  TYR  B  132       7.2643   1 0 0 1    113     113    0
R   4977  477  VAL  B  245    366  ASN  B  134       7.4558   1 0 0 0    -77      77    0
R   4979  477  VAL  B  245    455  TRP  B  223      10.7654   1 0 0 0    -63      63    0
R   4980  477  VAL  B  245    463  PHE  B  231       7.3919   1 0 0 0      0       0    0
R   4981  477  VAL  B  245    474  GLY  B  242       5.8910   1 0 0 0    -71      71    0
R   4982  477  VAL  B  245    476  TYR  B  244       3.8819   1 0 0 0    -21      21    0
R   4983  477  VAL  B  245    478  ALA  B  246       3.8609   1 0 0 0    -10      10    0
R   4984  477  VAL  B  245    479  GLY  B  247       6.4714   1 0 0 1      1       1    0
R   4985  477  VAL  B  245    480  ALA  B  248       5.5954   1 0 0 0    -42      42    0
R   4988  478  ALA  B  246    449  PHE  B  217       7.2936   1 0 0 1    160     160    0
R   4989  478  ALA  B  246    453  GLU  B  221       6.5954   1 0 0 0     -1       1    0
R   4990  478  ALA  B  246    455  TRP  B  223      10.0045   1 0 0 1     12      12    0
R   4991  478  ALA  B  246    463  PHE  B  231       8.5855   1 0 0 1     29      29    0
R   4992  478  ALA  B  246    477  VAL  B  245       3.8609   1 0 0 0    -13      13    0
R   4993  478  ALA  B  246    479  GLY  B  247       3.8501   1 0 0 1     15      15    0
R   4994  478  ALA  B  246    480  ALA  B  248       5.4899   1 0 0 1      6       6    0
R   4995  478  ALA  B  246    489  TYR  B  257       8.6863   1 0 0 0    -37      37    0
R   4996  478  ALA  B  246    490  GLN  B  258       6.8202   1 0 0 0    -63      63    0
R   4997  478  ALA  B  246    493  VAL  B  261       7.4372   1 0 0 1     25      25    0
R   4998  479  GLY  B  247    350  SER  B  118       8.1728   0 0 0 1      3       3    0
R   4999  479  GLY  B  247    453  GLU  B  221       7.6318   1 0 0 1     57      57    0
R   5000  479  GLY  B  247    477  VAL  B  245       6.4714   1 0 0 0      0       0    0
R   5001  479  GLY  B  247    478  ALA  B  246       3.8501   1 0 0 0     -3       3    0
R   5002  479  GLY  B  247    480  ALA  B  248       3.8623   1 0 0 0     -5       5    0
R   5003  479  GLY  B  247    481  ASP  B  249       5.5435   1 0 0 0    -17      17    0
R   5004  479  GLY  B  247    484  GLN  B  252       7.1791   1 0 0 0    -19      19    0
R   5005  479  GLY  B  247    489  TYR  B  257       6.7226   1 0 0 0     -5       5    0
R   5006  479  GLY  B  247    490  GLN  B  258       4.8365   1 0 0 1     33      33    0
R   5007  480  ALA  B  248    343  HIS  B  111      10.7702   0 0 0 1      3       3    0
R   5008  480  ALA  B  248    366  ASN  B  134       8.1069   1 0 0 0   -116     116    0
R   5009  480  ALA  B  248    453  GLU  B  221       9.1336   0 0 0 1      1       1    0
R   5010  480  ALA  B  248    477  VAL  B  245       5.5954   1 0 0 0    -44      44    0
R   5011  480  ALA  B  248    478  ALA  B  246       5.4899   1 0 0 1      5       5    0
R   5012  480  ALA  B  248    479  GLY  B  247       3.8623   1 0 0 0    -33      33    0
R   5013  480  ALA  B  248    481  ASP  B  249       3.8716   1 0 0 0    -21      21    0
R   5014  480  ALA  B  248    482  PRO  B  250       6.3377   1 0 0 0    -29      29    0
R   5015  480  ALA  B  248    490  GLN  B  258       7.8942   1 0 0 0     -3       3    0
R   5017  481  ASP  B  249    479  GLY  B  247       5.5435   1 0 0 0    -19      19    0
R   5018  481  ASP  B  249    480  ALA  B  248       3.8716   1 0 0 0    -51      51    0
R   5019  481  ASP  B  249    482  PRO  B  250       3.8669   1 0 0 0    -98      98    0
R   5020  481  ASP  B  249    483  ARG  B  251       5.5382   1 0 0 0   -131     131    0
R   5021  481  ASP  B  249    484  GLN  B  252       5.8738   1 0 0 0    -56      56    0
R   5022  482  PRO  B  250    343  HIS  B  111       6.2180   1 0 0 1     15      15    0
R   5023  482  PRO  B  250    480  ALA  B  248       6.3377   1 0 0 0    -34      34    0
R   5024  482  PRO  B  250    481  ASP  B  249       3.8669   1 0 0 0    -52      52    0
R   5025  482  PRO  B  250    483  ARG  B  251       3.9096   1 0 0 0    -10      10    0
R   5026  482  PRO  B  250    484  GLN  B  252       5.9921   1 0 0 0    -20      20    0
R   5027  483  ARG  B  251    481  ASP  B  249       5.5382   1 0 0 0    -60      60    0
R   5028  483  ARG  B  251    482  PRO  B  250       3.9096   1 0 0 0    -78      78    0
R   5029  483  ARG  B  251    484  GLN  B  252       3.8757   1 0 0 0    -20      20    0
R   5030  483  ARG  B  251    485  ASP  B  253       6.5978   1 0 0 1      7       7    0
R   5031  484  GLN  B  252    452  MET  B  220       9.7062   1 0 0 1     85      85    0
R   5032  484  GLN  B  252    453  GLU  B  221       9.3019   1 0 0 1    112     112    0
R   5033  484  GLN  B  252    479  GLY  B  247       7.1791   1 0 0 0     -7       7    0
R   5034  484  GLN  B  252    481  ASP  B  249       5.8738   1 0 0 0   -111     111    0
R   5035  484  GLN  B  252    482  PRO  B  250       5.9921   1 0 0 0    -18      18    0
R   5036  484  GLN  B  252    483  ARG  B  251       3.8757   1 0 0 0    -57      57    0
R   5037  484  GLN  B  252    485  ASP  B  253       3.8713   1 0 0 1     15      15    0
R   5038  484  GLN  B  252    486  SER  B  254       5.4168   1 0 0 0    -60      60    0
R   5040  485  ASP  B  253    483  ARG  B  251       6.5978   1 0 0 1      5       5    0
R   5041  485  ASP  B  253    484  GLN  B  252       3.8713   1 0 0 0      0       0    0
R   5042  485  ASP  B  253    486  SER  B  254       3.8549   1 0 0 1     31      31    0
R   5043  485  ASP  B  253    487  PRO  B  255       5.9541   1 0 0 0    -40      40    0
R   5044  486  SER  B  254    484  GLN  B  252       5.4168   1 0 0 0    -70      70    0
R   5045  486  SER  B  254    485  ASP  B  253       3.8549   1 0 0 1      4       4    0
R   5046  486  SER  B  254    487  PRO  B  255       3.8452   1 0 0 0    -50      50    0
R   5047  486  SER  B  254    488  ALA  B  256       5.8671   1 0 0 0      0       0    0
R   5048  486  SER  B  254    489  TYR  B  257       5.2178   1 0 0 0    -51      51    0
R   5049  486  SER  B  254    490  GLN  B  258       7.1500   0 0 0 1      2       2    0
R   5051  487  PRO  B  255    485  ASP  B  253       5.9541   1 0 0 0    -30      30    0
R   5052  487  PRO  B  255    486  SER  B  254       3.8452   1 0 0 0    -32      32    0
R   5053  487  PRO  B  255    488  ALA  B  256       3.8812   1 0 0 0     -1       1    0
R   5054  487  PRO  B  255    489  TYR  B  257       5.5281   1 0 0 0      0       0    0
R   5056  487  PRO  B  255    491  PRO  B  259       7.5732   1 0 0 0   -156     156    0
R   5057  488  ALA  B  256    486  SER  B  254       5.8671   1 0 0 0      0       0    0
R   5058  488  ALA  B  256    487  PRO  B  255       3.8812   1 0 0 0    -63      63    0
R   5059  488  ALA  B  256    489  TYR  B  257       3.8948   1 0 0 0     -6       6    0
R   5060  488  ALA  B  256    490  GLN  B  258       5.9742   1 0 0 0      0       0    0
R   5061  488  ALA  B  256    491  PRO  B  259       5.7841   1 0 0 0    -25      25    0
R   5062  488  ALA  B  256    492  LEU  B  260       5.7859   1 0 0 0    -75      75    0
R   5063  489  TYR  B  257    448  VAL  B  216      11.3009   0 0 0 1     18      18    0
R   5064  489  TYR  B  257    449  PHE  B  217      10.8965   1 0 0 0   -116     116    0
R   5065  489  TYR  B  257    452  MET  B  220       9.6508   1 0 0 1     18      18    0
R   5066  489  TYR  B  257    453  GLU  B  221      11.0139   1 0 0 0      0       0    0
R   5067  489  TYR  B  257    478  ALA  B  246       8.6863   1 0 0 0     -1       1    0
R   5068  489  TYR  B  257    479  GLY  B  247       6.7226   1 0 0 0    -53      53    0
R   5070  489  TYR  B  257    486  SER  B  254       5.2178   1 0 0 0     -4       4    0
R   5071  489  TYR  B  257    487  PRO  B  255       5.5281   1 0 0 0      0       0    0
R   5072  489  TYR  B  257    488  ALA  B  256       3.8948   1 0 0 0    -42      42    0
R   5073  489  TYR  B  257    490  GLN  B  258       3.8875   1 0 0 0    -24      24    0
R   5074  489  TYR  B  257    491  PRO  B  259       5.7871   1 0 0 0      0       0    0
R   5075  489  TYR  B  257    492  LEU  B  260       5.0067   1 0 0 1     11      11    0
R   5076  489  TYR  B  257    493  VAL  B  261       6.1609   1 0 0 1    204     204    0
R   5078  490  GLN  B  258    350  SER  B  118       7.0299   1 0 0 1    166     166    0
R   5079  490  GLN  B  258    353  PHE  B  121       6.8336   1 0 0 0    -89      89    0
R   5082  490  GLN  B  258    478  ALA  B  246       6.8202   1 0 0 0    -33      33    0
R   5083  490  GLN  B  258    479  GLY  B  247       4.8365   1 0 0 1     22      22    0
R   5084  490  GLN  B  258    480  ALA  B  248       7.8942   1 0 0 0    -26      26    0
R   5086  490  GLN  B  258    488  ALA  B  256       5.9742   1 0 0 0      0       0    0
R   5087  490  GLN  B  258    489  TYR  B  257       3.8875   1 0 0 0    -37      37    0
R   5088  490  GLN  B  258    491  PRO  B  259       3.8717   1 0 0 0    -32      32    0
R   5089  490  GLN  B  258    492  LEU  B  260       5.4093   1 0 0 1      4       4    0
R   5090  490  GLN  B  258    493  VAL  B  261       5.2492   1 0 0 0     -3       3    0
R   5091  490  GLN  B  258    494  TRP  B  262       7.0398   1 0 0 1      8       8    0
R   5092  491  PRO  B  259    349  GLY  B  117       6.2432   1 0 0 0    -62      62    0
R   5093  491  PRO  B  259    352  PHE  B  120       7.0346   1 0 0 1    100     100    0
R   5094  491  PRO  B  259    353  PHE  B  121       5.8892   0 0 0 1      9       9    0
R   5095  491  PRO  B  259    487  PRO  B  255       7.5732   1 0 0 0   -109     109    0
R   5096  491  PRO  B  259    488  ALA  B  256       5.7841   1 0 0 0    -29      29    0
R   5097  491  PRO  B  259    489  TYR  B  257       5.7871   1 0 0 0      0       0    0
R   5098  491  PRO  B  259    490  GLN  B  258       3.8717   1 0 0 0    -47      47    0
R   5099  491  PRO  B  259    492  LEU  B  260       3.8955   1 0 0 1      3       3    0
R   5100  491  PRO  B  259    493  VAL  B  261       5.5160   1 0 0 0      0       0    0
R   5101  491  PRO  B  259    494  TRP  B  262       5.2984   1 0 0 1     40      40    0
R   5102  491  PRO  B  259    495  PHE  B  263       7.1124   1 0 0 1     10      10    0
R   5103  492  LEU  B  260    488  ALA  B  256       5.7859   1 0 0 0    -23      23    0
R   5104  492  LEU  B  260    489  TYR  B  257       5.0067   1 0 0 0    -12      12    0
R   5105  492  LEU  B  260    490  GLN  B  258       5.4093   1 0 0 0      0       0    0
R   5106  492  LEU  B  260    491  PRO  B  259       3.8955   1 0 0 0    -50      50    0
R   5107  492  LEU  B  260    493  VAL  B  261       3.8752   1 0 0 0    -16      16    0
R   5108  492  LEU  B  260    494  TRP  B  262       5.1528   1 0 0 0      0       0    0
R   5109  492  LEU  B  260    495  PHE  B  263       5.0241   1 0 0 1     47      47    0
R   5110  492  LEU  B  260    496  TRP  B  264       6.9290   1 0 0 1     19      19    0
R   5111  493  VAL  B  261    353  PHE  B  121       8.7830   0 0 0 1     40      40    0
R   5112  493  VAL  B  261    449  PHE  B  217       9.7427   1 0 0 1    154     154    0
R   5113  493  VAL  B  261    463  PHE  B  231      12.1906   0 0 0 1     16      16    0
R   5114  493  VAL  B  261    478  ALA  B  246       7.4372   1 0 0 1     41      41    0
R   5115  493  VAL  B  261    489  TYR  B  257       6.1609   1 0 0 1     76      76    0
R   5116  493  VAL  B  261    490  GLN  B  258       5.2492   1 0 0 0    -43      43    0
R   5117  493  VAL  B  261    491  PRO  B  259       5.5160   1 0 0 0      0       0    0
R   5118  493  VAL  B  261    492  LEU  B  260       3.8752   1 0 0 0    -30      30    0
R   5119  493  VAL  B  261    494  TRP  B  262       3.8978   1 0 0 1      3       3    0
R   5120  493  VAL  B  261    495  PHE  B  263       5.4848   1 0 0 0      0       0    0
R   5121  493  VAL  B  261    496  TRP  B  264       5.2711   1 0 0 1     38      38    0
R   5122  493  VAL  B  261    497  ILE  B  265       6.4121   1 0 0 1    165     165    0
R   5123  494  TRP  B  262      9  LEU  A   36      13.0605   0 0 0 1     13      13    0
R   5124  494  TRP  B  262     12  VAL  A   39      12.5128   1 0 0 1     55      55    0
R   5125  494  TRP  B  262     13  LEU  A   40      10.9086   1 0 0 1     99      99    0
R   5126  494  TRP  B  262     16  LEU  A   43      11.1426   1 0 0 1    116     116    0
R   5127  494  TRP  B  262    352  PHE  B  120       9.4428   0 0 0 1     81      81    0
R   5128  494  TRP  B  262    353  PHE  B  121       7.0922   0 0 0 1     27      27    0
R   5129  494  TRP  B  262    356  GLY  B  124       7.1585   1 0 0 0     -6       6    0
R   5131  494  TRP  B  262    359  ILE  B  127      11.4531   1 0 0 1     18      18    0
R   5132  494  TRP  B  262    360  THR  B  128       9.6759   1 0 0 0    -92      92    0
R   5133  494  TRP  B  262    389  PHE  B  157      12.9250   1 0 0 1    109     109    0
R   5134  494  TRP  B  262    392  LEU  B  160      14.0358   0 0 0 1      6       6    0
R   5135  494  TRP  B  262    490  GLN  B  258       7.0398   1 0 0 0     -9       9    0
R   5136  494  TRP  B  262    491  PRO  B  259       5.2984   1 0 0 0    -44      44    0
R   5137  494  TRP  B  262    492  LEU  B  260       5.1528   1 0 0 0      0       0    0
R   5138  494  TRP  B  262    493  VAL  B  261       3.8978   1 0 0 0    -46      46    0
R   5139  494  TRP  B  262    495  PHE  B  263       3.9179   1 0 0 1      2       2    0
R   5140  494  TRP  B  262    496  TRP  B  264       5.2767   1 0 0 0      0       0    0
R   5141  494  TRP  B  262    497  ILE  B  265       4.6961   1 0 0 1     60      60    0
R   5142  494  TRP  B  262    498  LEU  B  266       6.1511   1 0 0 1    283     283    0
R   5143  495  PHE  B  263    491  PRO  B  259       7.1124   1 0 0 1     11      11    0
R   5144  495  PHE  B  263    492  LEU  B  260       5.0241   1 0 0 0    -35      35    0
R   5145  495  PHE  B  263    493  VAL  B  261       5.4848   1 0 0 0      0       0    0
R   5146  495  PHE  B  263    494  TRP  B  262       3.9179   1 0 0 0    -50      50    0
R   5147  495  PHE  B  263    496  TRP  B  264       3.8807   1 0 0 1      3       3    0
R   5148  495  PHE  B  263    497  ILE  B  265       5.5572   1 0 0 0      0       0    0
R   5149  495  PHE  B  263    498  LEU  B  266       5.3332   1 0 0 1     17      17    0
R   5150  495  PHE  B  263    499  LEU  B  267       6.5974   1 0 0 1     30      30    0
R   5152  496  TRP  B  264    441  PHE  B  209       7.2218   1 0 0 1     73      73    0
R   5153  496  TRP  B  264    445  PRO  B  213       8.1239   1 0 0 1      3       3    0
R   5154  496  TRP  B  264    449  PHE  B  217      11.8242   1 0 0 1    111     111    0
R   5155  496  TRP  B  264    463  PHE  B  231      13.0708   0 0 0 1     24      24    0
R   5156  496  TRP  B  264    464  VAL  B  232      10.2072   1 0 0 1    153     153    0
R   5157  496  TRP  B  264    467  THR  B  235      10.6725   1 0 0 1     76      76    0
R   5158  496  TRP  B  264    468  LEU  B  236       9.8470   1 0 0 1     87      87    0
R   5159  496  TRP  B  264    492  LEU  B  260       6.9290   1 0 0 0     -1       1    0
R   5160  496  TRP  B  264    493  VAL  B  261       5.2711   1 0 0 0    -70      70    0
R   5161  496  TRP  B  264    494  TRP  B  262       5.2767   1 0 0 0      0       0    0
R   5162  496  TRP  B  264    495  PHE  B  263       3.8807   1 0 0 0    -50      50    0
R   5163  496  TRP  B  264    497  ILE  B  265       3.8639   1 0 0 1    102     102    0
R   5164  496  TRP  B  264    498  LEU  B  266       5.4684   1 0 0 0      0       0    0
R   5165  496  TRP  B  264    499  LEU  B  267       5.2623   1 0 0 1     11      11    0
R   5166  496  TRP  B  264    500  GLY  B  268       5.8965   1 0 0 1    181     181    0
R   5167  497  ILE  B  265    353  PHE  B  121      10.7533   1 0 0 1     58      58    0
R   5168  497  ILE  B  265    357  THR  B  125       9.6345   0 0 0 1      1       1    0
R   5169  497  ILE  B  265    360  THR  B  128       8.5172   1 0 0 1     45      45    0
R   5170  497  ILE  B  265    362  ILE  B  130       9.7885   1 0 0 1     88      88    0
R   5172  497  ILE  B  265    467  THR  B  235       7.7899   1 0 0 1     67      67    0
R   5174  497  ILE  B  265    493  VAL  B  261       6.4121   1 0 0 1     49      49    0
R   5175  497  ILE  B  265    494  TRP  B  262       4.6961   1 0 0 1      9       9    0
R   5176  497  ILE  B  265    495  PHE  B  263       5.5572   1 0 0 0      0       0    0
R   5177  497  ILE  B  265    496  TRP  B  264       3.8639   1 0 0 1     54      54    0
R   5178  497  ILE  B  265    498  LEU  B  266       3.8603   1 0 0 0    -12      12    0
R   5179  497  ILE  B  265    499  LEU  B  267       5.6448   1 0 0 0      0       0    0
R   5180  497  ILE  B  265    500  GLY  B  268       5.0763   1 0 0 0      0       0    0
R   5181  497  ILE  B  265    501  LEU  B  269       5.9216   1 0 0 1    188     188    0
R   5182  498  LEU  B  266      9  LEU  A   36      10.5256   1 0 0 1     81      81    0
R   5183  498  LEU  B  266    389  PHE  B  157       9.5251   1 0 0 1    118     118    0
R   5184  498  LEU  B  266    392  LEU  B  160       9.2311   1 0 0 1     74      74    0
R   5185  498  LEU  B  266    393  LEU  B  161       7.4941   0 0 0 1     21      21    0
R   5186  498  LEU  B  266    396  VAL  B  164       8.6577   0 0 0 1     89      89    0
R   5187  498  LEU  B  266    494  TRP  B  262       6.1511   1 0 0 1     90      90    0
R   5188  498  LEU  B  266    495  PHE  B  263       5.3332   1 0 0 0    -16      16    0
R   5189  498  LEU  B  266    496  TRP  B  264       5.4684   1 0 0 0      0       0    0
R   5190  498  LEU  B  266    497  ILE  B  265       3.8603   1 0 0 0    -52      52    0
R   5191  498  LEU  B  266    499  LEU  B  267       3.8988   1 0 0 1     22      22    0
R   5192  498  LEU  B  266    500  GLY  B  268       5.6045   1 0 0 0      0       0    0
R   5193  498  LEU  B  266    501  LEU  B  269       5.5128   1 0 0 0    -10      10    0
R   5194  498  LEU  B  266    502  ALA  B  270       6.2122   1 0 0 1     96      96    0
R   5195  499  LEU  B  267    396  VAL  B  164       7.8720   0 0 0 1     57      57    0
R   5196  499  LEU  B  267    400  LEU  B  168       8.3194   1 0 0 1     27      27    0
R   5197  499  LEU  B  267    441  PHE  B  209       7.5649   1 0 0 1    111     111    0
R   5198  499  LEU  B  267    495  PHE  B  263       6.5974   1 0 0 1     61      61    0
R   5199  499  LEU  B  267    496  TRP  B  264       5.2623   1 0 0 0    -20      20    0
R   5200  499  LEU  B  267    497  ILE  B  265       5.6448   1 0 0 0      0       0    0
R   5201  499  LEU  B  267    498  LEU  B  266       3.8988   1 0 0 0     -7       7    0
R   5202  499  LEU  B  267    500  GLY  B  268       3.8453   1 0 0 0    -14      14    0
R   5203  499  LEU  B  267    501  LEU  B  269       5.7329   1 0 0 0      0       0    0
R   5204  499  LEU  B  267    502  ALA  B  270       5.2685   1 0 0 0     -7       7    0
R   5205  499  LEU  B  267    503  TYR  B  271       6.0743   1 0 0 1     95      95    0
R   5206  500  GLY  B  268    441  PHE  B  209       5.4544   1 0 0 0     -1       1    0
R   5207  500  GLY  B  268    468  LEU  B  236       6.5001   1 0 0 0    -21      21    0
R   5208  500  GLY  B  268    496  TRP  B  264       5.8965   1 0 0 1     65      65    0
R   5209  500  GLY  B  268    497  ILE  B  265       5.0763   1 0 0 0      0       0    0
R   5210  500  GLY  B  268    498  LEU  B  266       5.6045   1 0 0 0      0       0    0
R   5211  500  GLY  B  268    499  LEU  B  267       3.8453   1 0 0 0    -18      18    0
R   5212  500  GLY  B  268    501  LEU  B  269       3.8384   1 0 0 1      7       7    0
R   5213  500  GLY  B  268    502  ALA  B  270       5.5014   1 0 0 0      0       0    0
R   5214  500  GLY  B  268    503  TYR  B  271       5.0582   1 0 0 0     -6       6    0
R   5215  500  GLY  B  268    504  PHE  B  272       5.8949   1 0 0 1    145     145    0
R   5216  501  LEU  B  269    360  THR  B  128       8.4443   1 0 0 1     76      76    0
R   5217  501  LEU  B  269    362  ILE  B  130      10.3293   1 0 0 1      9       9    0
R   5218  501  LEU  B  269    389  PHE  B  157      10.8196   1 0 0 1     49      49    0
R   5219  501  LEU  B  269    393  LEU  B  161       7.3505   1 0 0 1     65      65    0
R   5221  501  LEU  B  269    468  LEU  B  236       5.6312   1 0 0 0   -100     100    0
R   5222  501  LEU  B  269    470  THR  B  238       8.3000   1 0 0 1    100     100    0
R   5223  501  LEU  B  269    497  ILE  B  265       5.9216   1 0 0 1    111     111    0
R   5224  501  LEU  B  269    498  LEU  B  266       5.5128   1 0 0 0     -4       4    0
R   5225  501  LEU  B  269    499  LEU  B  267       5.7329   1 0 0 0      0       0    0
R   5226  501  LEU  B  269    500  GLY  B  268       3.8384   1 0 0 0    -16      16    0
R   5227  501  LEU  B  269    502  ALA  B  270       3.8588   1 0 0 0    -18      18    0
R   5228  501  LEU  B  269    503  TYR  B  271       5.4198   1 0 0 0      0       0    0
R   5229  501  LEU  B  269    504  PHE  B  272       4.8309   1 0 0 0     -8       8    0
R   5230  501  LEU  B  269    505  ALA  B  273       5.9022   1 0 0 1    140     140    0
R   5231  502  ALA  B  270    393  LEU  B  161       5.2028   1 0 0 0     -6       6    0
R   5232  502  ALA  B  270    396  VAL  B  164       6.1174   1 0 0 1    127     127    0
R   5233  502  ALA  B  270    397  GLY  B  165       4.5885   1 0 0 0    -15      15    0
R   5234  502  ALA  B  270    400  LEU  B  168       7.6141   1 0 0 1     13      13    0
R   5235  502  ALA  B  270    498  LEU  B  266       6.2122   1 0 0 0    -39      39    0
R   5236  502  ALA  B  270    499  LEU  B  267       5.2685   1 0 0 0    -18      18    0
R   5237  502  ALA  B  270    500  GLY  B  268       5.5014   1 0 0 0      0       0    0
R   5238  502  ALA  B  270    501  LEU  B  269       3.8588   1 0 0 0    -36      36    0
R   5239  502  ALA  B  270    503  TYR  B  271       3.8594   1 0 0 0     -1       1    0
R   5240  502  ALA  B  270    504  PHE  B  272       5.5433   1 0 0 0      0       0    0
R   5241  502  ALA  B  270    505  ALA  B  273       4.9573   1 0 0 0     -8       8    0
R   5242  502  ALA  B  270    506  SER  B  274       5.7239   1 0 0 1    174     174    0
R   5243  503  TYR  B  271    400  LEU  B  168       7.1531   1 0 0 1     55      55    0
R   5244  503  TYR  B  271    404  LEU  B  172      10.2676   1 0 0 1    108     108    0
R   5245  503  TYR  B  271    433  PHE  B  201      10.5299   1 0 0 1    143     143    0
R   5246  503  TYR  B  271    434  LEU  B  202       9.1009   1 0 0 0     -6       6    0
R   5247  503  TYR  B  271    437  GLY  B  205       7.4409   1 0 0 0     -2       2    0
R   5248  503  TYR  B  271    438  CYS  B  206       9.2217   1 0 0 0    -13      13    0
R   5249  503  TYR  B  271    441  PHE  B  209       8.1667   1 0 0 1    128     128    0
R   5250  503  TYR  B  271    499  LEU  B  267       6.0743   1 0 0 0    -30      30    0
R   5251  503  TYR  B  271    500  GLY  B  268       5.0582   1 0 0 0    -20      20    0
R   5252  503  TYR  B  271    501  LEU  B  269       5.4198   1 0 0 0      0       0    0
R   5253  503  TYR  B  271    502  ALA  B  270       3.8594   1 0 0 0    -30      30    0
R   5254  503  TYR  B  271    504  PHE  B  272       3.9144   1 0 0 0    -14      14    0
R   5255  503  TYR  B  271    505  ALA  B  273       5.3199   1 0 0 0      0       0    0
R   5256  503  TYR  B  271    506  SER  B  274       4.9334   1 0 0 1      8       8    0
R   5257  503  TYR  B  271    507  VAL  B  275       5.9271   1 0 0 1    196     196    0
R   5258  504  PHE  B  272    124  LEU  A  151      11.0632   0 0 0 1     28      28    0
R   5259  504  PHE  B  272    127  ILE  A  154      12.5030   0 0 0 1     48      48    0
R   5260  504  PHE  B  272    468  LEU  B  236       7.0703   1 0 0 0    -65      65    0
R   5261  504  PHE  B  272    469  THR  B  237       8.1123   1 0 0 1     21      21    0
R   5262  504  PHE  B  272    470  THR  B  238      10.3460   0 0 0 1     15      15    0
R   5263  504  PHE  B  272    500  GLY  B  268       5.8949   1 0 0 0    -18      18    0
R   5264  504  PHE  B  272    501  LEU  B  269       4.8309   1 0 0 0    -15      15    0
R   5265  504  PHE  B  272    502  ALA  B  270       5.5433   1 0 0 0      0       0    0
R   5266  504  PHE  B  272    503  TYR  B  271       3.9144   1 0 0 0    -36      36    0
R   5267  504  PHE  B  272    505  ALA  B  273       3.9042   1 0 0 0    -18      18    0
R   5268  504  PHE  B  272    506  SER  B  274       5.9090   1 0 0 0      0       0    0
R   5270  504  PHE  B  272    508  LEU  B  276       6.3919   1 0 0 0    -54      54    0
R   5271  505  ALA  B  273    393  LEU  B  161       7.7169   1 0 0 1     70      70    0
R   5274  505  ALA  B  273    501  LEU  B  269       5.9022   1 0 0 0    -14      14    0
R   5275  505  ALA  B  273    502  ALA  B  270       4.9573   1 0 0 0    -20      20    0
R   5276  505  ALA  B  273    503  TYR  B  271       5.3199   1 0 0 0      0       0    0
R   5277  505  ALA  B  273    504  PHE  B  272       3.9042   1 0 0 0    -20      20    0
R   5278  505  ALA  B  273    506  SER  B  274       3.8799   1 0 0 0    -13      13    0
R   5279  505  ALA  B  273    507  VAL  B  275       5.7483   1 0 0 0      0       0    0
R   5280  505  ALA  B  273    508  LEU  B  276       5.4422   1 0 0 1     13      13    0
R   5281  505  ALA  B  273    509  THR  B  277       6.2583   1 0 0 1    145     145    0
R   5282  506  SER  B  274    397  GLY  B  165       4.6116   1 0 0 1     66      66    0
R   5285  506  SER  B  274    401  GLY  B  169       6.0364   1 0 0 0      0       0    0
R   5287  506  SER  B  274    502  ALA  B  270       5.7239   1 0 0 1     39      39    0
R   5288  506  SER  B  274    503  TYR  B  271       4.9334   1 0 0 1      1       1    0
R   5289  506  SER  B  274    504  PHE  B  272       5.9090   1 0 0 0      0       0    0
R   5290  506  SER  B  274    505  ALA  B  273       3.8799   1 0 0 0    -12      12    0
R   5291  506  SER  B  274    507  VAL  B  275       3.8806   1 0 0 0     -3       3    0
R   5292  506  SER  B  274    508  LEU  B  276       5.7335   1 0 0 0      0       0    0
R   5293  506  SER  B  274    509  THR  B  277       5.3578   1 0 0 1     93      93    0
R   5294  506  SER  B  274    510  THR  B  278       6.3687   1 0 0 1     40      40    0
R   5295  507  VAL  B  275    433  PHE  B  201       9.0223   1 0 0 1    141     141    0
R   5296  507  VAL  B  275    434  LEU  B  202       7.6780   0 0 0 1     60      60    0
R   5297  507  VAL  B  275    503  TYR  B  271       5.9271   1 0 0 1     81      81    0
R   5299  507  VAL  B  275    505  ALA  B  273       5.7483   1 0 0 0      0       0    0
R   5300  507  VAL  B  275    506  SER  B  274       3.8806   1 0 0 0    -25      25    0
R   5301  507  VAL  B  275    508  LEU  B  276       3.9078   1 0 0 1      3       3    0
R   5302  507  VAL  B  275    509  THR  B  277       5.4925   1 0 0 0      0       0    0
R   5303  507  VAL  B  275    510  THR  B  278       5.1586   1 0 0 1     83      83    0
R   5304  507  VAL  B  275    511  ILE  B  279       6.1051   1 0 0 1    110     110    0
R   5305  508  LEU  B  276    128  PRO  A  155       9.2487   0 0 0 1     25      25    0
R   5306  508  LEU  B  276    504  PHE  B  272       6.3919   1 0 0 1     40      40    0
R   5307  508  LEU  B  276    505  ALA  B  273       5.4422   1 0 0 0    -13      13    0
R   5308  508  LEU  B  276    506  SER  B  274       5.7335   1 0 0 0      0       0    0
R   5309  508  LEU  B  276    507  VAL  B  275       3.9078   1 0 0 0    -21      21    0
R   5310  508  LEU  B  276    509  THR  B  277       3.9114   1 0 0 1      3       3    0
R   5311  508  LEU  B  276    510  THR  B  278       5.6365   1 0 0 0      0       0    0
R   5312  508  LEU  B  276    511  ILE  B  279       4.9267   1 0 0 1     48      48    0
R   5313  508  LEU  B  276    512  GLY  B  280       6.1633   1 0 0 1    113     113    0
R   5314  509  THR  B  277    398  ASP  B  166       9.4842   0 0 0 1     14      14    0
R   5315  509  THR  B  277    505  ALA  B  273       6.2583   1 0 0 1      1       1    0
R   5316  509  THR  B  277    506  SER  B  274       5.3578   1 0 0 1    115     115    0
R   5317  509  THR  B  277    507  VAL  B  275       5.4925   1 0 0 0      0       0    0
R   5318  509  THR  B  277    508  LEU  B  276       3.9114   1 0 0 0    -13      13    0
R   5319  509  THR  B  277    510  THR  B  278       3.9034   1 0 0 0    -12      12    0
R   5320  509  THR  B  277    511  ILE  B  279       5.3246   1 0 0 0      0       0    0
R   5321  509  THR  B  277    512  GLY  B  280       4.8045   1 0 0 1     10      10    0
R   5322  509  THR  B  277    513  ASN  B  281       6.4243   1 0 0 0    -61      61    0
R   5326  510  THR  B  278    506  SER  B  274       6.3687   1 0 0 0    -31      31    0
R   5327  510  THR  B  278    507  VAL  B  275       5.1586   1 0 0 1     96      96    0
R   5328  510  THR  B  278    508  LEU  B  276       5.6365   1 0 0 0      0       0    0
R   5329  510  THR  B  278    509  THR  B  277       3.9034   1 0 0 0    -30      30    0
R   5330  510  THR  B  278    511  ILE  B  279       3.9106   1 0 0 1     14      14    0
R   5331  510  THR  B  278    512  GLY  B  280       5.3534   1 0 0 0      0       0    0
R   5332  510  THR  B  278    513  ASN  B  281       5.1346   1 0 0 0    -30      30    0
R   5333  510  THR  B  278    514  TRP  B  282       6.4713   1 0 0 0   -100     100    0
R   5334  511  ILE  B  279    507  VAL  B  275       6.1051   1 0 0 1     29      29    0
R   5335  511  ILE  B  279    508  LEU  B  276       4.9267   1 0 0 1     20      20    0
R   5336  511  ILE  B  279    509  THR  B  277       5.3246   1 0 0 0      0       0    0
R   5337  511  ILE  B  279    510  THR  B  278       3.9106   1 0 0 0    -18      18    0
R   5338  511  ILE  B  279    512  GLY  B  280       3.8934   1 0 0 0     -7       7    0
R   5339  511  ILE  B  279    513  ASN  B  281       5.5919   1 0 0 0      0       0    0
R   5340  511  ILE  B  279    514  TRP  B  282       5.3708   1 0 0 1      9       9    0
R   5341  511  ILE  B  279    515  LEU  B  283       6.1835   1 0 0 1    197     197    0
R   5342  512  GLY  B  280    508  LEU  B  276       6.1633   1 0 0 1     51      51    0
R   5343  512  GLY  B  280    509  THR  B  277       4.8045   1 0 0 1      5       5    0
R   5344  512  GLY  B  280    510  THR  B  278       5.3534   1 0 0 0      0       0    0
R   5345  512  GLY  B  280    511  ILE  B  279       3.8934   1 0 0 0    -25      25    0
R   5346  512  GLY  B  280    513  ASN  B  281       3.9048   1 0 0 0     -1       1    0
R   5347  512  GLY  B  280    514  TRP  B  282       5.6877   1 0 0 0      0       0    0
R   5348  512  GLY  B  280    515  LEU  B  283       5.1216   1 0 0 0     -6       6    0
R   5349  512  GLY  B  280    516  ARG  B  284       6.1340   1 0 0 1     79      79    0
R   5350  513  ASN  B  281    509  THR  B  277       6.4243   1 0 0 0    -35      35    0
R   5351  513  ASN  B  281    510  THR  B  278       5.1346   1 0 0 0    -57      57    0
R   5352  513  ASN  B  281    511  ILE  B  279       5.5919   1 0 0 0      0       0    0
R   5353  513  ASN  B  281    512  GLY  B  280       3.9048   1 0 0 0    -17      17    0
R   5354  513  ASN  B  281    514  TRP  B  282       3.8811   1 0 0 1      9       9    0
R   5355  513  ASN  B  281    515  LEU  B  283       5.4684   1 0 0 0      0       0    0
R   5357  513  ASN  B  281    517  VAL  B  285       5.0405   1 0 0 1    115     115    0
R   5358  513  ASN  B  281    518  VAL  B  286       6.9433   1 0 0 1      6       6    0
R   5361  514  TRP  B  282    510  THR  B  278       6.4713   1 0 0 0    -63      63    0
R   5362  514  TRP  B  282    511  ILE  B  279       5.3708   1 0 0 0    -17      17    0
R   5363  514  TRP  B  282    512  GLY  B  280       5.6877   1 0 0 0      0       0    0
R   5364  514  TRP  B  282    513  ASN  B  281       3.8811   1 0 0 0     -5       5    0
R   5365  514  TRP  B  282    515  LEU  B  283       3.9041   1 0 0 0    -24      24    0
R   5366  514  TRP  B  282    516  ARG  B  284       5.9812   1 0 0 0      0       0    0
R   5367  514  TRP  B  282    517  VAL  B  285       5.5550   0 0 0 1      9       9    0
R   5368  514  TRP  B  282    518  VAL  B  286       4.9863   1 0 0 1     45      45    0
R   5369  515  LEU  B  283    511  ILE  B  279       6.1835   1 0 0 1     46      46    0
R   5370  515  LEU  B  283    512  GLY  B  280       5.1216   1 0 0 0    -22      22    0
R   5371  515  LEU  B  283    513  ASN  B  281       5.4684   1 0 0 0      0       0    0
R   5372  515  LEU  B  283    514  TRP  B  282       3.9041   1 0 0 0    -67      67    0
R   5373  515  LEU  B  283    516  ARG  B  284       3.9045   1 0 0 0    -35      35    0
R   5374  515  LEU  B  283    517  VAL  B  285       6.0278   1 0 0 0      0       0    0
R   5378  516  ARG  B  284    512  GLY  B  280       6.1340   1 0 0 0    -30      30    0
R   5379  516  ARG  B  284    514  TRP  B  282       5.9812   1 0 0 0      0       0    0
R   5380  516  ARG  B  284    515  LEU  B  283       3.9045   1 0 0 0    -56      56    0
R   5381  516  ARG  B  284    517  VAL  B  285       3.8371   1 0 0 0     -7       7    0
R   5382  516  ARG  B  284    518  VAL  B  286       5.7216   1 0 0 1      2       2    0
R   5383  517  VAL  B  285    513  ASN  B  281       5.0405   1 0 0 0     -3       3    0
R   5384  517  VAL  B  285    514  TRP  B  282       5.5550   0 0 0 1      8       8    0
R   5385  517  VAL  B  285    515  LEU  B  283       6.0278   1 0 0 0      0       0    0
R   5386  517  VAL  B  285    516  ARG  B  284       3.8371   1 0 0 0     -3       3    0
R   5387  517  VAL  B  285    518  VAL  B  286       3.7472   1 0 0 1     52      52    0
R   5388  518  VAL  B  286    513  ASN  B  281       6.9433   1 0 0 1     38      38    0
R   5389  518  VAL  B  286    514  TRP  B  282       4.9863   1 0 0 1     93      93    0
R   5391  518  VAL  B  286    516  ARG  B  284       5.7216   1 0 0 1      5       5    0
R   5392  518  VAL  B  286    517  VAL  B  285       3.7472   1 0 0 1      5       5    0
