                         CONTACT MAPS FROM PDB FILES                          
                                                                              
 This software is written by:                                                
       Rodrigo Azevedo Moreira da Silva                                      
                                                                              
 Copyright (c) 2020 - IPPT-PAN                                              
       Institute of Fundamental Techonological Research                     
       Polish Academy of Sciences                                          
 MIT LICENSE, check out LICENSE for more informations.                      
                                                                              
Reading file:    uploads/xxx/4WFE_clean.pdb
pdb natoms:      1714
pdb nresidues:   518
Memory usage:     6.88 MB
Fibonacci grid:  610
ALPHA:           1.24
WATER_RADIUS:    2.80

Residue-Residue Contacts

ID       - atom identification
I1,I2    - serial residue id
AA       - 3-letter code of aminoacid
C        - chain
I(PDB)   - residue number in PDB file
DCA      - distance between CA
CMs      - OV , CSU , oCSU , rCSU
           (CSU does not take into account chemical properties of atoms)
rCSU     - net contact from rCSU
Count    - number of contacts between residues
MODEL    - model number

      ID    I1  AA  C I(PDB)     I2  AA  C I(PDB)        DCA       CMs    rCSU   Count Model
============================================================================================
R      1    1  ARG  A   28      2  SER  A   29       3.8180   1 0 0 1     10      10    0
R      2    1  ARG  A   28      3  THR  A   30       5.4326   1 0 0 1     25      25    0
R      3    1  ARG  A   28      4  THR  A   31       5.0851   1 0 0 1    242     242    0
R      4    1  ARG  A   28      5  LEU  A   32       6.4328   1 0 0 0    -14      14    0
R      5    2  SER  A   29      1  ARG  A   28       3.8180   1 0 0 0     -2       2    0
R      6    2  SER  A   29      3  THR  A   30       3.8375   1 0 0 1      6       6    0
R      7    2  SER  A   29      4  THR  A   31       5.3859   1 0 0 1      1       1    0
R      8    2  SER  A   29      5  LEU  A   32       5.2644   1 0 0 0     -8       8    0
R      9    2  SER  A   29      6  LEU  A   33       6.2513   1 0 0 1     80      80    0
R     10    2  SER  A   29    399  ARG  B  167       7.2024   1 0 0 1    147     147    0
R     11    3  THR  A   30      1  ARG  A   28       5.4326   1 0 0 1     39      39    0
R     12    3  THR  A   30      2  SER  A   29       3.8375   1 0 0 0    -14      14    0
R     13    3  THR  A   30      4  THR  A   31       3.8003   1 0 0 1     13      13    0
R     14    3  THR  A   30      5  LEU  A   32       5.5722   1 0 0 0      0       0    0
R     15    3  THR  A   30      6  LEU  A   33       5.1134   1 0 0 0     -8       8    0
R     16    3  THR  A   30      7  ALA  A   34       6.2886   1 0 0 1    109     109    0
R     17    4  THR  A   31      1  ARG  A   28       5.0851   1 0 0 1    267     267    0
R     18    4  THR  A   31      2  SER  A   29       5.3859   1 0 0 0      0       0    0
R     19    4  THR  A   31      3  THR  A   30       3.8003   1 0 0 1      4       4    0
R     20    4  THR  A   31      5  LEU  A   32       3.8230   1 0 0 0     -5       5    0
R     21    4  THR  A   31      6  LEU  A   33       5.3904   1 0 0 0      0       0    0
R     22    4  THR  A   31      7  ALA  A   34       4.9523   1 0 0 0    -12      12    0
R     23    4  THR  A   31      8  LEU  A   35       6.1868   1 0 0 1    110     110    0
R     24    5  LEU  A   32      1  ARG  A   28       6.4328   1 0 0 0    -58      58    0
R     25    5  LEU  A   32      2  SER  A   29       5.2644   1 0 0 0    -24      24    0
R     26    5  LEU  A   32      3  THR  A   30       5.5722   1 0 0 0      0       0    0
R     27    5  LEU  A   32      4  THR  A   31       3.8230   1 0 0 1      1       1    0
R     28    5  LEU  A   32      6  LEU  A   33       3.7904   1 0 0 0     -5       5    0
R     29    5  LEU  A   32      7  ALA  A   34       5.1280   1 0 0 0      0       0    0
R     30    5  LEU  A   32      8  LEU  A   35       4.5837   1 0 0 1     87      87    0
R     31    5  LEU  A   32      9  LEU  A   36       6.0914   1 0 0 1    133     133    0
R     34    5  LEU  A   32    395  GLY  B  163       6.3486   1 0 0 0   -113     113    0
R     35    5  LEU  A   32    396  VAL  B  164       7.4579   1 0 0 1      4       4    0
R     36    5  LEU  A   32    398  ASP  B  166      10.3310   0 0 0 1      4       4    0
R     37    5  LEU  A   32    399  ARG  B  167       8.8028   1 0 0 1     60      60    0
R     38    6  LEU  A   33      2  SER  A   29       6.2513   1 0 0 0     -7       7    0
R     39    6  LEU  A   33      3  THR  A   30       5.1134   1 0 0 0    -40      40    0
R     40    6  LEU  A   33      4  THR  A   31       5.3904   1 0 0 0      0       0    0
R     41    6  LEU  A   33      5  LEU  A   32       3.7904   1 0 0 0    -23      23    0
R     42    6  LEU  A   33      7  ALA  A   34       3.7936   1 0 0 0    -13      13    0
R     43    6  LEU  A   33      8  LEU  A   35       5.3176   1 0 0 0      0       0    0
R     44    6  LEU  A   33      9  LEU  A   36       5.0404   1 0 0 1     65      65    0
R     45    6  LEU  A   33     10  ALA  A   37       6.6000   1 0 0 1     60      60    0
R     46    7  ALA  A   34      3  THR  A   30       6.2886   1 0 0 0     -8       8    0
R     47    7  ALA  A   34      4  THR  A   31       4.9523   1 0 0 0    -43      43    0
R     48    7  ALA  A   34      5  LEU  A   32       5.1280   1 0 0 0      0       0    0
R     49    7  ALA  A   34      6  LEU  A   33       3.7936   1 0 0 0    -41      41    0
R     50    7  ALA  A   34      8  LEU  A   35       3.8073   1 0 0 0     -1       1    0
R     51    7  ALA  A   34      9  LEU  A   36       5.3797   1 0 0 0      0       0    0
R     52    7  ALA  A   34     10  ALA  A   37       5.2724   1 0 0 0     -2       2    0
R     53    7  ALA  A   34     11  LEU  A   38       6.4131   1 0 0 1     89      89    0
R     54    8  LEU  A   35      4  THR  A   31       6.1868   1 0 0 0     -1       1    0
R     55    8  LEU  A   35      5  LEU  A   32       4.5837   1 0 0 1     30      30    0
R     56    8  LEU  A   35      6  LEU  A   33       5.3176   1 0 0 0      0       0    0
R     57    8  LEU  A   35      7  ALA  A   34       3.8073   1 0 0 0    -34      34    0
R     58    8  LEU  A   35      9  LEU  A   36       3.8156   1 0 0 0     -3       3    0
R     59    8  LEU  A   35     10  ALA  A   37       5.4251   1 0 0 0      0       0    0
R     60    8  LEU  A   35     11  LEU  A   38       5.0061   1 0 0 1    100     100    0
R     61    8  LEU  A   35     12  VAL  A   39       6.3674   1 0 0 1     92      92    0
R     62    8  LEU  A   35    388  LEU  B  156       8.9907   1 0 0 1     53      53    0
R     63    8  LEU  A   35    391  ILE  B  159       8.8114   1 0 0 1    131     131    0
R     64    8  LEU  A   35    392  LEU  B  160       6.4716   1 0 0 1     40      40    0
R     65    9  LEU  A   36      5  LEU  A   32       6.0914   1 0 0 1     16      16    0
R     66    9  LEU  A   36      6  LEU  A   33       5.0404   1 0 0 0    -22      22    0
R     67    9  LEU  A   36      7  ALA  A   34       5.3797   1 0 0 0      0       0    0
R     68    9  LEU  A   36      8  LEU  A   35       3.8156   1 0 0 0    -28      28    0
R     69    9  LEU  A   36     10  ALA  A   37       3.7959   1 0 0 0     -6       6    0
R     70    9  LEU  A   36     11  LEU  A   38       5.3986   1 0 0 0      0       0    0
R     71    9  LEU  A   36     12  VAL  A   39       5.2864   1 0 0 0     -4       4    0
R     72    9  LEU  A   36     13  LEU  A   40       6.1762   1 0 0 1    220     220    0
R     73    9  LEU  A   36    392  LEU  B  160       6.8403   1 0 0 1     81      81    0
R     74    9  LEU  A   36    396  VAL  B  164       9.2819   0 0 0 1      1       1    0
R     75    9  LEU  A   36    494  TRP  B  262      12.9094   0 0 0 1     18      18    0
R     76    9  LEU  A   36    495  PHE  B  263      11.1822   0 0 0 1     20      20    0
R     77    9  LEU  A   36    498  LEU  B  266      10.5773   1 0 0 1     81      81    0
R     78   10  ALA  A   37      6  LEU  A   33       6.6000   1 0 0 0     -8       8    0
R     79   10  ALA  A   37      7  ALA  A   34       5.2724   1 0 0 0    -37      37    0
R     80   10  ALA  A   37      8  LEU  A   35       5.4251   1 0 0 0      0       0    0
R     81   10  ALA  A   37      9  LEU  A   36       3.7959   1 0 0 0    -41      41    0
R     82   10  ALA  A   37     11  LEU  A   38       3.7881   1 0 0 0    -28      28    0
R     83   10  ALA  A   37     12  VAL  A   39       5.4345   1 0 0 0      0       0    0
R     84   10  ALA  A   37     13  LEU  A   40       5.0115   1 0 0 0      0       0    0
R     85   10  ALA  A   37     14  LEU  A   41       6.2171   1 0 0 1     59      59    0
R     86   11  LEU  A   38      7  ALA  A   34       6.4131   1 0 0 0     -2       2    0
R     87   11  LEU  A   38      8  LEU  A   35       5.0061   1 0 0 1     59      59    0
R     88   11  LEU  A   38      9  LEU  A   36       5.3986   1 0 0 0      0       0    0
R     89   11  LEU  A   38     10  ALA  A   37       3.7881   1 0 0 0    -56      56    0
R     90   11  LEU  A   38     12  VAL  A   39       3.7755   1 0 0 0    -12      12    0
R     91   11  LEU  A   38     13  LEU  A   40       5.5399   1 0 0 0      0       0    0
R     92   11  LEU  A   38     14  LEU  A   41       5.3000   1 0 0 0     -5       5    0
R     93   11  LEU  A   38     15  TYR  A   42       6.2773   1 0 0 1     96      96    0
R     94   11  LEU  A   38    388  LEU  B  156       9.2788   1 0 0 1     95      95    0
R     95   12  VAL  A   39      8  LEU  A   35       6.3674   1 0 0 0    -40      40    0
R     96   12  VAL  A   39      9  LEU  A   36       5.2864   1 0 0 0    -34      34    0
R     97   12  VAL  A   39     10  ALA  A   37       5.4345   1 0 0 0      0       0    0
R     98   12  VAL  A   39     11  LEU  A   38       3.7755   1 0 0 0    -51      51    0
R     99   12  VAL  A   39     13  LEU  A   40       3.8196   1 0 0 1      6       6    0
R    100   12  VAL  A   39     14  LEU  A   41       5.2517   1 0 0 0      0       0    0
R    101   12  VAL  A   39     15  TYR  A   42       4.6180   1 0 0 1    164     164    0
R    102   12  VAL  A   39     16  LEU  A   43       6.2022   1 0 0 1    142     142    0
R    103   12  VAL  A   39    359  ILE  B  127       9.6235   1 0 0 1     75      75    0
R    104   12  VAL  A   39    388  LEU  B  156       7.4546   1 0 0 1    125     125    0
R    105   12  VAL  A   39    389  PHE  B  157       7.1725   0 0 0 1      6       6    0
R    106   12  VAL  A   39    392  LEU  B  160       8.1248   1 0 0 1    142     142    0
R    107   12  VAL  A   39    494  TRP  B  262      12.8298   0 0 0 1     20      20    0
R    108   13  LEU  A   40      9  LEU  A   36       6.1762   1 0 0 1     65      65    0
R    109   13  LEU  A   40     10  ALA  A   37       5.0115   1 0 0 0    -32      32    0
R    110   13  LEU  A   40     11  LEU  A   38       5.5399   1 0 0 0      0       0    0
R    111   13  LEU  A   40     12  VAL  A   39       3.8196   1 0 0 0    -13      13    0
R    112   13  LEU  A   40     14  LEU  A   41       3.7730   1 0 0 1      6       6    0
R    113   13  LEU  A   40     15  TYR  A   42       5.2331   1 0 0 0      0       0    0
R    114   13  LEU  A   40     16  LEU  A   43       4.9376   1 0 0 1     57      57    0
R    115   13  LEU  A   40     17  VAL  A   44       6.1989   1 0 0 1    127     127    0
R    116   13  LEU  A   40    352  PHE  B  120       9.2995   0 0 0 1     38      38    0
R    117   13  LEU  A   40    494  TRP  B  262      11.2016   1 0 0 1    107     107    0
R    118   13  LEU  A   40    495  PHE  B  263      11.0217   0 0 0 1     69      69    0
R    119   14  LEU  A   41     10  ALA  A   37       6.2171   1 0 0 0    -15      15    0
R    120   14  LEU  A   41     11  LEU  A   38       5.3000   1 0 0 0    -23      23    0
R    121   14  LEU  A   41     12  VAL  A   39       5.2517   1 0 0 0      0       0    0
R    122   14  LEU  A   41     13  LEU  A   40       3.7730   1 0 0 0     -9       9    0
R    123   14  LEU  A   41     15  TYR  A   42       3.7908   1 0 0 0     -7       7    0
R    124   14  LEU  A   41     16  LEU  A   43       5.1979   1 0 0 0      0       0    0
R    125   14  LEU  A   41     17  VAL  A   44       4.9985   1 0 0 1     50      50    0
R    126   14  LEU  A   41     18  SER  A   45       5.7462   1 0 0 1    170     170    0
R    127   15  TYR  A   42     11  LEU  A   38       6.2773   1 0 0 1     11      11    0
R    128   15  TYR  A   42     12  VAL  A   39       4.6180   1 0 0 1     41      41    0
R    129   15  TYR  A   42     13  LEU  A   40       5.2331   1 0 0 0      0       0    0
R    130   15  TYR  A   42     14  LEU  A   41       3.7908   1 0 0 0     -5       5    0
R    131   15  TYR  A   42     16  LEU  A   43       3.7927   1 0 0 1     18      18    0
R    132   15  TYR  A   42     17  VAL  A   44       5.7123   1 0 0 0      0       0    0
R    133   15  TYR  A   42     18  SER  A   45       5.0401   1 0 0 1     58      58    0
R    134   15  TYR  A   42     19  GLY  A   46       6.1254   1 0 0 1     23      23    0
R    135   15  TYR  A   42    359  ILE  B  127       9.8277   1 0 0 1     53      53    0
R    136   15  TYR  A   42    381  TYR  B  149       8.9877   1 0 0 1    323     323    0
R    137   15  TYR  A   42    384  VAL  B  152       9.7974   1 0 0 1     10      10    0
R    138   15  TYR  A   42    385  GLY  B  153       7.7460   1 0 0 1     32      32    0
R    139   15  TYR  A   42    388  LEU  B  156       9.4099   1 0 0 1     82      82    0
R    140   16  LEU  A   43     12  VAL  A   39       6.2022   1 0 0 1     47      47    0
R    141   16  LEU  A   43     13  LEU  A   40       4.9376   1 0 0 1     11      11    0
R    142   16  LEU  A   43     14  LEU  A   41       5.1979   1 0 0 0      0       0    0
R    143   16  LEU  A   43     15  TYR  A   42       3.7927   1 0 0 0    -24      24    0
R    144   16  LEU  A   43     17  VAL  A   44       3.7849   1 0 0 0     -6       6    0
R    145   16  LEU  A   43     18  SER  A   45       5.1866   1 0 0 0      0       0    0
R    146   16  LEU  A   43     19  GLY  A   46       4.9089   1 0 0 1     11      11    0
R    147   16  LEU  A   43     20  ALA  A   47       6.0094   1 0 0 1    124     124    0
R    148   16  LEU  A   43    352  PHE  B  120       5.8889   1 0 0 1    141     141    0
R    149   16  LEU  A   43    355  SER  B  123       6.0945   1 0 0 1     16      16    0
R    150   16  LEU  A   43    356  GLY  B  124       6.7230   1 0 0 0   -125     125    0
R    151   16  LEU  A   43    359  ILE  B  127       9.0445   1 0 0 1     94      94    0
R    152   16  LEU  A   43    381  TYR  B  149       9.7050   1 0 0 0    -19      19    0
R    153   16  LEU  A   43    494  TRP  B  262      11.4827   1 0 0 1    144     144    0
R    154   17  VAL  A   44     13  LEU  A   40       6.1989   1 0 0 1      3       3    0
R    155   17  VAL  A   44     14  LEU  A   41       4.9985   1 0 0 1     20      20    0
R    156   17  VAL  A   44     15  TYR  A   42       5.7123   1 0 0 0      0       0    0
R    157   17  VAL  A   44     16  LEU  A   43       3.7849   1 0 0 0     -6       6    0
R    158   17  VAL  A   44     18  SER  A   45       3.7909   1 0 0 0     -8       8    0
R    159   17  VAL  A   44     19  GLY  A   46       5.3917   1 0 0 0      0       0    0
R    160   17  VAL  A   44     20  ALA  A   47       4.9224   1 0 0 1      5       5    0
R    161   17  VAL  A   44     21  LEU  A   48       6.2480   1 0 0 1    179     179    0
R    162   17  VAL  A   44    348  LEU  B  116       8.5088   0 0 0 1     41      41    0
R    163   17  VAL  A   44    352  PHE  B  120       6.0169   1 0 0 1     61      61    0
R    164   18  SER  A   45     14  LEU  A   41       5.7462   1 0 0 1     54      54    0
R    165   18  SER  A   45     15  TYR  A   42       5.0401   1 0 0 1     95      95    0
R    166   18  SER  A   45     16  LEU  A   43       5.1866   1 0 0 0      0       0    0
R    167   18  SER  A   45     17  VAL  A   44       3.7909   1 0 0 0    -58      58    0
R    168   18  SER  A   45     19  GLY  A   46       3.8261   1 0 0 1     28      28    0
R    169   18  SER  A   45     20  ALA  A   47       5.4807   1 0 0 0      0       0    0
R    170   18  SER  A   45     21  LEU  A   48       5.4428   1 0 0 0    -13      13    0
R    171   18  SER  A   45     22  VAL  A   49       6.6129   1 0 0 1     21      21    0
R    174   19  GLY  A   46     15  TYR  A   42       6.1254   1 0 0 1     27      27    0
R    175   19  GLY  A   46     16  LEU  A   43       4.9089   1 0 0 1      2       2    0
R    176   19  GLY  A   46     17  VAL  A   44       5.3917   1 0 0 0      0       0    0
R    177   19  GLY  A   46     18  SER  A   45       3.8261   1 0 0 1     13      13    0
R    178   19  GLY  A   46     20  ALA  A   47       3.7960   1 0 0 1     12      12    0
R    179   19  GLY  A   46     21  LEU  A   48       5.5272   1 0 0 0      0       0    0
R    180   19  GLY  A   46     22  VAL  A   49       5.2578   1 0 0 1     10      10    0
R    181   19  GLY  A   46     23  PHE  A   50       6.2725   1 0 0 1     81      81    0
R    182   19  GLY  A   46    355  SER  B  123       6.0671   1 0 0 0      0       0    0
R    184   19  GLY  A   46    381  TYR  B  149       7.4920   1 0 0 0     -1       1    0
R    185   20  ALA  A   47     16  LEU  A   43       6.0094   1 0 0 1      7       7    0
R    186   20  ALA  A   47     17  VAL  A   44       4.9224   1 0 0 0    -39      39    0
R    187   20  ALA  A   47     18  SER  A   45       5.4807   1 0 0 0      0       0    0
R    188   20  ALA  A   47     19  GLY  A   46       3.7960   1 0 0 0    -17      17    0
R    189   20  ALA  A   47     21  LEU  A   48       3.8074   1 0 0 0     -3       3    0
R    190   20  ALA  A   47     22  VAL  A   49       5.4482   1 0 0 1      5       5    0
R    191   20  ALA  A   47     23  PHE  A   50       5.4041   1 0 0 1      1       1    0
R    192   20  ALA  A   47     24  ARG  A   51       5.9450   1 0 0 1     96      96    0
R    193   20  ALA  A   47    348  LEU  B  116       6.2048   1 0 0 1     69      69    0
R    194   20  ALA  A   47    351  ALA  B  119       4.6374   1 0 0 1      1       1    0
R    195   20  ALA  A   47    352  PHE  B  120       4.4476   1 0 0 0    -89      89    0
R    196   20  ALA  A   47    355  SER  B  123       6.5015   1 0 0 1     11      11    0
R    197   21  LEU  A   48     17  VAL  A   44       6.2480   1 0 0 1     28      28    0
R    198   21  LEU  A   48     18  SER  A   45       5.4428   1 0 0 0    -19      19    0
R    199   21  LEU  A   48     19  GLY  A   46       5.5272   1 0 0 0      0       0    0
R    200   21  LEU  A   48     20  ALA  A   47       3.8074   1 0 0 0    -30      30    0
R    201   21  LEU  A   48     22  VAL  A   49       3.8106   1 0 0 0     -3       3    0
R    202   21  LEU  A   48     23  PHE  A   50       5.7880   1 0 0 0      0       0    0
R    203   21  LEU  A   48     24  ARG  A   51       5.3054   1 0 0 0    -85      85    0
R    204   21  LEU  A   48     25  ALA  A   52       6.0808   1 0 0 1     81      81    0
R    205   21  LEU  A   48    348  LEU  B  116       6.9505   1 0 0 1     67      67    0
R    206   22  VAL  A   49     18  SER  A   45       6.6129   1 0 0 0    -60      60    0
R    207   22  VAL  A   49     19  GLY  A   46       5.2578   1 0 0 0    -18      18    0
R    208   22  VAL  A   49     20  ALA  A   47       5.4482   1 0 0 0      0       0    0
R    209   22  VAL  A   49     21  LEU  A   48       3.8106   1 0 0 0    -17      17    0
R    210   22  VAL  A   49     23  PHE  A   50       3.8184   1 0 0 0     -2       2    0
R    211   22  VAL  A   49     24  ARG  A   51       5.4569   1 0 0 0      0       0    0
R    212   22  VAL  A   49     25  ALA  A   52       5.1333   1 0 0 1      7       7    0
R    213   22  VAL  A   49     26  LEU  A   53       5.9366   1 0 0 1    198     198    0
R    214   22  VAL  A   49    377  PHE  B  145       8.5875   1 0 0 1    166     166    0
R    215   23  PHE  A   50     19  GLY  A   46       6.2725   1 0 0 0    -46      46    0
R    216   23  PHE  A   50     20  ALA  A   47       5.4041   1 0 0 0     -9       9    0
R    217   23  PHE  A   50     21  LEU  A   48       5.7880   1 0 0 0      0       0    0
R    218   23  PHE  A   50     22  VAL  A   49       3.8184   1 0 0 0    -22      22    0
R    219   23  PHE  A   50     24  ARG  A   51       3.7979   1 0 0 0     -9       9    0
R    220   23  PHE  A   50     25  ALA  A   52       5.4027   1 0 0 0      0       0    0
R    221   23  PHE  A   50     26  LEU  A   53       4.8506   1 0 0 1     21      21    0
R    222   23  PHE  A   50     27  GLU  A   54       5.6674   1 0 0 1    111     111    0
R    223   23  PHE  A   50    346  TRP  B  114       7.2993   1 0 0 1     81      81    0
R    224   23  PHE  A   50    351  ALA  B  119       6.3232   1 0 0 1     15      15    0
R    225   23  PHE  A   50    354  PHE  B  122       8.6416   1 0 0 1    142     142    0
R    226   23  PHE  A   50    355  SER  B  123       8.3757   1 0 0 0    -92      92    0
R    227   23  PHE  A   50    358  ILE  B  126      12.1457   1 0 0 1     80      80    0
R    228   23  PHE  A   50    369  LEU  B  137       8.5790   1 0 0 1     67      67    0
R    230   23  PHE  A   50    377  PHE  B  145       8.6108   1 0 0 1    160     160    0
R    231   23  PHE  A   50    378  CYS  B  146       8.6366   1 0 0 1     13      13    0
R    232   23  PHE  A   50    381  TYR  B  149      10.5404   0 0 0 1     34      34    0
R    233   24  ARG  A   51     20  ALA  A   47       5.9450   1 0 0 0    -25      25    0
R    234   24  ARG  A   51     21  LEU  A   48       5.3054   1 0 0 0   -105     105    0
R    235   24  ARG  A   51     22  VAL  A   49       5.4569   1 0 0 0      0       0    0
R    236   24  ARG  A   51     23  PHE  A   50       3.7979   1 0 0 0    -37      37    0
R    237   24  ARG  A   51     25  ALA  A   52       3.8141   1 0 0 0    -17      17    0
R    238   24  ARG  A   51     26  LEU  A   53       5.4505   1 0 0 0      0       0    0
R    239   24  ARG  A   51     27  GLU  A   54       5.4307   1 0 0 0      0       0    0
R    240   24  ARG  A   51     28  GLN  A   55       5.3256   1 0 0 1     69      69    0
R    241   24  ARG  A   51     29  PRO  A   56       8.4399   1 0 0 0      0       0    0
R    242   24  ARG  A   51    346  TRP  B  114       5.1745   1 0 0 0    -62      62    0
R    243   24  ARG  A   51    347  ASP  B  115       6.3186   1 0 0 0      0       0    0
R    244   24  ARG  A   51    348  LEU  B  116       6.4717   1 0 0 0    -72      72    0
R    245   24  ARG  A   51    351  ALA  B  119       6.0227   1 0 0 1      8       8    0
R    246   25  ALA  A   52     21  LEU  A   48       6.0808   1 0 0 0    -41      41    0
R    247   25  ALA  A   52     22  VAL  A   49       5.1333   1 0 0 0    -16      16    0
R    248   25  ALA  A   52     23  PHE  A   50       5.4027   1 0 0 0      0       0    0
R    249   25  ALA  A   52     24  ARG  A   51       3.8141   1 0 0 0    -49      49    0
R    250   25  ALA  A   52     26  LEU  A   53       3.7995   1 0 0 1      2       2    0
R    251   25  ALA  A   52     27  GLU  A   54       5.8765   1 0 0 0      0       0    0
R    253   25  ALA  A   52     29  PRO  A   56       7.5456   1 0 0 0    -86      86    0
R    254   26  LEU  A   53     22  VAL  A   49       5.9366   1 0 0 1    103     103    0
R    255   26  LEU  A   53     23  PHE  A   50       4.8506   1 0 0 0    -15      15    0
R    256   26  LEU  A   53     24  ARG  A   51       5.4505   1 0 0 0      0       0    0
R    257   26  LEU  A   53     25  ALA  A   52       3.7995   1 0 0 0    -23      23    0
R    258   26  LEU  A   53     27  GLU  A   54       3.7873   1 0 0 1     19      19    0
R    259   26  LEU  A   53     28  GLN  A   55       6.2450   1 0 0 0      0       0    0
R    260   26  LEU  A   53     29  PRO  A   56       7.0847   1 0 0 0    -16      16    0
R    261   26  LEU  A   53     30  HIS  A   57       8.3525   0 0 0 1     22      22    0
R    262   26  LEU  A   53    371  THR  B  139       7.2448   1 0 0 0   -166     166    0
R    263   26  LEU  A   53    373  ALA  B  141       7.2664   1 0 0 1     77      77    0
R    264   26  LEU  A   53    374  GLY  B  142       6.1406   1 0 0 0     -2       2    0
R    265   26  LEU  A   53    377  PHE  B  145       9.6102   1 0 0 1     53      53    0
R    266   27  GLU  A   54     23  PHE  A   50       5.6674   1 0 0 0    -53      53    0
R    267   27  GLU  A   54     24  ARG  A   51       5.4307   1 0 0 0      0       0    0
R    268   27  GLU  A   54     25  ALA  A   52       5.8765   1 0 0 0      0       0    0
R    269   27  GLU  A   54     26  LEU  A   53       3.7873   1 0 0 0    -11      11    0
R    270   27  GLU  A   54     28  GLN  A   55       3.8010   1 0 0 0    -17      17    0
R    271   27  GLU  A   54     29  PRO  A   56       5.4373   1 0 0 0     -2       2    0
R    272   27  GLU  A   54     30  HIS  A   57       5.4752   1 0 0 1     82      82    0
R    273   27  GLU  A   54     31  GLU  A   58       6.5480   1 0 0 1     39      39    0
R    274   27  GLU  A   54    346  TRP  B  114       6.7236   1 0 0 1     92      92    0
R    276   27  GLU  A   54    369  LEU  B  137       6.8481   1 0 0 1     39      39    0
R    277   27  GLU  A   54    370  ARG  B  138       6.9430   1 0 0 1     60      60    0
R    278   27  GLU  A   54    371  THR  B  139       6.7448   1 0 0 1    193     193    0
R    279   27  GLU  A   54    374  GLY  B  142       6.9941   1 0 0 0      0       0    0
R    280   28  GLN  A   55     24  ARG  A   51       5.3256   1 0 0 0    -78      78    0
R    282   28  GLN  A   55     26  LEU  A   53       6.2450   1 0 0 0      0       0    0
R    283   28  GLN  A   55     27  GLU  A   54       3.8010   1 0 0 0    -39      39    0
R    284   28  GLN  A   55     29  PRO  A   56       3.7919   1 0 0 0    -50      50    0
R    285   28  GLN  A   55     30  HIS  A   57       5.3028   1 0 0 1     43      43    0
R    286   28  GLN  A   55     31  GLU  A   58       5.1614   1 0 0 0    -42      42    0
R    287   28  GLN  A   55    344  SER  B  112       7.6864   1 0 0 1     65      65    0
R    288   28  GLN  A   55    346  TRP  B  114       5.4032   1 0 0 1     21      21    0
R    289   28  GLN  A   55    347  ASP  B  115       7.4141   1 0 0 0     -4       4    0
R    290   29  PRO  A   56     24  ARG  A   51       8.4399   1 0 0 0     -1       1    0
R    291   29  PRO  A   56     25  ALA  A   52       7.5456   1 0 0 0    -71      71    0
R    292   29  PRO  A   56     26  LEU  A   53       7.0847   1 0 0 0    -15      15    0
R    293   29  PRO  A   56     27  GLU  A   54       5.4373   1 0 0 0    -27      27    0
R    294   29  PRO  A   56     28  GLN  A   55       3.7919   1 0 0 0    -63      63    0
R    295   29  PRO  A   56     30  HIS  A   57       3.8258   1 0 0 0    -12      12    0
R    296   29  PRO  A   56     31  GLU  A   58       5.8576   1 0 0 0      0       0    0
R    298   30  HIS  A   57     27  GLU  A   54       5.4752   1 0 0 1     23      23    0
R    299   30  HIS  A   57     28  GLN  A   55       5.3028   1 0 0 0      0       0    0
R    300   30  HIS  A   57     29  PRO  A   56       3.8258   1 0 0 0    -42      42    0
R    301   30  HIS  A   57     31  GLU  A   58       3.8029   1 0 0 0     -3       3    0
R    302   30  HIS  A   57     32  GLN  A   59       5.5002   1 0 0 1     11      11    0
R    303   30  HIS  A   57     33  GLN  A   60       5.3621   1 0 0 1     76      76    0
R    304   30  HIS  A   57    370  ARG  B  138       7.1815   1 0 0 0    -40      40    0
R    305   30  HIS  A   57    371  THR  B  139       8.0611   1 0 0 1     33      33    0
R    306   31  GLU  A   58     27  GLU  A   54       6.5480   1 0 0 1     12      12    0
R    307   31  GLU  A   58     28  GLN  A   55       5.1614   1 0 0 0    -91      91    0
R    308   31  GLU  A   58     29  PRO  A   56       5.8576   1 0 0 0      0       0    0
R    309   31  GLU  A   58     30  HIS  A   57       3.8029   1 0 0 0    -41      41    0
R    310   31  GLU  A   58     32  GLN  A   59       3.7816   1 0 0 1     72      72    0
R    311   31  GLU  A   58     33  GLN  A   60       5.8676   1 0 0 1      5       5    0
R    312   31  GLU  A   58     34  ALA  A   61       7.6129   0 0 0 1      2       2    0
R    314   31  GLU  A   58    344  SER  B  112       7.4575   1 0 0 1     95      95    0
R    315   31  GLU  A   58    345  ALA  B  113       7.0536   1 0 0 1    224     224    0
R    316   31  GLU  A   58    346  TRP  B  114       7.3131   1 0 0 1    107     107    0
R    318   32  GLN  A   59     30  HIS  A   57       5.5002   1 0 0 0      0       0    0
R    319   32  GLN  A   59     31  GLU  A   58       3.7816   1 0 0 1     12      12    0
R    320   32  GLN  A   59     33  GLN  A   60       3.7717   1 0 0 0     -4       4    0
R    321   32  GLN  A   59     34  ALA  A   61       5.5147   1 0 0 1      4       4    0
R    322   32  GLN  A   59     35  GLN  A   62       5.3918   1 0 0 0   -145     145    0
R    323   32  GLN  A   59     36  ARG  A   63       6.2373   1 0 0 1     96      96    0
R    326   32  GLN  A   59    339  SER  B  107       7.3249   1 0 0 1     12      12    0
R    327   32  GLN  A   59    342  SER  B  110      10.6130   0 0 0 1     19      19    0
R    328   32  GLN  A   59    343  HIS  B  111      10.9372   0 0 0 1     36      36    0
R    329   33  GLN  A   60     30  HIS  A   57       5.3621   1 0 0 1     18      18    0
R    330   33  GLN  A   60     31  GLU  A   58       5.8676   1 0 0 0      0       0    0
R    331   33  GLN  A   60     32  GLN  A   59       3.7717   1 0 0 0    -31      31    0
R    332   33  GLN  A   60     34  ALA  A   61       3.8120   1 0 0 0    -12      12    0
R    333   33  GLN  A   60     35  GLN  A   62       5.5532   1 0 0 0      0       0    0
R    334   33  GLN  A   60     36  ARG  A   63       5.0253   1 0 0 1     91      91    0
R    335   33  GLN  A   60     37  GLU  A   64       6.2508   1 0 0 1    120     120    0
R    336   33  GLN  A   60     40  GLU  A   67      10.4934   0 0 0 1      5       5    0
R    337   33  GLN  A   60    370  ARG  B  138       9.2273   1 0 0 0   -130     130    0
R    339   34  ALA  A   61     32  GLN  A   59       5.5147   1 0 0 0      0       0    0
R    340   34  ALA  A   61     33  GLN  A   60       3.8120   1 0 0 0    -46      46    0
R    341   34  ALA  A   61     35  GLN  A   62       3.8041   1 0 0 0     -5       5    0
R    342   34  ALA  A   61     36  ARG  A   63       5.2380   1 0 0 0      0       0    0
R    343   34  ALA  A   61     37  GLU  A   64       4.9869   1 0 0 0    -11      11    0
R    344   34  ALA  A   61     38  LEU  A   65       6.1876   1 0 0 1     84      84    0
R    345   34  ALA  A   61    326  ALA  B   94       5.3416   1 0 0 0    -85      85    0
R    346   34  ALA  A   61    329  GLY  B   97       5.7919   1 0 0 0   -105     105    0
R    348   34  ALA  A   61    331  ALA  B   99       5.1405   1 0 0 0    -46      46    0
R    350   35  GLN  A   62     31  GLU  A   58       8.6589   0 0 0 1      1       1    0
R    351   35  GLN  A   62     32  GLN  A   59       5.3918   1 0 0 0   -126     126    0
R    352   35  GLN  A   62     33  GLN  A   60       5.5532   1 0 0 0      0       0    0
R    353   35  GLN  A   62     34  ALA  A   61       3.8041   1 0 0 0    -34      34    0
R    354   35  GLN  A   62     36  ARG  A   63       3.7237   1 0 0 0    -14      14    0
R    355   35  GLN  A   62     37  GLU  A   64       5.3633   1 0 0 0      0       0    0
R    356   35  GLN  A   62     38  LEU  A   65       5.0270   1 0 0 1     24      24    0
R    357   35  GLN  A   62     39  GLY  A   66       6.1444   1 0 0 1     61      61    0
R    358   35  GLN  A   62    331  ALA  B   99       4.8653   1 0 0 0     -6       6    0
R    359   35  GLN  A   62    332  ASP  B  100       6.9013   1 0 0 1    149     149    0
R    360   35  GLN  A   62    335  THR  B  103       8.6524   0 0 0 1     92      92    0
R    362   35  GLN  A   62    337  SER  B  105       6.2387   1 0 0 0    -59      59    0
R    363   36  ARG  A   63     32  GLN  A   59       6.2373   1 0 0 0    -17      17    0
R    364   36  ARG  A   63     33  GLN  A   60       5.0253   1 0 0 1     75      75    0
R    365   36  ARG  A   63     34  ALA  A   61       5.2380   1 0 0 0      0       0    0
R    366   36  ARG  A   63     35  GLN  A   62       3.7237   1 0 0 0    -52      52    0
R    367   36  ARG  A   63     37  GLU  A   64       3.7992   1 0 0 0    -13      13    0
R    368   36  ARG  A   63     38  LEU  A   65       5.4551   1 0 0 0      0       0    0
R    369   36  ARG  A   63     39  GLY  A   66       5.2168   1 0 0 1      2       2    0
R    370   36  ARG  A   63     40  GLU  A   67       6.1759   1 0 0 1    168     168    0
R    372   36  ARG  A   63    338  THR  B  106       6.9815   0 0 0 1      7       7    0
R    373   37  GLU  A   64     33  GLN  A   60       6.2508   1 0 0 0    -12      12    0
R    374   37  GLU  A   64     34  ALA  A   61       4.9869   1 0 0 0    -29      29    0
R    375   37  GLU  A   64     35  GLN  A   62       5.3633   1 0 0 0      0       0    0
R    376   37  GLU  A   64     36  ARG  A   63       3.7992   1 0 0 0    -28      28    0
R    377   37  GLU  A   64     38  LEU  A   65       3.7889   1 0 0 0     -1       1    0
R    378   37  GLU  A   64     39  GLY  A   66       5.4391   1 0 0 0      0       0    0
R    379   37  GLU  A   64     40  GLU  A   67       4.9766   1 0 0 0    -28      28    0
R    380   37  GLU  A   64     41  VAL  A   68       6.2263   1 0 0 1     74      74    0
R    382   37  GLU  A   64    370  ARG  B  138      13.6240   0 0 0 1     57      57    0
R    383   38  LEU  A   65     34  ALA  A   61       6.1876   1 0 0 0     -9       9    0
R    384   38  LEU  A   65     35  GLN  A   62       5.0270   1 0 0 0    -20      20    0
R    385   38  LEU  A   65     36  ARG  A   63       5.4551   1 0 0 0      0       0    0
R    386   38  LEU  A   65     37  GLU  A   64       3.7889   1 0 0 0     -8       8    0
R    387   38  LEU  A   65     39  GLY  A   66       3.7721   1 0 0 0      0       0    0
R    388   38  LEU  A   65     40  GLU  A   67       5.3389   1 0 0 0      0       0    0
R    389   38  LEU  A   65     41  VAL  A   68       5.0917   1 0 0 1     16      16    0
R    390   38  LEU  A   65     42  ARG  A   69       6.3173   1 0 0 1    123     123    0
R    391   38  LEU  A   65     61  ILE  A   88       9.7400   1 0 0 1     98      98    0
R    392   38  LEU  A   65    323  VAL  B   91       6.3076   1 0 0 1    141     141    0
R    393   38  LEU  A   65    326  ALA  B   94       5.8321   1 0 0 1     45      45    0
R    394   38  LEU  A   65    327  LEU  B   95       7.9226   1 0 0 1     34      34    0
R    395   38  LEU  A   65    331  ALA  B   99       7.0297   1 0 0 1     65      65    0
R    397   38  LEU  A   65    333  PRO  B  101       8.5543   1 0 0 1      3       3    0
R    399   39  GLY  A   66     35  GLN  A   62       6.1444   1 0 0 1     43      43    0
R    400   39  GLY  A   66     36  ARG  A   63       5.2168   1 0 0 0      0       0    0
R    401   39  GLY  A   66     37  GLU  A   64       5.4391   1 0 0 0      0       0    0
R    402   39  GLY  A   66     38  LEU  A   65       3.7721   1 0 0 0    -28      28    0
R    403   39  GLY  A   66     40  GLU  A   67       3.7835   1 0 0 1      4       4    0
R    404   39  GLY  A   66     41  VAL  A   68       5.3458   1 0 0 0      0       0    0
R    405   39  GLY  A   66     42  ARG  A   69       5.0394   1 0 0 1      3       3    0
R    406   39  GLY  A   66     43  GLU  A   70       6.1147   1 0 0 1     56      56    0
R    407   40  GLU  A   67     33  GLN  A   60      10.4934   0 0 0 1      5       5    0
R    408   40  GLU  A   67     36  ARG  A   63       6.1759   1 0 0 1    136     136    0
R    409   40  GLU  A   67     37  GLU  A   64       4.9766   1 0 0 0    -62      62    0
R    410   40  GLU  A   67     38  LEU  A   65       5.3389   1 0 0 0      0       0    0
R    411   40  GLU  A   67     39  GLY  A   66       3.7835   1 0 0 0    -30      30    0
R    412   40  GLU  A   67     41  VAL  A   68       3.7724   1 0 0 1      3       3    0
R    413   40  GLU  A   67     42  ARG  A   69       5.4372   1 0 0 0      0       0    0
R    414   40  GLU  A   67     43  GLU  A   70       5.2517   1 0 0 0    -11      11    0
R    415   40  GLU  A   67     44  LYS  A   71       6.0633   1 0 0 1     78      78    0
R    416   41  VAL  A   68     37  GLU  A   64       6.2263   1 0 0 0    -16      16    0
R    417   41  VAL  A   68     38  LEU  A   65       5.0917   1 0 0 0    -28      28    0
R    418   41  VAL  A   68     39  GLY  A   66       5.3458   1 0 0 0      0       0    0
R    419   41  VAL  A   68     40  GLU  A   67       3.7724   1 0 0 0    -28      28    0
R    420   41  VAL  A   68     42  ARG  A   69       3.8009   1 0 0 1      1       1    0
R    421   41  VAL  A   68     43  GLU  A   70       5.5882   1 0 0 0      0       0    0
R    422   41  VAL  A   68     44  LYS  A   71       5.2422   1 0 0 0     -8       8    0
R    423   41  VAL  A   68     45  PHE  A   72       6.1997   1 0 0 1     76      76    0
R    424   41  VAL  A   68    319  LEU  B   87       7.3730   1 0 0 1    127     127    0
R    425   41  VAL  A   68    322  GLU  B   90       7.1481   1 0 0 0    -10      10    0
R    426   41  VAL  A   68    323  VAL  B   91       7.3773   1 0 0 1     41      41    0
R    427   41  VAL  A   68    326  ALA  B   94       9.3007   0 0 0 1      4       4    0
R    428   42  ARG  A   69     38  LEU  A   65       6.3173   1 0 0 0     -9       9    0
R    429   42  ARG  A   69     39  GLY  A   66       5.0394   1 0 0 0    -12      12    0
R    430   42  ARG  A   69     40  GLU  A   67       5.4372   1 0 0 0      0       0    0
R    431   42  ARG  A   69     41  VAL  A   68       3.8009   1 0 0 0    -26      26    0
R    432   42  ARG  A   69     43  GLU  A   70       3.7547   1 0 0 0    -69      69    0
R    433   42  ARG  A   69     44  LYS  A   71       5.4390   1 0 0 0      0       0    0
R    434   42  ARG  A   69     45  PHE  A   72       5.1698   1 0 0 1      8       8    0
R    435   42  ARG  A   69     46  LEU  A   73       6.3153   1 0 0 1     64      64    0
R    436   42  ARG  A   69     54  ASP  A   81       7.7183   1 0 0 1    161     161    0
R    437   42  ARG  A   69     57  LEU  A   84       7.4097   1 0 0 1     25      25    0
R    439   42  ARG  A   69     61  ILE  A   88       9.2380   1 0 0 1     82      82    0
R    441   42  ARG  A   69    336  ASN  B  104       9.7517   1 0 0 1     38      38    0
R    442   43  GLU  A   70     39  GLY  A   66       6.1147   1 0 0 0    -68      68    0
R    443   43  GLU  A   70     40  GLU  A   67       5.2517   1 0 0 0    -20      20    0
R    444   43  GLU  A   70     41  VAL  A   68       5.5882   1 0 0 0      0       0    0
R    445   43  GLU  A   70     42  ARG  A   69       3.7547   1 0 0 0   -104     104    0
R    446   43  GLU  A   70     44  LYS  A   71       3.7755   1 0 0 0     -9       9    0
R    447   43  GLU  A   70     45  PHE  A   72       5.3975   1 0 0 0      0       0    0
R    448   43  GLU  A   70     46  LEU  A   73       5.2042   1 0 0 1     14      14    0
R    449   43  GLU  A   70     47  ARG  A   74       6.3507   1 0 0 1    188     188    0
R    450   44  LYS  A   71     40  GLU  A   67       6.0633   1 0 0 0    -44      44    0
R    451   44  LYS  A   71     41  VAL  A   68       5.2422   1 0 0 0    -17      17    0
R    452   44  LYS  A   71     42  ARG  A   69       5.4390   1 0 0 0      0       0    0
R    453   44  LYS  A   71     43  GLU  A   70       3.7755   1 0 0 0    -35      35    0
R    454   44  LYS  A   71     45  PHE  A   72       3.7826   1 0 0 0     -4       4    0
R    455   44  LYS  A   71     46  LEU  A   73       5.5066   1 0 0 0      0       0    0
R    456   44  LYS  A   71     47  ARG  A   74       5.2446   1 0 0 0     -3       3    0
R    457   44  LYS  A   71     48  ALA  A   75       6.4237   1 0 0 1     74      74    0
R    458   44  LYS  A   71    322  GLU  B   90      11.4466   0 0 0 1     15      15    0
R    459   45  PHE  A   72     41  VAL  A   68       6.1997   1 0 0 0    -24      24    0
R    460   45  PHE  A   72     42  ARG  A   69       5.1698   1 0 0 0    -31      31    0
R    461   45  PHE  A   72     43  GLU  A   70       5.3975   1 0 0 0      0       0    0
R    462   45  PHE  A   72     44  LYS  A   71       3.7826   1 0 0 0    -34      34    0
R    463   45  PHE  A   72     46  LEU  A   73       3.7981   1 0 0 0     -5       5    0
R    464   45  PHE  A   72     47  ARG  A   74       5.3962   1 0 0 0      0       0    0
R    465   45  PHE  A   72     48  ALA  A   75       5.1193   1 0 0 1     13      13    0
R    466   45  PHE  A   72     49  HIS  A   76       6.0877   1 0 0 1    149     149    0
R    467   45  PHE  A   72     52  VAL  A   79       8.5481   1 0 0 1     92      92    0
R    468   45  PHE  A   72     57  LEU  A   84       8.7528   1 0 0 1    105     105    0
R    469   45  PHE  A   72    304  PHE  B   72      13.4677   0 0 0 1     32      32    0
R    470   45  PHE  A   72    311  VAL  B   79       9.8274   1 0 0 1     91      91    0
R    472   45  PHE  A   72    316  LEU  B   84       9.3172   0 0 0 1     22      22    0
R    473   45  PHE  A   72    319  LEU  B   87       7.7204   1 0 0 1    207     207    0
R    474   46  LEU  A   73     42  ARG  A   69       6.3153   1 0 0 0    -42      42    0
R    475   46  LEU  A   73     43  GLU  A   70       5.2042   1 0 0 0    -23      23    0
R    476   46  LEU  A   73     44  LYS  A   71       5.5066   1 0 0 0      0       0    0
R    477   46  LEU  A   73     45  PHE  A   72       3.7981   1 0 0 0    -24      24    0
R    478   46  LEU  A   73     47  ARG  A   74       3.7662   1 0 0 0    -37      37    0
R    479   46  LEU  A   73     48  ALA  A   75       5.3747   1 0 0 0      0       0    0
R    480   46  LEU  A   73     49  HIS  A   76       5.1628   1 0 0 1     61      61    0
R    482   46  LEU  A   73     52  VAL  A   79       6.3570   1 0 0 0    -64      64    0
R    483   46  LEU  A   73     53  SER  A   80       7.1466   1 0 0 0    -12      12    0
R    484   46  LEU  A   73     54  ASP  A   81       6.9343   1 0 0 1     21      21    0
R    485   46  LEU  A   73     57  LEU  A   84       8.2774   1 0 0 1     43      43    0
R    486   47  ARG  A   74     43  GLU  A   70       6.3507   1 0 0 1     28      28    0
R    487   47  ARG  A   74     44  LYS  A   71       5.2446   1 0 0 0    -21      21    0
R    488   47  ARG  A   74     45  PHE  A   72       5.3962   1 0 0 0      0       0    0
R    489   47  ARG  A   74     46  LEU  A   73       3.7662   1 0 0 0    -76      76    0
R    490   47  ARG  A   74     48  ALA  A   75       3.8079   1 0 0 0     -1       1    0
R    491   47  ARG  A   74     49  HIS  A   76       5.7108   1 0 0 0      0       0    0
R    493   48  ALA  A   75     44  LYS  A   71       6.4237   1 0 0 0    -17      17    0
R    494   48  ALA  A   75     45  PHE  A   72       5.1193   1 0 0 0    -19      19    0
R    495   48  ALA  A   75     46  LEU  A   73       5.3747   1 0 0 0      0       0    0
R    496   48  ALA  A   75     47  ARG  A   74       3.8079   1 0 0 0    -22      22    0
R    497   48  ALA  A   75     49  HIS  A   76       3.7972   1 0 0 1     62      62    0
R    498   48  ALA  A   75     50  PRO  A   77       6.4029   1 0 0 0    -44      44    0
R    501   49  HIS  A   76     45  PHE  A   72       6.0877   1 0 0 0    -33      33    0
R    502   49  HIS  A   76     46  LEU  A   73       5.1628   1 0 0 0    -17      17    0
R    503   49  HIS  A   76     47  ARG  A   74       5.7108   1 0 0 0      0       0    0
R    504   49  HIS  A   76     48  ALA  A   75       3.7972   1 0 0 0    -33      33    0
R    505   49  HIS  A   76     50  PRO  A   77       3.7946   1 0 0 0    -47      47    0
R    506   49  HIS  A   76     51  CYS  A   78       5.4625   1 0 0 1     40      40    0
R    507   49  HIS  A   76     52  VAL  A   79       5.9407   1 0 0 1     84      84    0
R    508   49  HIS  A   76    310  CYS  B   78       6.1590   1 0 0 1     39      39    0
R    509   49  HIS  A   76    311  VAL  B   79       6.9458   1 0 0 1     24      24    0
R    510   49  HIS  A   76    315  GLU  B   83      10.3879   1 0 0 0    -80      80    0
R    513   50  PRO  A   77     48  ALA  A   75       6.4029   1 0 0 0    -30      30    0
R    514   50  PRO  A   77     49  HIS  A   76       3.7946   1 0 0 0    -24      24    0
R    515   50  PRO  A   77     51  CYS  A   78       3.8077   1 0 0 1      8       8    0
R    516   50  PRO  A   77     52  VAL  A   79       5.4294   1 0 0 1      6       6    0
R    517   50  PRO  A   77    310  CYS  B   78       7.7989   1 0 0 1     13      13    0
R    518   51  CYS  A   78     49  HIS  A   76       5.4625   1 0 0 1      4       4    0
R    519   51  CYS  A   78     50  PRO  A   77       3.8077   1 0 0 0    -55      55    0
R    520   51  CYS  A   78     52  VAL  A   79       3.8412   1 0 0 1      6       6    0
R    521   51  CYS  A   78     53  SER  A   80       6.8322   0 0 0 1      6       6    0
R    524   51  CYS  A   78    308  HIS  B   76       6.2100   1 0 0 1     61      61    0
R    525   51  CYS  A   78    309  PRO  B   77       7.8335   1 0 0 1     21      21    0
R    526   51  CYS  A   78    310  CYS  B   78       6.5312   1 0 0 1      8       8    0
R    527   52  VAL  A   79     45  PHE  A   72       8.5481   1 0 0 1     54      54    0
R    528   52  VAL  A   79     46  LEU  A   73       6.3570   1 0 0 0    -49      49    0
R    529   52  VAL  A   79     49  HIS  A   76       5.9407   1 0 0 1      4       4    0
R    530   52  VAL  A   79     50  PRO  A   77       5.4294   1 0 0 0    -22      22    0
R    531   52  VAL  A   79     51  CYS  A   78       3.8412   1 0 0 0    -31      31    0
R    532   52  VAL  A   79     53  SER  A   80       3.7992   1 0 0 0    -52      52    0
R    533   52  VAL  A   79     56  GLU  A   83       6.5040   1 0 0 1     16      16    0
R    534   52  VAL  A   79     57  LEU  A   84       6.7586   1 0 0 1     62      62    0
R    535   52  VAL  A   79    304  PHE  B   72       9.7062   1 0 0 1    103     103    0
R    536   52  VAL  A   79    308  HIS  B   76       6.8817   1 0 0 0    -26      26    0
R    537   52  VAL  A   79    311  VAL  B   79       9.2666   1 0 0 1      9       9    0
R    538   53  SER  A   80     46  LEU  A   73       7.1466   1 0 0 0      0       0    0
R    539   53  SER  A   80     51  CYS  A   78       6.8322   0 0 0 1      1       1    0
R    540   53  SER  A   80     52  VAL  A   79       3.7992   1 0 0 0    -37      37    0
R    541   53  SER  A   80     54  ASP  A   81       3.7965   1 0 0 1     18      18    0
R    542   53  SER  A   80     55  GLN  A   82       5.3041   1 0 0 0     -7       7    0
R    543   53  SER  A   80     56  GLU  A   83       5.1506   1 0 0 1     98      98    0
R    544   53  SER  A   80     57  LEU  A   84       6.2986   1 0 0 1    114     114    0
R    545   54  ASP  A   81     42  ARG  A   69       7.7183   1 0 0 1    177     177    0
R    546   54  ASP  A   81     46  LEU  A   73       6.9343   1 0 0 0     -5       5    0
R    547   54  ASP  A   81     53  SER  A   80       3.7965   1 0 0 0      0       0    0
R    548   54  ASP  A   81     55  GLN  A   82       3.7726   1 0 0 0    -35      35    0
R    549   54  ASP  A   81     56  GLU  A   83       5.5034   1 0 0 0      0       0    0
R    550   54  ASP  A   81     57  LEU  A   84       5.1656   1 0 0 0     -5       5    0
R    551   54  ASP  A   81     58  GLY  A   85       6.0797   1 0 0 1    142     142    0
R    553   55  GLN  A   82     53  SER  A   80       5.3041   1 0 0 0    -15      15    0
R    554   55  GLN  A   82     54  ASP  A   81       3.7726   1 0 0 1     24      24    0
R    555   55  GLN  A   82     56  GLU  A   83       3.8200   1 0 0 0     -3       3    0
R    556   55  GLN  A   82     57  LEU  A   84       5.4420   1 0 0 0      0       0    0
R    557   55  GLN  A   82     58  GLY  A   85       4.8341   1 0 0 1      9       9    0
R    558   55  GLN  A   82     59  LEU  A   86       6.5941   1 0 0 1     45      45    0
R    560   56  GLU  A   83     52  VAL  A   79       6.5040   1 0 0 1     25      25    0
R    561   56  GLU  A   83     53  SER  A   80       5.1506   1 0 0 1    110     110    0
R    562   56  GLU  A   83     54  ASP  A   81       5.5034   1 0 0 0      0       0    0
R    563   56  GLU  A   83     55  GLN  A   82       3.8200   1 0 0 0    -28      28    0
R    564   56  GLU  A   83     57  LEU  A   84       3.7989   1 0 0 0      0       0    0
R    565   56  GLU  A   83     58  GLY  A   85       5.1775   1 0 0 0      0       0    0
R    566   56  GLU  A   83     59  LEU  A   86       5.2768   1 0 0 1     18      18    0
R    567   56  GLU  A   83     60  LEU  A   87       6.4122   1 0 0 1     87      87    0
R    570   56  GLU  A   83    308  HIS  B   76      10.2724   1 0 0 0   -131     131    0
R    571   57  LEU  A   84     42  ARG  A   69       7.4097   1 0 0 0     -1       1    0
R    572   57  LEU  A   84     45  PHE  A   72       8.7528   1 0 0 1     81      81    0
R    573   57  LEU  A   84     46  LEU  A   73       8.2774   1 0 0 1     67      67    0
R    574   57  LEU  A   84     52  VAL  A   79       6.7586   1 0 0 1     21      21    0
R    575   57  LEU  A   84     53  SER  A   80       6.2986   1 0 0 0    -10      10    0
R    576   57  LEU  A   84     54  ASP  A   81       5.1656   1 0 0 0    -38      38    0
R    577   57  LEU  A   84     55  GLN  A   82       5.4420   1 0 0 0      0       0    0
R    578   57  LEU  A   84     56  GLU  A   83       3.7989   1 0 0 0    -26      26    0
R    579   57  LEU  A   84     58  GLY  A   85       3.7796   1 0 0 0     -6       6    0
R    580   57  LEU  A   84     59  LEU  A   86       5.4209   1 0 0 0      0       0    0
R    581   57  LEU  A   84     60  LEU  A   87       4.9196   1 0 0 1     40      40    0
R    582   57  LEU  A   84     61  ILE  A   88       6.2417   1 0 0 1    151     151    0
R    583   57  LEU  A   84    304  PHE  B   72       9.2618   0 0 0 1     11      11    0
R    584   57  LEU  A   84    319  LEU  B   87      10.2593   1 0 0 1    138     138    0
R    586   58  GLY  A   85     54  ASP  A   81       6.0797   1 0 0 1     56      56    0
R    587   58  GLY  A   85     55  GLN  A   82       4.8341   1 0 0 1      1       1    0
R    588   58  GLY  A   85     56  GLU  A   83       5.1775   1 0 0 0      0       0    0
R    589   58  GLY  A   85     57  LEU  A   84       3.7796   1 0 0 0    -32      32    0
R    590   58  GLY  A   85     59  LEU  A   86       3.7843   1 0 0 1     15      15    0
R    591   58  GLY  A   85     60  LEU  A   87       5.3942   1 0 0 0      0       0    0
R    592   58  GLY  A   85     61  ILE  A   88       5.1762   1 0 0 1      5       5    0
R    593   58  GLY  A   85     62  LYS  A   89       6.3592   1 0 0 1     62      62    0
R    595   59  LEU  A   86     55  GLN  A   82       6.5941   1 0 0 0    -56      56    0
R    596   59  LEU  A   86     56  GLU  A   83       5.2768   1 0 0 0      0       0    0
R    597   59  LEU  A   86     57  LEU  A   84       5.4209   1 0 0 0      0       0    0
R    598   59  LEU  A   86     58  GLY  A   85       3.7843   1 0 0 0    -15      15    0
R    599   59  LEU  A   86     60  LEU  A   87       3.7619   1 0 0 0     -8       8    0
R    600   59  LEU  A   86     61  ILE  A   88       5.2384   1 0 0 0      0       0    0
R    601   59  LEU  A   86     62  LYS  A   89       4.9377   1 0 0 0    -67      67    0
R    602   59  LEU  A   86     63  GLU  A   90       6.0107   1 0 0 1     27      27    0
R    603   60  LEU  A   87     56  GLU  A   83       6.4122   1 0 0 0     -7       7    0
R    604   60  LEU  A   87     57  LEU  A   84       4.9196   1 0 0 1     10      10    0
R    605   60  LEU  A   87     58  GLY  A   85       5.3942   1 0 0 0      0       0    0
R    606   60  LEU  A   87     59  LEU  A   86       3.7619   1 0 0 0    -36      36    0
R    607   60  LEU  A   87     61  ILE  A   88       3.7797   1 0 0 0     -3       3    0
R    608   60  LEU  A   87     62  LYS  A   89       5.5265   1 0 0 0      0       0    0
R    609   60  LEU  A   87     63  GLU  A   90       5.1719   1 0 0 1     10      10    0
R    610   60  LEU  A   87     64  VAL  A   91       6.0670   1 0 0 1    172     172    0
R    611   60  LEU  A   87    300  VAL  B   68       7.4326   1 0 0 1    130     130    0
R    613   60  LEU  A   87    304  PHE  B   72       7.7132   1 0 0 1    142     142    0
R    614   60  LEU  A   87    316  LEU  B   84      10.3167   1 0 0 1     79      79    0
R    615   60  LEU  A   87    319  LEU  B   87      10.1652   1 0 0 1    144     144    0
R    616   60  LEU  A   87    320  ILE  B   88       9.2144   0 0 0 1     20      20    0
R    617   61  ILE  A   88     38  LEU  A   65       9.7400   1 0 0 1     60      60    0
R    618   61  ILE  A   88     42  ARG  A   69       9.2380   1 0 0 1    138     138    0
R    619   61  ILE  A   88     57  LEU  A   84       6.2417   1 0 0 1     25      25    0
R    620   61  ILE  A   88     58  GLY  A   85       5.1762   1 0 0 0    -29      29    0
R    621   61  ILE  A   88     59  LEU  A   86       5.2384   1 0 0 0      0       0    0
R    622   61  ILE  A   88     60  LEU  A   87       3.7797   1 0 0 0    -14      14    0
R    623   61  ILE  A   88     62  LYS  A   89       3.8001   1 0 0 0      0       0    0
R    624   61  ILE  A   88     63  GLU  A   90       5.4048   1 0 0 0      0       0    0
R    625   61  ILE  A   88     64  VAL  A   91       4.9921   1 0 0 0     -7       7    0
R    626   61  ILE  A   88     65  ALA  A   92       6.0276   1 0 0 1    119     119    0
R    627   61  ILE  A   88    319  LEU  B   87       9.4233   0 0 0 1      7       7    0
R    628   61  ILE  A   88    323  VAL  B   91       7.2598   1 0 0 1    159     159    0
R    629   61  ILE  A   88    327  LEU  B   95       9.6243   0 0 0 1      6       6    0
R    630   61  ILE  A   88    333  PRO  B  101       6.2339   1 0 0 1     89      89    0
R    631   62  LYS  A   89     58  GLY  A   85       6.3592   1 0 0 1      5       5    0
R    632   62  LYS  A   89     59  LEU  A   86       4.9377   1 0 0 0    -48      48    0
R    633   62  LYS  A   89     60  LEU  A   87       5.5265   1 0 0 0      0       0    0
R    634   62  LYS  A   89     61  ILE  A   88       3.8001   1 0 0 0    -30      30    0
R    635   62  LYS  A   89     63  GLU  A   90       3.7888   1 0 0 1      5       5    0
R    636   62  LYS  A   89     64  VAL  A   91       5.4028   1 0 0 0      0       0    0
R    637   62  LYS  A   89     65  ALA  A   92       5.0309   1 0 0 1      1       1    0
R    638   62  LYS  A   89     66  ASP  A   93       6.2810   1 0 0 1     94      94    0
R    639   62  LYS  A   89    333  PRO  B  101       5.5891   1 0 0 1     29      29    0
R    640   62  LYS  A   89    334  GLU  B  102       6.9359   1 0 0 0    -44      44    0
R    641   63  GLU  A   90     59  LEU  A   86       6.0107   1 0 0 0   -116     116    0
R    642   63  GLU  A   90     60  LEU  A   87       5.1719   1 0 0 0    -11      11    0
R    643   63  GLU  A   90     61  ILE  A   88       5.4048   1 0 0 0      0       0    0
R    644   63  GLU  A   90     62  LYS  A   89       3.7888   1 0 0 0    -18      18    0
R    645   63  GLU  A   90     64  VAL  A   91       3.7750   1 0 0 0    -11      11    0
R    646   63  GLU  A   90     65  ALA  A   92       5.4045   1 0 0 0      0       0    0
R    647   63  GLU  A   90     66  ASP  A   93       5.2167   1 0 0 0    -14      14    0
R    648   63  GLU  A   90     67  ALA  A   94       6.4130   1 0 0 1     71      71    0
R    649   63  GLU  A   90    300  VAL  B   68       7.1208   1 0 0 0    -56      56    0
R    651   64  VAL  A   91     60  LEU  A   87       6.0670   1 0 0 1     26      26    0
R    652   64  VAL  A   91     61  ILE  A   88       4.9921   1 0 0 0    -16      16    0
R    653   64  VAL  A   91     62  LYS  A   89       5.4028   1 0 0 0      0       0    0
R    654   64  VAL  A   91     63  GLU  A   90       3.7750   1 0 0 0    -35      35    0
R    655   64  VAL  A   91     65  ALA  A   92       3.7933   1 0 0 0     -1       1    0
R    656   64  VAL  A   91     66  ASP  A   93       5.4609   1 0 0 0      0       0    0
R    657   64  VAL  A   91     67  ALA  A   94       5.2069   1 0 0 1      5       5    0
R    658   64  VAL  A   91     68  LEU  A   95       6.1918   1 0 0 1    215     215    0
R    659   64  VAL  A   91    297  LEU  B   65       6.2906   1 0 0 1     75      75    0
R    660   64  VAL  A   91    300  VAL  B   68       7.4315   0 0 0 1     15      15    0
R    661   64  VAL  A   91    320  ILE  B   88       7.4416   1 0 0 1    140     140    0
R    662   64  VAL  A   91    323  VAL  B   91       8.2560   1 0 0 1     90      90    0
R    663   64  VAL  A   91    327  LEU  B   95       9.8466   1 0 0 0      0       0    0
R    664   65  ALA  A   92     61  ILE  A   88       6.0276   1 0 0 0    -31      31    0
R    665   65  ALA  A   92     62  LYS  A   89       5.0309   1 0 0 0    -23      23    0
R    666   65  ALA  A   92     63  GLU  A   90       5.4045   1 0 0 0      0       0    0
R    667   65  ALA  A   92     64  VAL  A   91       3.7933   1 0 0 0    -35      35    0
R    668   65  ALA  A   92     66  ASP  A   93       3.8113   1 0 0 0    -11      11    0
R    669   65  ALA  A   92     67  ALA  A   94       5.4122   1 0 0 0      0       0    0
R    670   65  ALA  A   92     68  LEU  A   95       5.1684   1 0 0 1      2       2    0
R    671   65  ALA  A   92     69  GLY  A   96       5.9194   1 0 0 1    155     155    0
R    672   65  ALA  A   92    327  LEU  B   95       7.3825   1 0 0 1     30      30    0
R    673   65  ALA  A   92    333  PRO  B  101       6.8320   1 0 0 1    136     136    0
R    674   66  ASP  A   93     62  LYS  A   89       6.2810   1 0 0 0    -50      50    0
R    675   66  ASP  A   93     63  GLU  A   90       5.2167   1 0 0 0    -42      42    0
R    676   66  ASP  A   93     64  VAL  A   91       5.4609   1 0 0 0      0       0    0
R    677   66  ASP  A   93     65  ALA  A   92       3.8113   1 0 0 0    -39      39    0
R    678   66  ASP  A   93     67  ALA  A   94       3.7493   1 0 0 0     -9       9    0
R    679   66  ASP  A   93     68  LEU  A   95       5.5967   1 0 0 0      0       0    0
R    680   66  ASP  A   93     69  GLY  A   96       4.9679   1 0 0 1      2       2    0
R    681   66  ASP  A   93     70  GLY  A   97       6.3323   1 0 0 1    123     123    0
R    682   67  ALA  A   94     63  GLU  A   90       6.4130   1 0 0 0    -31      31    0
R    683   67  ALA  A   94     64  VAL  A   91       5.2069   1 0 0 0    -24      24    0
R    684   67  ALA  A   94     65  ALA  A   92       5.4122   1 0 0 0      0       0    0
R    685   67  ALA  A   94     66  ASP  A   93       3.7493   1 0 0 0    -48      48    0
R    686   67  ALA  A   94     68  LEU  A   95       3.8112   1 0 0 0      0       0    0
R    687   67  ALA  A   94     69  GLY  A   96       5.1839   1 0 0 0      0       0    0
R    688   67  ALA  A   94     70  GLY  A   97       4.9464   1 0 0 1     44      44    0
R    689   67  ALA  A   94     71  GLY  A   98       6.5374   1 0 0 1      4       4    0
R    690   67  ALA  A   94     72  ALA  A   99       5.4804   1 0 0 1     99      99    0
R    691   67  ALA  A   94    293  ALA  B   61       5.2401   1 0 0 0    -88      88    0
R    692   67  ALA  A   94    296  GLU  B   64       6.5150   0 0 0 1     28      28    0
R    693   67  ALA  A   94    297  LEU  B   65       5.7254   1 0 0 1     80      80    0
R    694   67  ALA  A   94    300  VAL  B   68       9.1804   0 0 0 1      4       4    0
R    695   68  LEU  A   95     64  VAL  A   91       6.1918   1 0 0 1    102     102    0
R    696   68  LEU  A   95     65  ALA  A   92       5.1684   1 0 0 0    -12      12    0
R    697   68  LEU  A   95     66  ASP  A   93       5.5967   1 0 0 0      0       0    0
R    698   68  LEU  A   95     67  ALA  A   94       3.8112   1 0 0 0    -22      22    0
R    699   68  LEU  A   95     69  GLY  A   96       3.7712   1 0 0 0    -13      13    0
R    700   68  LEU  A   95     70  GLY  A   97       5.2058   1 0 0 0      0       0    0
R    701   68  LEU  A   95     71  GLY  A   98       4.9605   1 0 0 1    136     136    0
R    702   68  LEU  A   95     72  ALA  A   99       4.4211   1 0 0 0    -58      58    0
R    703   68  LEU  A   95     73  ASP  A  100       6.2184   1 0 0 0      0       0    0
R    704   68  LEU  A   95     74  PRO  A  101       8.2563   1 0 0 1    114     114    0
R    705   68  LEU  A   95    297  LEU  B   65       7.8246   1 0 0 1     38      38    0
R    706   68  LEU  A   95    320  ILE  B   88      10.1190   0 0 0 1      2       2    0
R    707   68  LEU  A   95    324  ALA  B   92       7.5451   1 0 0 1    100     100    0
R    708   68  LEU  A   95    327  LEU  B   95       9.1051   1 0 0 1     65      65    0
R    709   69  GLY  A   96     65  ALA  A   92       5.9194   1 0 0 1     46      46    0
R    710   69  GLY  A   96     66  ASP  A   93       4.9679   1 0 0 1      1       1    0
R    711   69  GLY  A   96     67  ALA  A   94       5.1839   1 0 0 0      0       0    0
R    712   69  GLY  A   96     68  LEU  A   95       3.7712   1 0 0 0    -45      45    0
R    713   69  GLY  A   96     70  GLY  A   97       3.7805   1 0 0 1     14      14    0
R    714   69  GLY  A   96     71  GLY  A   98       5.4054   1 0 0 1      8       8    0
R    716   69  GLY  A   96    111  ARG  A  138       8.8777   1 0 0 1    106     106    0
R    717   70  GLY  A   97     66  ASP  A   93       6.3323   1 0 0 1     57      57    0
R    718   70  GLY  A   97     67  ALA  A   94       4.9464   1 0 0 1      4       4    0
R    719   70  GLY  A   97     68  LEU  A   95       5.2058   1 0 0 0      0       0    0
R    720   70  GLY  A   97     69  GLY  A   96       3.7805   1 0 0 0    -18      18    0
R    721   70  GLY  A   97     71  GLY  A   98       3.8026   1 0 0 1      6       6    0
R    722   70  GLY  A   97     72  ALA  A   99       5.9566   1 0 0 0      0       0    0
R    723   70  GLY  A   97    111  ARG  A  138       6.8480   1 0 0 0    -34      34    0
R    724   70  GLY  A   97    289  HIS  B   57       7.2710   1 0 0 1     74      74    0
R    725   70  GLY  A   97    290  GLU  B   58       6.2549   1 0 0 0     -3       3    0
R    726   70  GLY  A   97    293  ALA  B   61       5.5653   1 0 0 0    -56      56    0
R    727   71  GLY  A   98     67  ALA  A   94       6.5374   1 0 0 0      0       0    0
R    728   71  GLY  A   98     68  LEU  A   95       4.9605   1 0 0 1     71      71    0
R    729   71  GLY  A   98     69  GLY  A   96       5.4054   1 0 0 1      5       5    0
R    730   71  GLY  A   98     70  GLY  A   97       3.8026   1 0 0 0     -1       1    0
R    731   71  GLY  A   98     72  ALA  A   99       3.8024   1 0 0 1      2       2    0
R    732   71  GLY  A   98     73  ASP  A  100       6.5143   1 0 0 0    -27      27    0
R    738   71  GLY  A   98    290  GLU  B   58       5.3735   1 0 0 0    -53      53    0
R    739   72  ALA  A   99     67  ALA  A   94       5.4804   1 0 0 0    -43      43    0
R    740   72  ALA  A   99     68  LEU  A   95       4.4211   1 0 0 0    -91      91    0
R    741   72  ALA  A   99     70  GLY  A   97       5.9566   1 0 0 0      0       0    0
R    742   72  ALA  A   99     71  GLY  A   98       3.8024   1 0 0 0    -34      34    0
R    743   72  ALA  A   99     73  ASP  A  100       3.7834   1 0 0 0    -36      36    0
R    745   72  ALA  A   99    293  ALA  B   61       5.2611   1 0 0 0   -102     102    0
R    746   72  ALA  A   99    294  GLN  B   62       4.4471   1 0 0 0    -18      18    0
R    747   72  ALA  A   99    297  LEU  B   65       6.7421   1 0 0 1     85      85    0
R    748   73  ASP  A  100     68  LEU  A   95       6.2184   1 0 0 0     -1       1    0
R    749   73  ASP  A  100     71  GLY  A   98       6.5143   1 0 0 0    -22      22    0
R    750   73  ASP  A  100     72  ALA  A   99       3.7834   1 0 0 0    -39      39    0
R    751   73  ASP  A  100     74  PRO  A  101       3.8132   1 0 0 0    -98      98    0
R    752   73  ASP  A  100     75  GLU  A  102       6.3213   1 0 0 1     10      10    0
R    754   73  ASP  A  100     84  HIS  A  111       7.1511   1 0 0 1    306     306    0
R    756   73  ASP  A  100    294  GLN  B   62       6.7055   1 0 0 1    162     162    0
R    757   73  ASP  A  100    297  LEU  B   65       8.2722   1 0 0 0    -19      19    0
R    758   74  PRO  A  101     68  LEU  A   95       8.2563   1 0 0 1     72      72    0
R    759   74  PRO  A  101     73  ASP  A  100       3.8132   1 0 0 0    -54      54    0
R    760   74  PRO  A  101     75  GLU  A  102       3.7839   1 0 0 0    -22      22    0
R    761   74  PRO  A  101     76  THR  A  103       6.8343   0 0 0 1     23      23    0
R    762   74  PRO  A  101     78  SER  A  105       7.1321   1 0 0 1      5       5    0
R    764   74  PRO  A  101    297  LEU  B   65       8.3300   1 0 0 1     34      34    0
R    766   74  PRO  A  101    320  ILE  B   88       6.6316   1 0 0 1     78      78    0
R    767   74  PRO  A  101    321  LYS  B   89       5.7632   1 0 0 1     20      20    0
R    768   74  PRO  A  101    324  ALA  B   92       7.5126   1 0 0 1    127     127    0
R    769   75  GLU  A  102     73  ASP  A  100       6.3213   1 0 0 0    -18      18    0
R    770   75  GLU  A  102     74  PRO  A  101       3.7839   1 0 0 0    -52      52    0
R    771   75  GLU  A  102     76  THR  A  103       3.8120   1 0 0 0   -111     111    0
R    772   75  GLU  A  102     77  ASN  A  104       5.9937   1 0 0 0      0       0    0
R    773   75  GLU  A  102     78  SER  A  105       4.8376   1 0 0 0    -51      51    0
R    774   75  GLU  A  102     79  THR  A  106       5.2668   1 0 0 0    -35      35    0
R    775   75  GLU  A  102     80  SER  A  107       6.3808   1 0 0 1    156     156    0
R    776   75  GLU  A  102    294  GLN  B   62       9.4185   0 0 0 1     32      32    0
R    777   75  GLU  A  102    297  LEU  B   65       9.6179   0 0 0 1     13      13    0
R    779   75  GLU  A  102    301  ARG  B   69      10.7978   1 0 0 1     94      94    0
R    781   76  THR  A  103     74  PRO  A  101       6.8343   0 0 0 1     19      19    0
R    782   76  THR  A  103     75  GLU  A  102       3.8120   1 0 0 0    -88      88    0
R    783   76  THR  A  103     77  ASN  A  104       3.8223   1 0 0 0    -38      38    0
R    784   76  THR  A  103     78  SER  A  105       5.3820   1 0 0 1     31      31    0
R    786   76  THR  A  103    317  GLY  B   85       6.5114   1 0 0 0    -69      69    0
R    787   76  THR  A  103    318  LEU  B   86       8.1291   0 0 0 1     31      31    0
R    788   76  THR  A  103    321  LYS  B   89       8.7206   0 0 0 1     23      23    0
R    789   77  ASN  A  104     75  GLU  A  102       5.9937   1 0 0 0      0       0    0
R    790   77  ASN  A  104     76  THR  A  103       3.8223   1 0 0 0    -39      39    0
R    791   77  ASN  A  104     78  SER  A  105       3.7598   1 0 0 0    -25      25    0
R    792   77  ASN  A  104     79  THR  A  106       5.9807   1 0 0 0    -52      52    0
R    793   78  SER  A  105     74  PRO  A  101       7.1321   1 0 0 1     10      10    0
R    794   78  SER  A  105     75  GLU  A  102       4.8376   1 0 0 0    -29      29    0
R    795   78  SER  A  105     76  THR  A  103       5.3820   1 0 0 1     95      95    0
R    796   78  SER  A  105     77  ASN  A  104       3.7598   1 0 0 0    -49      49    0
R    797   78  SER  A  105     79  THR  A  106       3.6953   1 0 0 1     10      10    0
R    798   78  SER  A  105     84  HIS  A  111       6.7233   0 0 0 1      2       2    0
R    801   79  THR  A  106     75  GLU  A  102       5.2668   1 0 0 0    -55      55    0
R    802   79  THR  A  106     77  ASN  A  104       5.9807   1 0 0 0    -48      48    0
R    803   79  THR  A  106     78  SER  A  105       3.6953   1 0 0 0     -7       7    0
R    804   79  THR  A  106     80  SER  A  107       3.7514   1 0 0 1     44      44    0
R    806   79  THR  A  106     83  SER  A  110       6.1457   1 0 0 1     14      14    0
R    807   79  THR  A  106     84  HIS  A  111       5.8541   1 0 0 0    -65      65    0
R    809   80  SER  A  107     75  GLU  A  102       6.3808   1 0 0 1    107     107    0
R    810   80  SER  A  107     79  THR  A  106       3.7514   1 0 0 1      7       7    0
R    811   80  SER  A  107     81  ASN  A  108       3.7586   1 0 0 1     20      20    0
R    812   80  SER  A  107     82  SER  A  109       5.4646   1 0 0 1     48      48    0
R    813   80  SER  A  107     83  SER  A  110       6.6657   1 0 0 0      0       0    0
R    814   80  SER  A  107     84  HIS  A  111       5.7151   1 0 0 0    -77      77    0
R    815   80  SER  A  107    294  GLN  B   62       6.3501   1 0 0 0     -3       3    0
R    817   81  ASN  A  108     80  SER  A  107       3.7586   1 0 0 0      0       0    0
R    818   81  ASN  A  108     82  SER  A  109       3.7437   1 0 0 1     19      19    0
R    819   81  ASN  A  108     84  HIS  A  111       4.8382   1 0 0 0   -106     106    0
R    820   81  ASN  A  108     85  SER  A  112       4.1048   1 0 0 0     -1       1    0
R    821   81  ASN  A  108    287  GLN  B   55       8.6124   0 0 0 1      5       5    0
R    822   81  ASN  A  108    290  GLU  B   58       7.1886   1 0 0 0   -217     217    0
R    823   81  ASN  A  108    291  GLN  B   59       5.7087   1 0 0 0    -58      58    0
R    824   81  ASN  A  108    294  GLN  B   62       6.2228   1 0 0 0     -4       4    0
R    826   82  SER  A  109     80  SER  A  107       5.4646   1 0 0 1     19      19    0
R    827   82  SER  A  109     81  ASN  A  108       3.7437   1 0 0 0      0       0    0
R    828   82  SER  A  109     83  SER  A  110       3.7710   1 0 0 1     31      31    0
R    829   82  SER  A  109     84  HIS  A  111       5.3983   1 0 0 0      0       0    0
R    830   82  SER  A  109     85  SER  A  112       4.9945   1 0 0 1     47      47    0
R    833   83  SER  A  110     79  THR  A  106       6.1457   1 0 0 1     13      13    0
R    834   83  SER  A  110     80  SER  A  107       6.6657   1 0 0 0      0       0    0
R    835   83  SER  A  110     82  SER  A  109       3.7710   1 0 0 1      2       2    0
R    836   83  SER  A  110     84  HIS  A  111       3.8311   1 0 0 1      4       4    0
R    837   83  SER  A  110     85  SER  A  112       5.4486   1 0 0 1      4       4    0
R    839   83  SER  A  110    222  ASP  A  249       8.7089   1 0 0 0   -103     103    0
R    841   84  HIS  A  111     73  ASP  A  100       7.1511   1 0 0 1    227     227    0
R    844   84  HIS  A  111     79  THR  A  106       5.8541   1 0 0 0    -69      69    0
R    845   84  HIS  A  111     80  SER  A  107       5.7151   1 0 0 0    -53      53    0
R    846   84  HIS  A  111     81  ASN  A  108       4.8382   1 0 0 0    -46      46    0
R    847   84  HIS  A  111     82  SER  A  109       5.3983   1 0 0 0      0       0    0
R    848   84  HIS  A  111     83  SER  A  110       3.8311   1 0 0 0    -22      22    0
R    849   84  HIS  A  111     85  SER  A  112       3.8171   1 0 0 1      4       4    0
R    850   84  HIS  A  111     86  ALA  A  113       6.3944   1 0 0 1     18      18    0
R    853   85  SER  A  112     81  ASN  A  108       4.1048   1 0 0 0     -2       2    0
R    854   85  SER  A  112     82  SER  A  109       4.9945   1 0 0 0     -6       6    0
R    855   85  SER  A  112     83  SER  A  110       5.4486   1 0 0 1      1       1    0
R    856   85  SER  A  112     84  HIS  A  111       3.8171   1 0 0 0    -31      31    0
R    857   85  SER  A  112     86  ALA  A  113       3.7811   1 0 0 1     21      21    0
R    858   85  SER  A  112     87  TRP  A  114       5.4176   1 0 0 0      0       0    0
R    859   85  SER  A  112     88  ASP  A  115       5.5412   1 0 0 0    -67      67    0
R    860   85  SER  A  112     91  SER  A  118       7.5047   1 0 0 1     32      32    0
R    862   85  SER  A  112    287  GLN  B   55       7.7859   1 0 0 1     51      51    0
R    863   85  SER  A  112    290  GLU  B   58       7.7596   1 0 0 1    124     124    0
R    866   86  ALA  A  113     84  HIS  A  111       6.3944   1 0 0 1      6       6    0
R    867   86  ALA  A  113     85  SER  A  112       3.7811   1 0 0 0      0       0    0
R    868   86  ALA  A  113     87  TRP  A  114       3.7904   1 0 0 0    -48      48    0
R    869   86  ALA  A  113     88  ASP  A  115       5.8414   1 0 0 0      0       0    0
R    870   86  ALA  A  113     91  SER  A  118       5.2475   1 0 0 0     -5       5    0
R    872   86  ALA  A  113    108  VAL  A  135       7.1194   1 0 0 1    152     152    0
R    874   86  ALA  A  113    290  GLU  B   58       8.0610   1 0 0 0     -9       9    0
R    876   87  TRP  A  114     85  SER  A  112       5.4176   1 0 0 1     10      10    0
R    877   87  TRP  A  114     86  ALA  A  113       3.7904   1 0 0 0    -45      45    0
R    878   87  TRP  A  114     88  ASP  A  115       3.7830   1 0 0 0    -19      19    0
R    879   87  TRP  A  114     91  SER  A  118       5.5368   1 0 0 0      0       0    0
R    880   87  TRP  A  114     92  ALA  A  119       5.0980   1 0 0 1     27      27    0
R    881   87  TRP  A  114     95  PHE  A  122       8.5245   1 0 0 1    163     163    0
R    882   87  TRP  A  114    108  VAL  A  135       8.9970   1 0 0 1     28      28    0
R    883   87  TRP  A  114    109  ALA  A  136      10.2752   1 0 0 0    -30      30    0
R    884   87  TRP  A  114    110  LEU  A  137       9.7514   1 0 0 1    117     117    0
R    886   87  TRP  A  114    282  PHE  B   50       7.0267   1 0 0 1    138     138    0
R    887   87  TRP  A  114    283  ARG  B   51       4.9874   1 0 0 0   -160     160    0
R    888   87  TRP  A  114    286  GLU  B   54       6.4387   1 0 0 1     71      71    0
R    889   87  TRP  A  114    287  GLN  B   55       5.0006   1 0 0 0    -15      15    0
R    890   87  TRP  A  114    290  GLU  B   58       7.5246   1 0 0 1     84      84    0
R    893   88  ASP  A  115     85  SER  A  112       5.5412   1 0 0 0    -76      76    0
R    894   88  ASP  A  115     86  ALA  A  113       5.8414   1 0 0 0      0       0    0
R    895   88  ASP  A  115     87  TRP  A  114       3.7830   1 0 0 0    -35      35    0
R    896   88  ASP  A  115     89  LEU  A  116       3.7865   1 0 0 1      1       1    0
R    897   88  ASP  A  115     90  GLY  A  117       5.7664   1 0 0 0      0       0    0
R    898   88  ASP  A  115     91  SER  A  118       5.6073   1 0 0 1    109     109    0
R    899   88  ASP  A  115     92  ALA  A  119       6.0586   1 0 0 1     84      84    0
R    901   88  ASP  A  115    283  ARG  B   51       5.8624   1 0 0 0     -3       3    0
R    902   88  ASP  A  115    287  GLN  B   55       6.8180   1 0 0 0    -23      23    0
R    903   89  LEU  A  116     87  TRP  A  114       6.3551   0 0 0 1      2       2    0
R    904   89  LEU  A  116     88  ASP  A  115       3.7865   1 0 0 0    -24      24    0
R    905   89  LEU  A  116     90  GLY  A  117       3.8099   1 0 0 0    -12      12    0
R    906   89  LEU  A  116     91  SER  A  118       5.5905   1 0 0 0      0       0    0
R    907   89  LEU  A  116     92  ALA  A  119       5.2334   1 0 0 1      1       1    0
R    908   89  LEU  A  116     93  PHE  A  120       6.1216   1 0 0 1    114     114    0
R    909   89  LEU  A  116    276  VAL  B   44       8.2121   0 0 0 1     18      18    0
R    910   89  LEU  A  116    279  ALA  B   47       5.9759   1 0 0 1     90      90    0
R    911   89  LEU  A  116    280  LEU  B   48       6.7014   1 0 0 1    100     100    0
R    912   89  LEU  A  116    283  ARG  B   51       6.4005   1 0 0 0    -79      79    0
R    913   90  GLY  A  117     88  ASP  A  115       5.7664   1 0 0 1      9       9    0
R    914   90  GLY  A  117     89  LEU  A  116       3.8099   1 0 0 0    -36      36    0
R    915   90  GLY  A  117     91  SER  A  118       3.7742   1 0 0 1      3       3    0
R    916   90  GLY  A  117     92  ALA  A  119       5.5414   1 0 0 0      0       0    0
R    917   90  GLY  A  117     93  PHE  A  120       5.1838   1 0 0 0    -23      23    0
R    918   90  GLY  A  117     94  PHE  A  121       6.3798   1 0 0 1     79      79    0
R    921   90  GLY  A  117    231  GLN  A  258       9.6209   0 0 0 1      3       3    0
R    923   91  SER  A  118     85  SER  A  112       7.5047   1 0 0 1     16      16    0
R    924   91  SER  A  118     86  ALA  A  113       5.2475   1 0 0 0     -9       9    0
R    925   91  SER  A  118     87  TRP  A  114       5.5368   1 0 0 0      0       0    0
R    926   91  SER  A  118     88  ASP  A  115       5.6073   1 0 0 1     52      52    0
R    927   91  SER  A  118     89  LEU  A  116       5.5905   1 0 0 0      0       0    0
R    928   91  SER  A  118     90  GLY  A  117       3.7742   1 0 0 0    -17      17    0
R    929   91  SER  A  118     92  ALA  A  119       3.8000   1 0 0 1      2       2    0
R    930   91  SER  A  118     93  PHE  A  120       5.3218   1 0 0 0      0       0    0
R    931   91  SER  A  118     94  PHE  A  121       4.9830   1 0 0 0    -17      17    0
R    932   91  SER  A  118     95  PHE  A  122       6.0469   1 0 0 1     99      99    0
R    933   91  SER  A  118    221  ALA  A  248       5.5747   1 0 0 1     14      14    0
R    934   91  SER  A  118    222  ASP  A  249       6.3125   1 0 0 1    166     166    0
R    935   92  ALA  A  119     86  ALA  A  113       6.8738   0 0 0 1      4       4    0
R    936   92  ALA  A  119     87  TRP  A  114       5.0980   1 0 0 1      9       9    0
R    937   92  ALA  A  119     88  ASP  A  115       6.0586   1 0 0 0    -27      27    0
R    938   92  ALA  A  119     89  LEU  A  116       5.2334   1 0 0 0    -11      11    0
R    939   92  ALA  A  119     90  GLY  A  117       5.5414   1 0 0 0      0       0    0
R    940   92  ALA  A  119     91  SER  A  118       3.8000   1 0 0 0    -30      30    0
R    941   92  ALA  A  119     93  PHE  A  120       3.8051   1 0 0 0     -2       2    0
R    942   92  ALA  A  119     94  PHE  A  121       5.3097   1 0 0 0      0       0    0
R    943   92  ALA  A  119     95  PHE  A  122       4.8192   1 0 0 0    -11      11    0
R    944   92  ALA  A  119     96  SER  A  123       6.1191   1 0 0 1    184     184    0
R    945   92  ALA  A  119    279  ALA  B   47       4.5105   1 0 0 0   -102     102    0
R    946   92  ALA  A  119    282  PHE  B   50       6.1956   1 0 0 1     10      10    0
R    947   92  ALA  A  119    283  ARG  B   51       6.0257   1 0 0 0    -41      41    0
R    948   93  PHE  A  120     89  LEU  A  116       6.1216   1 0 0 0    -14      14    0
R    949   93  PHE  A  120     90  GLY  A  117       5.1838   1 0 0 0    -41      41    0
R    950   93  PHE  A  120     91  SER  A  118       5.3218   1 0 0 0      0       0    0
R    951   93  PHE  A  120     92  ALA  A  119       3.8051   1 0 0 0    -36      36    0
R    952   93  PHE  A  120     94  PHE  A  121       3.7833   1 0 0 0    -10      10    0
R    953   93  PHE  A  120     95  PHE  A  122       5.4288   1 0 0 0      0       0    0
R    954   93  PHE  A  120     96  SER  A  123       5.2246   1 0 0 1     83      83    0
R    955   93  PHE  A  120     97  GLY  A  124       6.3829   1 0 0 1     63      63    0
R    956   93  PHE  A  120    235  TRP  A  262      10.4887   1 0 0 1    197     197    0
R    957   93  PHE  A  120    272  LEU  B   40       9.3534   1 0 0 1     66      66    0
R    958   93  PHE  A  120    275  LEU  B   43       5.8145   1 0 0 1    201     201    0
R    959   93  PHE  A  120    276  VAL  B   44       5.9689   1 0 0 1     21      21    0
R    960   93  PHE  A  120    279  ALA  B   47       4.5083   1 0 0 1      8       8    0
R    961   94  PHE  A  121     90  GLY  A  117       6.3798   1 0 0 0    -28      28    0
R    962   94  PHE  A  121     91  SER  A  118       4.9830   1 0 0 0    -41      41    0
R    963   94  PHE  A  121     92  ALA  A  119       5.3097   1 0 0 0      0       0    0
R    964   94  PHE  A  121     93  PHE  A  120       3.7833   1 0 0 0    -50      50    0
R    965   94  PHE  A  121     95  PHE  A  122       3.7902   1 0 0 0    -16      16    0
R    966   94  PHE  A  121     96  SER  A  123       5.4024   1 0 0 0      0       0    0
R    967   94  PHE  A  121     97  GLY  A  124       4.9555   1 0 0 1     18      18    0
R    968   94  PHE  A  121     98  THR  A  125       6.4269   1 0 0 1    173     173    0
R    969   94  PHE  A  121    105  TYR  A  132      10.4633   1 0 0 1    105     105    0
R    971   94  PHE  A  121    218  VAL  A  245      10.9835   1 0 0 1    100     100    0
R    972   94  PHE  A  121    220  GLY  A  247       7.5246   1 0 0 0    -23      23    0
R    973   94  PHE  A  121    221  ALA  A  248       6.1017   1 0 0 0     -2       2    0
R    975   94  PHE  A  121    235  TRP  A  262       8.3072   1 0 0 0    -72      72    0
R    976   94  PHE  A  121    238  ILE  A  265      11.2525   0 0 0 1     65      65    0
R    978   95  PHE  A  122     87  TRP  A  114       8.5245   1 0 0 1    128     128    0
R    979   95  PHE  A  122     91  SER  A  118       6.0469   1 0 0 0    -22      22    0
R    980   95  PHE  A  122     92  ALA  A  119       4.8192   1 0 0 0    -19      19    0
R    981   95  PHE  A  122     93  PHE  A  120       5.4288   1 0 0 0      0       0    0
R    982   95  PHE  A  122     94  PHE  A  121       3.7902   1 0 0 0    -24      24    0
R    983   95  PHE  A  122     96  SER  A  123       3.7949   1 0 0 0    -19      19    0
R    984   95  PHE  A  122     97  GLY  A  124       5.2614   1 0 0 0      0       0    0
R    985   95  PHE  A  122     98  THR  A  125       5.0843   1 0 0 1    114     114    0
R    986   95  PHE  A  122     99  ILE  A  126       6.7856   1 0 0 0     -6       6    0
R    988   95  PHE  A  122    108  VAL  A  135       8.2139   1 0 0 0    -77      77    0
R    989   95  PHE  A  122    110  LEU  A  137      10.1442   1 0 0 1     94      94    0
R    990   95  PHE  A  122    282  PHE  B   50       8.7094   1 0 0 1    162     162    0
R    991   95  PHE  A  122    473  PHE  B  241      10.8030   1 0 0 1    165     165    0
R    992   96  SER  A  123     92  ALA  A  119       6.1191   1 0 0 1     84      84    0
R    993   96  SER  A  123     93  PHE  A  120       5.2246   1 0 0 1      1       1    0
R    994   96  SER  A  123     94  PHE  A  121       5.4024   1 0 0 0      0       0    0
R    995   96  SER  A  123     95  PHE  A  122       3.7949   1 0 0 0    -37      37    0
R    996   96  SER  A  123     97  GLY  A  124       3.7934   1 0 0 1     16      16    0
R    997   96  SER  A  123     98  THR  A  125       5.3931   1 0 0 0      0       0    0
R    998   96  SER  A  123     99  ILE  A  126       5.2377   1 0 0 1     21      21    0
R    999   96  SER  A  123    100  ILE  A  127       6.7360   1 0 0 0     -8       8    0
R   1000   96  SER  A  123    122  TYR  A  149       8.3932   1 0 0 0      0       0    0
R   1001   96  SER  A  123    275  LEU  B   43       6.0019   1 0 0 0      0       0    0
R   1002   96  SER  A  123    278  GLY  B   46       5.9528   1 0 0 0      0       0    0
R   1003   96  SER  A  123    279  ALA  B   47       6.3953   1 0 0 1     95      95    0
R   1004   96  SER  A  123    282  PHE  B   50       8.3034   1 0 0 0    -53      53    0
R   1005   97  GLY  A  124     93  PHE  A  120       6.3829   1 0 0 1     52      52    0
R   1006   97  GLY  A  124     94  PHE  A  121       4.9555   1 0 0 1      1       1    0
R   1007   97  GLY  A  124     95  PHE  A  122       5.2614   1 0 0 0      0       0    0
R   1008   97  GLY  A  124     96  SER  A  123       3.7934   1 0 0 0    -25      25    0
R   1009   97  GLY  A  124     98  THR  A  125       3.8100   1 0 0 1     17      17    0
R   1010   97  GLY  A  124     99  ILE  A  126       5.2147   1 0 0 1     13      13    0
R   1011   97  GLY  A  124    100  ILE  A  127       5.5475   1 0 0 0      0       0    0
R   1012   97  GLY  A  124    101  THR  A  128       6.0824   1 0 0 1    113     113    0
R   1013   97  GLY  A  124    275  LEU  B   43       6.8180   1 0 0 0     -8       8    0
R   1014   98  THR  A  125     94  PHE  A  121       6.4269   1 0 0 1     48      48    0
R   1015   98  THR  A  125     95  PHE  A  122       5.0843   1 0 0 1     86      86    0
R   1016   98  THR  A  125     96  SER  A  123       5.3931   1 0 0 0      0       0    0
R   1017   98  THR  A  125     97  GLY  A  124       3.8100   1 0 0 0    -20      20    0
R   1018   98  THR  A  125     99  ILE  A  126       3.7882   1 0 0 0     -4       4    0
R   1019   98  THR  A  125    100  ILE  A  127       6.0545   1 0 0 0      0       0    0
R   1020   98  THR  A  125    101  THR  A  128       5.5440   1 0 0 1      3       3    0
R   1021   98  THR  A  125    102  THR  A  129       6.0954   1 0 0 0      0       0    0
R   1022   98  THR  A  125    103  ILE  A  130       5.1640   1 0 0 1     72      72    0
R   1023   98  THR  A  125    104  GLY  A  131       4.8051   1 0 0 1    133     133    0
R   1024   98  THR  A  125    105  TYR  A  132       6.5963   1 0 0 1     77      77    0
R   1025   98  THR  A  125    106  GLY  A  133       8.2472   0 0 0 1      1       1    0
R   1029   99  ILE  A  126     95  PHE  A  122       6.7856   1 0 0 1     36      36    0
R   1030   99  ILE  A  126     96  SER  A  123       5.2377   1 0 0 0    -25      25    0
R   1031   99  ILE  A  126     97  GLY  A  124       5.2147   1 0 0 0      0       0    0
R   1032   99  ILE  A  126     98  THR  A  125       3.7882   1 0 0 0    -47      47    0
R   1033   99  ILE  A  126    100  ILE  A  127       3.7835   1 0 0 0    -18      18    0
R   1034   99  ILE  A  126    101  THR  A  128       5.3605   1 0 0 0      0       0    0
R   1035   99  ILE  A  126    102  THR  A  129       4.9025   1 0 0 1    134     134    0
R   1036   99  ILE  A  126    119  CYS  A  146       8.3788   1 0 0 0      0       0    0
R   1037   99  ILE  A  126    122  TYR  A  149       8.1898   1 0 0 1     60      60    0
R   1038   99  ILE  A  126    123  ALA  A  150       6.1610   1 0 0 1    138     138    0
R   1039   99  ILE  A  126    127  ILE  A  154       7.2665   1 0 0 0    -38      38    0
R   1040   99  ILE  A  126    282  PHE  B   50      12.1177   1 0 0 1     70      70    0
R   1041   99  ILE  A  126    471  VAL  B  239       6.2502   1 0 0 1     22      22    0
R   1042   99  ILE  A  126    473  PHE  B  241       8.9603   1 0 0 1     43      43    0
R   1043  100  ILE  A  127     96  SER  A  123       6.7360   1 0 0 0    -38      38    0
R   1044  100  ILE  A  127     97  GLY  A  124       5.5475   1 0 0 0    -40      40    0
R   1045  100  ILE  A  127     98  THR  A  125       6.0545   1 0 0 0      0       0    0
R   1046  100  ILE  A  127     99  ILE  A  126       3.7835   1 0 0 0    -12      12    0
R   1047  100  ILE  A  127    101  THR  A  128       3.8103   1 0 0 0    -10      10    0
R   1048  100  ILE  A  127    102  THR  A  129       5.2505   1 0 0 0     -6       6    0
R   1049  100  ILE  A  127    122  TYR  A  149       8.1329   1 0 0 1     83      83    0
R   1050  100  ILE  A  127    126  GLY  A  153       5.0206   1 0 0 0    -41      41    0
R   1051  100  ILE  A  127    127  ILE  A  154       4.2129   1 0 0 0    -20      20    0
R   1052  100  ILE  A  127    130  PHE  A  157       6.0094   1 0 0 1     66      66    0
R   1053  100  ILE  A  127    271  VAL  B   39       9.5616   1 0 0 1     72      72    0
R   1054  100  ILE  A  127    274  TYR  B   42       9.7596   1 0 0 1     30      30    0
R   1055  100  ILE  A  127    275  LEU  B   43       8.9716   1 0 0 1    123     123    0
R   1056  101  THR  A  128     97  GLY  A  124       6.0824   1 0 0 1     31      31    0
R   1057  101  THR  A  128     98  THR  A  125       5.5440   1 0 0 1     69      69    0
R   1058  101  THR  A  128     99  ILE  A  126       5.3605   1 0 0 0      0       0    0
R   1059  101  THR  A  128    100  ILE  A  127       3.8103   1 0 0 0    -26      26    0
R   1060  101  THR  A  128    102  THR  A  129       3.8256   1 0 0 1    117     117    0
R   1061  101  THR  A  128    103  ILE  A  130       5.2917   1 0 0 1     27      27    0
R   1062  101  THR  A  128    130  PHE  A  157       6.8605   1 0 0 1    110     110    0
R   1063  101  THR  A  128    211  THR  A  238       7.1952   1 0 0 0    -70      70    0
R   1064  101  THR  A  128    238  ILE  A  265       9.2359   0 0 0 1     19      19    0
R   1065  101  THR  A  128    242  LEU  A  269       8.4718   1 0 0 1     44      44    0
R   1066  102  THR  A  129     98  THR  A  125       6.0954   1 0 0 0      0       0    0
R   1067  102  THR  A  129     99  ILE  A  126       4.9025   1 0 0 1     68      68    0
R   1068  102  THR  A  129    100  ILE  A  127       5.2505   1 0 0 0     -8       8    0
R   1069  102  THR  A  129    101  THR  A  128       3.8256   1 0 0 1     55      55    0
R   1070  102  THR  A  129    103  ILE  A  130       3.8269   1 0 0 1      1       1    0
R   1071  102  THR  A  129    104  GLY  A  131       5.5755   1 0 0 0      0       0    0
R   1072  102  THR  A  129    127  ILE  A  154       6.9932   1 0 0 1    162     162    0
R   1073  102  THR  A  129    211  THR  A  238       6.1855   1 0 0 1     58      58    0
R   1074  102  THR  A  129    469  THR  B  237       6.8204   1 0 0 0    -51      51    0
R   1075  102  THR  A  129    470  THR  B  238       5.9655   1 0 0 0    -77      77    0
R   1076  102  THR  A  129    471  VAL  B  239       4.3123   1 0 0 0      0       0    0
R   1077  103  ILE  A  130     98  THR  A  125       5.1640   1 0 0 1      7       7    0
R   1078  103  ILE  A  130    101  THR  A  128       5.2917   1 0 0 0    -83      83    0
R   1079  103  ILE  A  130    102  THR  A  129       3.8269   1 0 0 0    -56      56    0
R   1080  103  ILE  A  130    104  GLY  A  131       3.8182   1 0 0 0    -27      27    0
R   1081  103  ILE  A  130    105  TYR  A  132       6.0137   1 0 0 1    121     121    0
R   1082  103  ILE  A  130    208  THR  A  235       6.5222   1 0 0 1     26      26    0
R   1083  103  ILE  A  130    211  THR  A  238       4.2407   1 0 0 1      7       7    0
R   1084  103  ILE  A  130    212  VAL  A  239       5.7432   1 0 0 0    -40      40    0
R   1085  103  ILE  A  130    213  GLY  A  240       4.7575   1 0 0 0     -4       4    0
R   1086  103  ILE  A  130    238  ILE  A  265      10.2703   1 0 0 1     94      94    0
R   1087  103  ILE  A  130    242  LEU  A  269      10.0576   1 0 0 1     17      17    0
R   1088  103  ILE  A  130    471  VAL  B  239       5.6605   1 0 0 0    -31      31    0
R   1089  104  GLY  A  131     98  THR  A  125       4.8051   1 0 0 1     62      62    0
R   1090  104  GLY  A  131    102  THR  A  129       5.5755   1 0 0 0      0       0    0
R   1091  104  GLY  A  131    103  ILE  A  130       3.8182   1 0 0 0    -28      28    0
R   1092  104  GLY  A  131    105  TYR  A  132       3.8073   1 0 0 1      3       3    0
R   1093  104  GLY  A  131    106  GLY  A  133       5.4376   1 0 0 1      7       7    0
R   1094  104  GLY  A  131    213  GLY  A  240       5.4535   1 0 0 0    -51      51    0
R   1095  104  GLY  A  131    471  VAL  B  239       4.7515   1 0 0 0      0       0    0
R   1096  104  GLY  A  131    472  GLY  B  240       5.7633   1 0 0 0    -98      98    0
R   1097  104  GLY  A  131    473  PHE  B  241       5.0726   1 0 0 0      0       0    0
R   1098  105  TYR  A  132     94  PHE  A  121      10.4633   1 0 0 1     82      82    0
R   1099  105  TYR  A  132     98  THR  A  125       6.5963   1 0 0 1     96      96    0
R   1100  105  TYR  A  132    103  ILE  A  130       6.0137   1 0 0 1     95      95    0
R   1101  105  TYR  A  132    104  GLY  A  131       3.8073   1 0 0 0    -44      44    0
R   1102  105  TYR  A  132    106  GLY  A  133       3.8098   1 0 0 0    -15      15    0
R   1103  105  TYR  A  132    107  ASN  A  134       5.6258   1 0 0 0    -54      54    0
R   1104  105  TYR  A  132    204  PHE  A  231      10.7066   1 0 0 0    -50      50    0
R   1105  105  TYR  A  132    207  VAL  A  234       9.6021   0 0 0 1     12      12    0
R   1106  105  TYR  A  132    208  THR  A  235       8.4377   1 0 0 0    -14      14    0
R   1107  105  TYR  A  132    213  GLY  A  240       4.5967   1 0 0 0     -1       1    0
R   1108  105  TYR  A  132    214  PHE  A  241       5.4197   1 0 0 0   -118     118    0
R   1109  105  TYR  A  132    215  GLY  A  242       4.0819   1 0 0 0    -43      43    0
R   1110  105  TYR  A  132    217  TYR  A  244       8.2633   1 0 0 0    -79      79    0
R   1111  105  TYR  A  132    218  VAL  A  245       7.3303   1 0 0 1     82      82    0
R   1115  106  GLY  A  133     98  THR  A  125       8.2472   0 0 0 1      2       2    0
R   1116  106  GLY  A  133    104  GLY  A  131       5.4376   1 0 0 1      5       5    0
R   1117  106  GLY  A  133    105  TYR  A  132       3.8098   1 0 0 0    -35      35    0
R   1118  106  GLY  A  133    107  ASN  A  134       3.8025   1 0 0 1      7       7    0
R   1119  106  GLY  A  133    108  VAL  A  135       4.9732   1 0 0 1     16      16    0
R   1121  106  GLY  A  133    473  PHE  B  241       4.5030   1 0 0 0    -21      21    0
R   1123  107  ASN  A  134    105  TYR  A  132       5.6258   1 0 0 0    -85      85    0
R   1124  107  ASN  A  134    106  GLY  A  133       3.8025   1 0 0 0     -7       7    0
R   1125  107  ASN  A  134    108  VAL  A  135       3.7750   1 0 0 0    -49      49    0
R   1126  107  ASN  A  134    215  GLY  A  242       5.2868   1 0 0 0    -81      81    0
R   1127  107  ASN  A  134    218  VAL  A  245       7.8592   1 0 0 0   -110     110    0
R   1130  108  VAL  A  135     86  ALA  A  113       7.1194   1 0 0 1    111     111    0
R   1131  108  VAL  A  135     87  TRP  A  114       8.9970   1 0 0 1     70      70    0
R   1132  108  VAL  A  135     95  PHE  A  122       8.2139   1 0 0 0    -94      94    0
R   1133  108  VAL  A  135    106  GLY  A  133       4.9732   1 0 0 0    -17      17    0
R   1134  108  VAL  A  135    107  ASN  A  134       3.7750   1 0 0 0    -89      89    0
R   1135  108  VAL  A  135    109  ALA  A  136       3.8041   1 0 0 0     -5       5    0
R   1136  108  VAL  A  135    221  ALA  A  248       9.8102   0 0 0 1      7       7    0
R   1139  109  ALA  A  136     87  TRP  A  114      10.2752   1 0 0 0    -50      50    0
R   1142  109  ALA  A  136    107  ASN  A  134       6.4490   0 0 0 1      1       1    0
R   1143  109  ALA  A  136    108  VAL  A  135       3.8041   1 0 0 0    -20      20    0
R   1144  109  ALA  A  136    110  LEU  A  137       3.7850   1 0 0 0    -30      30    0
R   1145  109  ALA  A  136    111  ARG  A  138       6.3065   1 0 0 0    -96      96    0
R   1147  109  ALA  A  136    475  ASP  B  243       6.3785   1 0 0 1    102     102    0
R   1148  110  LEU  A  137     87  TRP  A  114       9.7514   1 0 0 1    107     107    0
R   1149  110  LEU  A  137     95  PHE  A  122      10.1442   1 0 0 1     66      66    0
R   1150  110  LEU  A  137    108  VAL  A  135       6.9036   0 0 0 1      5       5    0
R   1151  110  LEU  A  137    109  ALA  A  136       3.7850   1 0 0 0    -13      13    0
R   1152  110  LEU  A  137    111  ARG  A  138       3.8000   1 0 0 1     59      59    0
R   1153  110  LEU  A  137    112  THR  A  139       5.9317   1 0 0 0      0       0    0
R   1154  110  LEU  A  137    115  GLY  A  142       6.0151   1 0 0 0    -79      79    0
R   1155  110  LEU  A  137    116  ARG  A  143       6.5508   1 0 0 1     54      54    0
R   1156  110  LEU  A  137    119  CYS  A  146       9.0239   1 0 0 1     74      74    0
R   1157  110  LEU  A  137    282  PHE  B   50       8.7074   1 0 0 1    100     100    0
R   1158  110  LEU  A  137    286  GLU  B   54       6.9652   1 0 0 0    -67      67    0
R   1159  110  LEU  A  137    462  TYR  B  230      10.8309   1 0 0 0    -79      79    0
R   1160  110  LEU  A  137    473  PHE  B  241       9.5981   0 0 0 1      1       1    0
R   1161  110  LEU  A  137    475  ASP  B  243       8.2871   0 0 0 1      1       1    0
R   1162  111  ARG  A  138     69  GLY  A   96       8.8777   1 0 0 1     64      64    0
R   1163  111  ARG  A  138     70  GLY  A   97       6.8480   1 0 0 0    -24      24    0
R   1166  111  ARG  A  138    109  ALA  A  136       6.3065   1 0 0 0    -80      80    0
R   1167  111  ARG  A  138    110  LEU  A  137       3.8000   1 0 0 1     66      66    0
R   1168  111  ARG  A  138    112  THR  A  139       3.7945   1 0 0 0    -21      21    0
R   1169  111  ARG  A  138    113  ASP  A  140       6.7584   0 0 0 1      3       3    0
R   1170  111  ARG  A  138    116  ARG  A  143       7.8593   1 0 0 0    -48      48    0
R   1171  111  ARG  A  138    286  GLU  B   54       6.9193   1 0 0 0     -8       8    0
R   1172  111  ARG  A  138    289  HIS  B   57       7.4364   1 0 0 1     10      10    0
R   1175  112  THR  A  139    110  LEU  A  137       5.9317   1 0 0 0      0       0    0
R   1176  112  THR  A  139    111  ARG  A  138       3.7945   1 0 0 0    -25      25    0
R   1177  112  THR  A  139    113  ASP  A  140       3.8090   1 0 0 1     19      19    0
R   1178  112  THR  A  139    114  ALA  A  141       5.2406   1 0 0 0     -6       6    0
R   1179  112  THR  A  139    115  GLY  A  142       4.9787   1 0 0 1    128     128    0
R   1180  112  THR  A  139    116  ARG  A  143       6.5401   1 0 0 1     11      11    0
R   1181  112  THR  A  139    285  LEU  B   53       7.3261   1 0 0 0    -53      53    0
R   1182  112  THR  A  139    286  GLU  B   54       6.6298   1 0 0 1     89      89    0
R   1183  112  THR  A  139    289  HIS  B   57       7.8745   1 0 0 1     98      98    0
R   1184  113  ASP  A  140    111  ARG  A  138       6.7584   0 0 0 1      4       4    0
R   1185  113  ASP  A  140    112  THR  A  139       3.8090   1 0 0 0      0       0    0
R   1186  113  ASP  A  140    114  ALA  A  141       3.8109   1 0 0 0     -3       3    0
R   1187  113  ASP  A  140    115  GLY  A  142       5.3012   1 0 0 0      0       0    0
R   1188  113  ASP  A  140    116  ARG  A  143       5.0853   1 0 0 1    116     116    0
R   1189  113  ASP  A  140    117  LEU  A  144       6.1892   1 0 0 1     80      80    0
R   1190  113  ASP  A  140    456  SER  B  224       9.9717   0 0 0 1     17      17    0
R   1191  113  ASP  A  140    458  LEU  B  226       7.4801   1 0 0 0    -16      16    0
R   1193  114  ALA  A  141    112  THR  A  139       5.2406   1 0 0 0    -20      20    0
R   1194  114  ALA  A  141    113  ASP  A  140       3.8109   1 0 0 0    -33      33    0
R   1195  114  ALA  A  141    115  GLY  A  142       3.7910   1 0 0 0    -10      10    0
R   1196  114  ALA  A  141    116  ARG  A  143       5.4069   1 0 0 0      0       0    0
R   1197  114  ALA  A  141    117  LEU  A  144       5.0500   1 0 0 1      4       4    0
R   1198  114  ALA  A  141    118  PHE  A  145       6.0837   1 0 0 1     93      93    0
R   1199  114  ALA  A  141    285  LEU  B   53       7.1006   1 0 0 1     91      91    0
R   1200  115  GLY  A  142    110  LEU  A  137       6.0151   1 0 0 0    -18      18    0
R   1201  115  GLY  A  142    112  THR  A  139       4.9787   1 0 0 1     51      51    0
R   1202  115  GLY  A  142    113  ASP  A  140       5.3012   1 0 0 0      0       0    0
R   1203  115  GLY  A  142    114  ALA  A  141       3.7910   1 0 0 0    -42      42    0
R   1204  115  GLY  A  142    116  ARG  A  143       3.8035   1 0 0 1     14      14    0
R   1205  115  GLY  A  142    117  LEU  A  144       5.5167   1 0 0 0      0       0    0
R   1206  115  GLY  A  142    118  PHE  A  145       5.3727   1 0 0 0      0       0    0
R   1207  115  GLY  A  142    119  CYS  A  146       5.9979   1 0 0 1     69      69    0
R   1208  115  GLY  A  142    282  PHE  B   50       6.5495   1 0 0 0    -25      25    0
R   1209  115  GLY  A  142    285  LEU  B   53       6.1284   1 0 0 0     -3       3    0
R   1210  115  GLY  A  142    286  GLU  B   54       6.8621   1 0 0 0      0       0    0
R   1211  116  ARG  A  143    110  LEU  A  137       6.5508   1 0 0 1    132     132    0
R   1212  116  ARG  A  143    111  ARG  A  138       7.8593   1 0 0 0    -18      18    0
R   1213  116  ARG  A  143    112  THR  A  139       6.5401   1 0 0 1     36      36    0
R   1214  116  ARG  A  143    113  ASP  A  140       5.0853   1 0 0 1     76      76    0
R   1215  116  ARG  A  143    114  ALA  A  141       5.4069   1 0 0 0      0       0    0
R   1216  116  ARG  A  143    115  GLY  A  142       3.8035   1 0 0 0    -14      14    0
R   1217  116  ARG  A  143    117  LEU  A  144       3.7782   1 0 0 0    -14      14    0
R   1218  116  ARG  A  143    118  PHE  A  145       5.5787   1 0 0 0      0       0    0
R   1219  116  ARG  A  143    119  CYS  A  146       5.0070   1 0 0 0     -5       5    0
R   1220  116  ARG  A  143    120  ILE  A  147       6.4699   1 0 0 1     90      90    0
R   1221  116  ARG  A  143    458  LEU  B  226       7.9736   1 0 0 1     57      57    0
R   1222  116  ARG  A  143    459  GLU  B  227       7.6548   1 0 0 1      8       8    0
R   1223  116  ARG  A  143    462  TYR  B  230       6.2007   1 0 0 1    109     109    0
R   1224  116  ARG  A  143    475  ASP  B  243      10.9071   0 0 0 1      3       3    0
R   1225  116  ARG  A  143    476  TYR  B  244      11.3740   1 0 0 1     87      87    0
R   1226  117  LEU  A  144    113  ASP  A  140       6.1892   1 0 0 0    -25      25    0
R   1227  117  LEU  A  144    114  ALA  A  141       5.0500   1 0 0 0    -14      14    0
R   1228  117  LEU  A  144    115  GLY  A  142       5.5167   1 0 0 0      0       0    0
R   1229  117  LEU  A  144    116  ARG  A  143       3.7782   1 0 0 0    -33      33    0
R   1230  117  LEU  A  144    118  PHE  A  145       3.7903   1 0 0 0    -14      14    0
R   1231  117  LEU  A  144    119  CYS  A  146       5.3410   1 0 0 1      8       8    0
R   1232  117  LEU  A  144    120  ILE  A  147       5.4198   1 0 0 1     50      50    0
R   1233  117  LEU  A  144    121  PHE  A  148       7.1340   1 0 0 1     68      68    0
R   1234  117  LEU  A  144    458  LEU  B  226       7.4331   1 0 0 1     82      82    0
R   1235  118  PHE  A  145    114  ALA  A  141       6.0837   1 0 0 0    -21      21    0
R   1236  118  PHE  A  145    115  GLY  A  142       5.3727   1 0 0 0    -10      10    0
R   1237  118  PHE  A  145    116  ARG  A  143       5.5787   1 0 0 0      0       0    0
R   1238  118  PHE  A  145    117  LEU  A  144       3.7903   1 0 0 0    -29      29    0
R   1239  118  PHE  A  145    119  CYS  A  146       3.7808   1 0 0 0    -19      19    0
R   1240  118  PHE  A  145    120  ILE  A  147       5.4294   1 0 0 0      0       0    0
R   1241  118  PHE  A  145    121  PHE  A  148       5.5493   1 0 0 1     25      25    0
R   1242  118  PHE  A  145    122  TYR  A  149       5.9660   1 0 0 1    300     300    0
R   1243  118  PHE  A  145    278  GLY  B   46       9.1030   1 0 0 0      0       0    0
R   1244  118  PHE  A  145    281  VAL  B   49       8.4764   1 0 0 1    218     218    0
R   1245  118  PHE  A  145    282  PHE  B   50       8.4268   1 0 0 1    116     116    0
R   1246  118  PHE  A  145    285  LEU  B   53       9.4197   1 0 0 1     45      45    0
R   1247  119  CYS  A  146     99  ILE  A  126       8.3788   1 0 0 0     -1       1    0
R   1248  119  CYS  A  146    110  LEU  A  137       9.0239   1 0 0 1     44      44    0
R   1249  119  CYS  A  146    115  GLY  A  142       5.9979   1 0 0 0    -46      46    0
R   1250  119  CYS  A  146    116  ARG  A  143       5.0070   1 0 0 0    -30      30    0
R   1251  119  CYS  A  146    117  LEU  A  144       5.3410   1 0 0 0      0       0    0
R   1252  119  CYS  A  146    118  PHE  A  145       3.7808   1 0 0 0    -35      35    0
R   1253  119  CYS  A  146    120  ILE  A  147       3.8160   1 0 0 0     -2       2    0
R   1254  119  CYS  A  146    121  PHE  A  148       5.5718   1 0 0 0      0       0    0
R   1255  119  CYS  A  146    122  TYR  A  149       4.8329   1 0 0 0     -5       5    0
R   1256  119  CYS  A  146    123  ALA  A  150       6.1194   1 0 0 1     97      97    0
R   1257  119  CYS  A  146    282  PHE  B   50       8.5421   1 0 0 1     17      17    0
R   1258  119  CYS  A  146    462  TYR  B  230       8.1056   1 0 0 1      8       8    0
R   1260  119  CYS  A  146    473  PHE  B  241      11.3289   1 0 0 0      0       0    0
R   1261  120  ILE  A  147    116  ARG  A  143       6.4699   1 0 0 0    -54      54    0
R   1262  120  ILE  A  147    117  LEU  A  144       5.4198   1 0 0 0     -4       4    0
R   1263  120  ILE  A  147    118  PHE  A  145       5.4294   1 0 0 0      0       0    0
R   1264  120  ILE  A  147    119  CYS  A  146       3.8160   1 0 0 0    -55      55    0
R   1265  120  ILE  A  147    121  PHE  A  148       3.8123   1 0 0 1     70      70    0
R   1266  120  ILE  A  147    122  TYR  A  149       5.4631   1 0 0 0      0       0    0
R   1267  120  ILE  A  147    123  ALA  A  150       5.4883   1 0 0 0    -12      12    0
R   1268  120  ILE  A  147    124  LEU  A  151       6.2951   1 0 0 1    106     106    0
R   1269  120  ILE  A  147    458  LEU  B  226      10.2382   0 0 0 1      6       6    0
R   1270  120  ILE  A  147    461  ILE  B  229       8.4855   1 0 0 1     84      84    0
R   1271  120  ILE  A  147    462  TYR  B  230       6.4171   1 0 0 1     11      11    0
R   1272  120  ILE  A  147    465  ILE  B  233       6.7253   1 0 0 1    136     136    0
R   1273  120  ILE  A  147    466  VAL  B  234       7.3626   0 0 0 1      3       3    0
R   1274  121  PHE  A  148    117  LEU  A  144       7.1340   1 0 0 1     91      91    0
R   1275  121  PHE  A  148    118  PHE  A  145       5.5493   1 0 0 1      5       5    0
R   1276  121  PHE  A  148    119  CYS  A  146       5.5718   1 0 0 0      0       0    0
R   1277  121  PHE  A  148    120  ILE  A  147       3.8123   1 0 0 1     38      38    0
R   1278  121  PHE  A  148    122  TYR  A  149       3.7700   1 0 0 0     -9       9    0
R   1279  121  PHE  A  148    123  ALA  A  150       5.3337   1 0 0 1      1       1    0
R   1280  121  PHE  A  148    124  LEU  A  151       5.0712   1 0 0 1     37      37    0
R   1281  121  PHE  A  148    125  VAL  A  152       6.1431   1 0 0 1     82      82    0
R   1282  122  TYR  A  149     96  SER  A  123       8.3932   1 0 0 0    -14      14    0
R   1283  122  TYR  A  149     99  ILE  A  126       8.1898   1 0 0 1     89      89    0
R   1284  122  TYR  A  149    100  ILE  A  127       8.1329   1 0 0 1     59      59    0
R   1285  122  TYR  A  149    118  PHE  A  145       5.9660   1 0 0 1     90      90    0
R   1286  122  TYR  A  149    119  CYS  A  146       4.8329   1 0 0 0    -23      23    0
R   1287  122  TYR  A  149    120  ILE  A  147       5.4631   1 0 0 0      0       0    0
R   1288  122  TYR  A  149    121  PHE  A  148       3.7700   1 0 0 0    -30      30    0
R   1289  122  TYR  A  149    123  ALA  A  150       3.7951   1 0 0 0     -9       9    0
R   1290  122  TYR  A  149    124  LEU  A  151       5.8227   1 0 0 0      0       0    0
R   1291  122  TYR  A  149    126  GLY  A  153       5.5594   1 0 0 1     63      63    0
R   1292  122  TYR  A  149    274  TYR  B   42       8.9252   1 0 0 1    249     249    0
R   1293  122  TYR  A  149    275  LEU  B   43       9.5981   1 0 0 0    -14      14    0
R   1295  122  TYR  A  149    278  GLY  B   46       7.3394   1 0 0 0     -2       2    0
R   1296  122  TYR  A  149    282  PHE  B   50      10.3786   0 0 0 1     16      16    0
R   1297  123  ALA  A  150     99  ILE  A  126       6.1610   1 0 0 1     98      98    0
R   1298  123  ALA  A  150    119  CYS  A  146       6.1194   1 0 0 0    -22      22    0
R   1299  123  ALA  A  150    120  ILE  A  147       5.4883   1 0 0 0    -15      15    0
R   1300  123  ALA  A  150    121  PHE  A  148       5.3337   1 0 0 0      0       0    0
R   1301  123  ALA  A  150    122  TYR  A  149       3.7951   1 0 0 0    -37      37    0
R   1302  123  ALA  A  150    124  LEU  A  151       3.8052   1 0 0 0    -11      11    0
R   1303  123  ALA  A  150    125  VAL  A  152       5.2478   1 0 0 0      0       0    0
R   1304  123  ALA  A  150    126  GLY  A  153       4.5123   1 0 0 1      6       6    0
R   1305  123  ALA  A  150    127  ILE  A  154       5.4780   1 0 0 1    171     171    0
R   1306  123  ALA  A  150    128  PRO  A  155       8.3269   1 0 0 0      0       0    0
R   1307  123  ALA  A  150    465  ILE  B  233       8.8377   0 0 0 1     12      12    0
R   1308  123  ALA  A  150    469  THR  B  237       7.8172   0 0 0 1     33      33    0
R   1309  123  ALA  A  150    471  VAL  B  239       8.8035   0 0 0 1     15      15    0
R   1310  124  LEU  A  151    120  ILE  A  147       6.2951   1 0 0 1     22      22    0
R   1311  124  LEU  A  151    121  PHE  A  148       5.0712   1 0 0 1     26      26    0
R   1312  124  LEU  A  151    122  TYR  A  149       5.8227   1 0 0 0      0       0    0
R   1313  124  LEU  A  151    123  ALA  A  150       3.8052   1 0 0 0    -40      40    0
R   1314  124  LEU  A  151    125  VAL  A  152       3.7980   1 0 0 1      9       9    0
R   1315  124  LEU  A  151    126  GLY  A  153       5.6980   1 0 0 0      0       0    0
R   1317  124  LEU  A  151    128  PRO  A  155       7.2683   1 0 0 0   -141     141    0
R   1318  124  LEU  A  151    465  ILE  B  233       8.5171   1 0 0 1     70      70    0
R   1319  124  LEU  A  151    469  THR  B  237       7.8133   1 0 0 1     45      45    0
R   1320  124  LEU  A  151    504  PHE  B  272      10.3848   1 0 0 1    146     146    0
R   1321  124  LEU  A  151    507  VAL  B  275       9.7215   0 0 0 1      3       3    0
R   1322  124  LEU  A  151    508  LEU  B  276       7.6961   0 0 0 1      3       3    0
R   1323  124  LEU  A  151    511  ILE  B  279       8.2687   1 0 0 0    -49      49    0
R   1324  125  VAL  A  152    121  PHE  A  148       6.1431   1 0 0 0    -28      28    0
R   1325  125  VAL  A  152    123  ALA  A  150       5.2478   1 0 0 0      0       0    0
R   1326  125  VAL  A  152    124  LEU  A  151       3.7980   1 0 0 0    -11      11    0
R   1327  125  VAL  A  152    126  GLY  A  153       3.8145   1 0 0 1      1       1    0
R   1328  125  VAL  A  152    127  ILE  A  154       5.9425   1 0 0 0      0       0    0
R   1329  125  VAL  A  152    128  PRO  A  155       6.2225   1 0 0 0    -48      48    0
R   1330  125  VAL  A  152    129  LEU  A  156       6.4284   1 0 0 0    -84      84    0
R   1331  125  VAL  A  152    274  TYR  B   42       9.6700   1 0 0 0    -24      24    0
R   1332  125  VAL  A  152    511  ILE  B  279       7.5483   1 0 0 1     45      45    0
R   1333  125  VAL  A  152    515  LEU  B  283       8.7050   0 0 0 1     62      62    0
R   1334  126  GLY  A  153    100  ILE  A  127       5.0206   1 0 0 0    -23      23    0
R   1335  126  GLY  A  153    122  TYR  A  149       5.5594   1 0 0 1     31      31    0
R   1336  126  GLY  A  153    123  ALA  A  150       4.5123   1 0 0 1     31      31    0
R   1337  126  GLY  A  153    124  LEU  A  151       5.6980   1 0 0 0      0       0    0
R   1338  126  GLY  A  153    125  VAL  A  152       3.8145   1 0 0 0    -32      32    0
R   1339  126  GLY  A  153    127  ILE  A  154       3.7953   1 0 0 1     20      20    0
R   1340  126  GLY  A  153    128  PRO  A  155       5.7528   1 0 0 0      0       0    0
R   1341  126  GLY  A  153    129  LEU  A  156       5.1392   1 0 0 0     -5       5    0
R   1342  126  GLY  A  153    130  PHE  A  157       6.0677   1 0 0 1    103     103    0
R   1343  126  GLY  A  153    274  TYR  B   42       7.6155   1 0 0 0      0       0    0
R   1344  127  ILE  A  154     99  ILE  A  126       7.2665   1 0 0 0    -60      60    0
R   1345  127  ILE  A  154    100  ILE  A  127       4.2129   1 0 0 0    -47      47    0
R   1346  127  ILE  A  154    102  THR  A  129       6.9932   1 0 0 1    113     113    0
R   1347  127  ILE  A  154    123  ALA  A  150       5.4780   1 0 0 1     33      33    0
R   1348  127  ILE  A  154    125  VAL  A  152       5.9425   1 0 0 0      0       0    0
R   1349  127  ILE  A  154    126  GLY  A  153       3.7953   1 0 0 0      0       0    0
R   1350  127  ILE  A  154    128  PRO  A  155       3.7871   1 0 0 0    -47      47    0
R   1351  127  ILE  A  154    129  LEU  A  156       5.3450   1 0 0 0      0       0    0
R   1352  127  ILE  A  154    130  PHE  A  157       5.0399   1 0 0 1      7       7    0
R   1353  127  ILE  A  154    131  GLY  A  158       5.9887   1 0 0 1    145     145    0
R   1354  127  ILE  A  154    469  THR  B  237       8.0691   1 0 0 1     33      33    0
R   1355  127  ILE  A  154    471  VAL  B  239       9.6038   1 0 0 1      7       7    0
R   1356  127  ILE  A  154    508  LEU  B  276       7.8107   1 0 0 1     88      88    0
R   1357  128  PRO  A  155    123  ALA  A  150       8.3269   1 0 0 0      0       0    0
R   1358  128  PRO  A  155    124  LEU  A  151       7.2683   1 0 0 0   -118     118    0
R   1359  128  PRO  A  155    125  VAL  A  152       6.2225   1 0 0 0    -37      37    0
R   1360  128  PRO  A  155    126  GLY  A  153       5.7528   1 0 0 0      0       0    0
R   1361  128  PRO  A  155    127  ILE  A  154       3.7871   1 0 0 0    -51      51    0
R   1362  128  PRO  A  155    129  LEU  A  156       3.7975   1 0 0 0     -7       7    0
R   1363  128  PRO  A  155    130  PHE  A  157       5.3035   1 0 0 0      0       0    0
R   1364  128  PRO  A  155    131  GLY  A  158       4.8181   1 0 0 1      3       3    0
R   1365  128  PRO  A  155    132  ILE  A  159       6.2586   1 0 0 1     53      53    0
R   1366  128  PRO  A  155    508  LEU  B  276       6.0166   1 0 0 0    -15      15    0
R   1367  128  PRO  A  155    511  ILE  B  279       6.5124   1 0 0 1    133     133    0
R   1368  128  PRO  A  155    512  GLY  B  280       4.9082   1 0 0 0    -16      16    0
R   1369  128  PRO  A  155    515  LEU  B  283       7.8523   1 0 0 1     66      66    0
R   1370  129  LEU  A  156    125  VAL  A  152       6.4284   1 0 0 0    -59      59    0
R   1371  129  LEU  A  156    126  GLY  A  153       5.1392   1 0 0 0    -16      16    0
R   1372  129  LEU  A  156    127  ILE  A  154       5.3450   1 0 0 0      0       0    0
R   1373  129  LEU  A  156    128  PRO  A  155       3.7975   1 0 0 0    -89      89    0
R   1374  129  LEU  A  156    130  PHE  A  157       3.7840   1 0 0 0    -13      13    0
R   1375  129  LEU  A  156    131  GLY  A  158       5.5223   1 0 0 0      0       0    0
R   1376  129  LEU  A  156    132  ILE  A  159       5.4275   1 0 0 0     -1       1    0
R   1377  129  LEU  A  156    133  LEU  A  160       6.5905   1 0 0 1     84      84    0
R   1378  129  LEU  A  156    267  LEU  B   35       8.7206   1 0 0 1     67      67    0
R   1379  129  LEU  A  156    270  LEU  B   38       9.3104   1 0 0 1    175     175    0
R   1380  129  LEU  A  156    271  VAL  B   39       7.3702   1 0 0 1     63      63    0
R   1381  129  LEU  A  156    274  TYR  B   42       9.2238   1 0 0 1    151     151    0
R   1382  129  LEU  A  156    515  LEU  B  283       6.8569   1 0 0 1     60      60    0
R   1383  130  PHE  A  157    100  ILE  A  127       6.0094   1 0 0 1     31      31    0
R   1384  130  PHE  A  157    101  THR  A  128       6.8605   1 0 0 1    115     115    0
R   1385  130  PHE  A  157    126  GLY  A  153       6.0677   1 0 0 0    -25      25    0
R   1386  130  PHE  A  157    127  ILE  A  154       5.0399   1 0 0 0    -15      15    0
R   1387  130  PHE  A  157    128  PRO  A  155       5.3035   1 0 0 0      0       0    0
R   1388  130  PHE  A  157    129  LEU  A  156       3.7840   1 0 0 0    -36      36    0
R   1389  130  PHE  A  157    131  GLY  A  158       3.8111   1 0 0 0     -8       8    0
R   1390  130  PHE  A  157    132  ILE  A  159       5.3265   1 0 0 0      0       0    0
R   1391  130  PHE  A  157    133  LEU  A  160       5.0290   1 0 0 1     43      43    0
R   1392  130  PHE  A  157    134  LEU  A  161       5.9059   1 0 0 1    296     296    0
R   1393  130  PHE  A  157    239  LEU  A  266      10.0661   1 0 0 1    133     133    0
R   1394  130  PHE  A  157    242  LEU  A  269      11.1088   1 0 0 1     41      41    0
R   1395  130  PHE  A  157    271  VAL  B   39       6.9991   0 0 0 1     44      44    0
R   1396  131  GLY  A  158    127  ILE  A  154       5.9887   1 0 0 1     69      69    0
R   1397  131  GLY  A  158    128  PRO  A  155       4.8181   1 0 0 1      2       2    0
R   1398  131  GLY  A  158    129  LEU  A  156       5.5223   1 0 0 0      0       0    0
R   1399  131  GLY  A  158    130  PHE  A  157       3.8111   1 0 0 0    -20      20    0
R   1400  131  GLY  A  158    132  ILE  A  159       3.7969   1 0 0 1     10      10    0
R   1401  131  GLY  A  158    133  LEU  A  160       5.4924   1 0 0 0      0       0    0
R   1402  131  GLY  A  158    134  LEU  A  161       4.8412   1 0 0 0      0       0    0
R   1403  131  GLY  A  158    135  ALA  A  162       6.0642   1 0 0 1    163     163    0
R   1404  132  ILE  A  159    128  PRO  A  155       6.2586   1 0 0 0    -59      59    0
R   1405  132  ILE  A  159    129  LEU  A  156       5.4275   1 0 0 0    -28      28    0
R   1406  132  ILE  A  159    130  PHE  A  157       5.3265   1 0 0 0      0       0    0
R   1407  132  ILE  A  159    131  GLY  A  158       3.7969   1 0 0 0    -29      29    0
R   1408  132  ILE  A  159    133  LEU  A  160       3.7973   1 0 0 0     -7       7    0
R   1409  132  ILE  A  159    134  LEU  A  161       5.2303   1 0 0 1      1       1    0
R   1410  132  ILE  A  159    135  ALA  A  162       5.1377   1 0 0 1      1       1    0
R   1411  132  ILE  A  159    136  GLY  A  163       6.1776   1 0 0 1    113     113    0
R   1412  132  ILE  A  159    267  LEU  B   35       8.5295   1 0 0 1     85      85    0
R   1413  132  ILE  A  159    512  GLY  B  280       7.0096   1 0 0 0    -77      77    0
R   1414  132  ILE  A  159    515  LEU  B  283       8.7280   0 0 0 1     20      20    0
R   1415  132  ILE  A  159    516  ARG  B  284       7.8796   1 0 0 0    -90      90    0
R   1416  133  LEU  A  160    129  LEU  A  156       6.5905   1 0 0 0    -19      19    0
R   1417  133  LEU  A  160    130  PHE  A  157       5.0290   1 0 0 1      6       6    0
R   1418  133  LEU  A  160    131  GLY  A  158       5.4924   1 0 0 0      0       0    0
R   1419  133  LEU  A  160    132  ILE  A  159       3.7973   1 0 0 0    -36      36    0
R   1420  133  LEU  A  160    134  LEU  A  161       3.7569   1 0 0 0    -18      18    0
R   1421  133  LEU  A  160    135  ALA  A  162       5.5681   1 0 0 0      0       0    0
R   1422  133  LEU  A  160    136  GLY  A  163       4.9730   1 0 0 1      7       7    0
R   1423  133  LEU  A  160    137  VAL  A  164       6.1504   1 0 0 1    152     152    0
R   1424  133  LEU  A  160    239  LEU  A  266       9.7344   1 0 0 1     95      95    0
R   1425  133  LEU  A  160    264  LEU  B   32       7.0321   0 0 0 1      4       4    0
R   1426  133  LEU  A  160    267  LEU  B   35       6.1505   1 0 0 1     27      27    0
R   1427  133  LEU  A  160    268  LEU  B   36       6.9326   1 0 0 1     34      34    0
R   1428  133  LEU  A  160    271  VAL  B   39       8.0002   1 0 0 1     79      79    0
R   1429  134  LEU  A  161    130  PHE  A  157       5.9059   1 0 0 1     78      78    0
R   1430  134  LEU  A  161    131  GLY  A  158       4.8412   1 0 0 0    -35      35    0
R   1431  134  LEU  A  161    132  ILE  A  159       5.2303   1 0 0 0      0       0    0
R   1432  134  LEU  A  161    133  LEU  A  160       3.7569   1 0 0 0    -35      35    0
R   1433  134  LEU  A  161    135  ALA  A  162       3.7956   1 0 0 0     -6       6    0
R   1434  134  LEU  A  161    136  GLY  A  163       5.1950   1 0 0 0      0       0    0
R   1435  134  LEU  A  161    137  VAL  A  164       5.0187   1 0 0 1      7       7    0
R   1436  134  LEU  A  161    138  GLY  A  165       5.8674   1 0 0 1    188     188    0
R   1437  134  LEU  A  161    239  LEU  A  266       7.6817   1 0 0 0    -18      18    0
R   1438  134  LEU  A  161    242  LEU  A  269       7.8497   1 0 0 0      0       0    0
R   1439  134  LEU  A  161    243  ALA  A  270       6.0234   1 0 0 0    -34      34    0
R   1440  134  LEU  A  161    246  ALA  A  273       8.5279   1 0 0 1     52      52    0
R   1441  135  ALA  A  162    131  GLY  A  158       6.0642   1 0 0 1      1       1    0
R   1442  135  ALA  A  162    132  ILE  A  159       5.1377   1 0 0 0    -12      12    0
R   1443  135  ALA  A  162    133  LEU  A  160       5.5681   1 0 0 0      0       0    0
R   1444  135  ALA  A  162    134  LEU  A  161       3.7956   1 0 0 0    -12      12    0
R   1445  135  ALA  A  162    136  GLY  A  163       3.8091   1 0 0 0    -10      10    0
R   1446  135  ALA  A  162    137  VAL  A  164       5.5320   1 0 0 0      0       0    0
R   1447  135  ALA  A  162    138  GLY  A  165       4.9234   1 0 0 1      8       8    0
R   1448  135  ALA  A  162    139  ASP  A  166       6.2143   1 0 0 1    106     106    0
R   1449  136  GLY  A  163    132  ILE  A  159       6.1776   1 0 0 1     52      52    0
R   1450  136  GLY  A  163    133  LEU  A  160       4.9730   1 0 0 0      0       0    0
R   1451  136  GLY  A  163    134  LEU  A  161       5.1950   1 0 0 0      0       0    0
R   1452  136  GLY  A  163    135  ALA  A  162       3.8091   1 0 0 0    -49      49    0
R   1453  136  GLY  A  163    137  VAL  A  164       3.7933   1 0 0 1     12      12    0
R   1454  136  GLY  A  163    138  GLY  A  165       5.4193   1 0 0 0      0       0    0
R   1455  136  GLY  A  163    139  ASP  A  166       5.3269   1 0 0 0    -13      13    0
R   1456  136  GLY  A  163    140  ARG  A  167       6.2726   1 0 0 1    103     103    0
R   1457  136  GLY  A  163    264  LEU  B   32       6.4025   1 0 0 0    -10      10    0
R   1459  137  VAL  A  164    133  LEU  A  160       6.1504   1 0 0 1     46      46    0
R   1460  137  VAL  A  164    134  LEU  A  161       5.0187   1 0 0 0    -14      14    0
R   1461  137  VAL  A  164    135  ALA  A  162       5.5320   1 0 0 0      0       0    0
R   1462  137  VAL  A  164    136  GLY  A  163       3.7933   1 0 0 0    -12      12    0
R   1463  137  VAL  A  164    138  GLY  A  165       3.8073   1 0 0 0    -10      10    0
R   1464  137  VAL  A  164    139  ASP  A  166       5.3758   1 0 0 0      0       0    0
R   1465  137  VAL  A  164    140  ARG  A  167       4.9544   1 0 0 1      9       9    0
R   1466  137  VAL  A  164    141  LEU  A  168       5.8229   1 0 0 1    186     186    0
R   1467  137  VAL  A  164    239  LEU  A  266       8.3887   1 0 0 1     70      70    0
R   1468  137  VAL  A  164    240  LEU  A  267       7.5729   1 0 0 1    103     103    0
R   1469  137  VAL  A  164    243  ALA  A  270       6.5320   1 0 0 1     56      56    0
R   1470  137  VAL  A  164    264  LEU  B   32       7.3218   1 0 0 1     72      72    0
R   1471  137  VAL  A  164    268  LEU  B   36       9.3480   0 0 0 1     20      20    0
R   1472  138  GLY  A  165    134  LEU  A  161       5.8674   1 0 0 1     67      67    0
R   1473  138  GLY  A  165    135  ALA  A  162       4.9234   1 0 0 0      0       0    0
R   1474  138  GLY  A  165    136  GLY  A  163       5.4193   1 0 0 0      0       0    0
R   1475  138  GLY  A  165    137  VAL  A  164       3.8073   1 0 0 0    -23      23    0
R   1476  138  GLY  A  165    139  ASP  A  166       3.7971   1 0 0 1     14      14    0
R   1477  138  GLY  A  165    140  ARG  A  167       5.5718   1 0 0 0      0       0    0
R   1478  138  GLY  A  165    141  LEU  A  168       5.2431   1 0 0 0     -5       5    0
R   1479  138  GLY  A  165    142  GLY  A  169       5.8956   1 0 0 1    150     150    0
R   1480  138  GLY  A  165    146  ARG  A  173      11.7281   0 0 0 1      1       1    0
R   1481  138  GLY  A  165    243  ALA  A  270       4.7185   1 0 0 0     -4       4    0
R   1482  138  GLY  A  165    247  SER  A  274       6.5415   0 0 0 1     27      27    0
R   1483  139  ASP  A  166    135  ALA  A  162       6.2143   1 0 0 0    -15      15    0
R   1484  139  ASP  A  166    136  GLY  A  163       5.3269   1 0 0 0    -31      31    0
R   1485  139  ASP  A  166    137  VAL  A  164       5.3758   1 0 0 0      0       0    0
R   1486  139  ASP  A  166    138  GLY  A  165       3.7971   1 0 0 0    -31      31    0
R   1487  139  ASP  A  166    140  ARG  A  167       3.8113   1 0 0 0     -5       5    0
R   1488  139  ASP  A  166    141  LEU  A  168       5.5084   1 0 0 0      0       0    0
R   1489  139  ASP  A  166    142  GLY  A  169       5.1322   1 0 0 0      0       0    0
R   1490  139  ASP  A  166    143  SER  A  170       6.1249   1 0 0 1    123     123    0
R   1491  139  ASP  A  166    146  ARG  A  173      10.2612   0 0 0 1      7       7    0
R   1492  140  ARG  A  167    136  GLY  A  163       6.2726   1 0 0 0    -17      17    0
R   1493  140  ARG  A  167    137  VAL  A  164       4.9544   1 0 0 0     -8       8    0
R   1494  140  ARG  A  167    138  GLY  A  165       5.5718   1 0 0 0      0       0    0
R   1495  140  ARG  A  167    139  ASP  A  166       3.8113   1 0 0 0    -32      32    0
R   1496  140  ARG  A  167    141  LEU  A  168       3.8210   1 0 0 0    -11      11    0
R   1497  140  ARG  A  167    142  GLY  A  169       5.5991   1 0 0 0      0       0    0
R   1498  140  ARG  A  167    143  SER  A  170       5.1894   1 0 0 1     14      14    0
R   1499  140  ARG  A  167    144  SER  A  171       6.5458   1 0 0 1    179     179    0
R   1501  140  ARG  A  167    261  SER  B   29       8.3401   1 0 0 1    121     121    0
R   1502  140  ARG  A  167    264  LEU  B   32       8.6899   1 0 0 1     33      33    0
R   1504  141  LEU  A  168    137  VAL  A  164       5.8229   1 0 0 1     14      14    0
R   1505  141  LEU  A  168    138  GLY  A  165       5.2431   1 0 0 0    -11      11    0
R   1506  141  LEU  A  168    139  ASP  A  166       5.5084   1 0 0 0      0       0    0
R   1507  141  LEU  A  168    140  ARG  A  167       3.8210   1 0 0 0    -16      16    0
R   1508  141  LEU  A  168    142  GLY  A  169       3.8161   1 0 0 0     -5       5    0
R   1509  141  LEU  A  168    143  SER  A  170       5.2472   1 0 0 0      0       0    0
R   1510  141  LEU  A  168    144  SER  A  171       5.1333   1 0 0 1     12      12    0
R   1511  141  LEU  A  168    145  LEU  A  172       6.1569   1 0 0 1    210     210    0
R   1512  141  LEU  A  168    182  PHE  A  209      12.4298   1 0 0 1    143     143    0
R   1513  141  LEU  A  168    240  LEU  A  267       7.8314   0 0 0 1     14      14    0
R   1514  141  LEU  A  168    243  ALA  A  270       7.8458   1 0 0 1     23      23    0
R   1515  141  LEU  A  168    244  TYR  A  271       7.7484   1 0 0 0    -26      26    0
R   1516  142  GLY  A  169    138  GLY  A  165       5.8956   1 0 0 1     70      70    0
R   1517  142  GLY  A  169    139  ASP  A  166       5.1322   1 0 0 0      0       0    0
R   1518  142  GLY  A  169    140  ARG  A  167       5.5991   1 0 0 0      0       0    0
R   1519  142  GLY  A  169    141  LEU  A  168       3.8161   1 0 0 0    -18      18    0
R   1520  142  GLY  A  169    143  SER  A  170       3.8080   1 0 0 1      7       7    0
R   1521  142  GLY  A  169    144  SER  A  171       5.5490   1 0 0 0      0       0    0
R   1522  142  GLY  A  169    145  LEU  A  172       4.9793   1 0 0 1      1       1    0
R   1523  142  GLY  A  169    146  ARG  A  173       5.8387   1 0 0 1    187     187    0
R   1526  143  SER  A  170    139  ASP  A  166       6.1249   1 0 0 1     24      24    0
R   1527  143  SER  A  170    140  ARG  A  167       5.1894   1 0 0 1     19      19    0
R   1528  143  SER  A  170    141  LEU  A  168       5.2472   1 0 0 0      0       0    0
R   1529  143  SER  A  170    142  GLY  A  169       3.8080   1 0 0 0    -27      27    0
R   1530  143  SER  A  170    144  SER  A  171       3.8346   1 0 0 1     30      30    0
R   1531  143  SER  A  170    145  LEU  A  172       5.3382   1 0 0 1      1       1    0
R   1532  143  SER  A  170    146  ARG  A  173       5.1894   1 0 0 0     -8       8    0
R   1533  143  SER  A  170    147  HIS  A  174       5.7399   1 0 0 1     92      92    0
R   1534  144  SER  A  171    140  ARG  A  167       6.5458   1 0 0 1    101     101    0
R   1535  144  SER  A  171    141  LEU  A  168       5.1333   1 0 0 1      5       5    0
R   1536  144  SER  A  171    142  GLY  A  169       5.5490   1 0 0 0      0       0    0
R   1537  144  SER  A  171    143  SER  A  170       3.8346   1 0 0 0    -12      12    0
R   1538  144  SER  A  171    145  LEU  A  172       3.7849   1 0 0 0    -16      16    0
R   1539  144  SER  A  171    146  ARG  A  173       5.7560   1 0 0 0      0       0    0
R   1540  144  SER  A  171    147  HIS  A  174       5.1571   1 0 0 0     -8       8    0
R   1541  144  SER  A  171    148  GLY  A  175       6.2698   1 0 0 1     89      89    0
R   1542  145  LEU  A  172    141  LEU  A  168       6.1569   1 0 0 1     63      63    0
R   1543  145  LEU  A  172    142  GLY  A  169       4.9793   1 0 0 0    -31      31    0
R   1544  145  LEU  A  172    143  SER  A  170       5.3382   1 0 0 0      0       0    0
R   1545  145  LEU  A  172    144  SER  A  171       3.7849   1 0 0 0    -27      27    0
R   1546  145  LEU  A  172    146  ARG  A  173       3.7989   1 0 0 0    -10      10    0
R   1547  145  LEU  A  172    147  HIS  A  174       5.3667   1 0 0 0      0       0    0
R   1548  145  LEU  A  172    148  GLY  A  175       5.3500   1 0 0 1     85      85    0
R   1549  145  LEU  A  172    149  ILE  A  176       6.3204   1 0 0 1     42      42    0
R   1550  145  LEU  A  172    174  PHE  A  201       6.6522   1 0 0 1    105     105    0
R   1551  145  LEU  A  172    177  ILE  A  204       8.5793   1 0 0 1    151     151    0
R   1553  145  LEU  A  172    181  LEU  A  208      11.5369   0 0 0 1     25      25    0
R   1554  145  LEU  A  172    182  PHE  A  209      12.8187   0 0 0 1      9       9    0
R   1555  145  LEU  A  172    244  TYR  A  271      10.0131   0 0 0 1     51      51    0
R   1556  146  ARG  A  173    139  ASP  A  166      10.2612   0 0 0 1      9       9    0
R   1557  146  ARG  A  173    142  GLY  A  169       5.8387   1 0 0 1     30      30    0
R   1558  146  ARG  A  173    143  SER  A  170       5.1894   1 0 0 0    -11      11    0
R   1559  146  ARG  A  173    144  SER  A  171       5.7560   1 0 0 0      0       0    0
R   1560  146  ARG  A  173    145  LEU  A  172       3.7989   1 0 0 0    -16      16    0
R   1561  146  ARG  A  173    147  HIS  A  174       3.8273   1 0 0 0     -7       7    0
R   1562  146  ARG  A  173    148  GLY  A  175       5.5254   1 0 0 0      0       0    0
R   1563  146  ARG  A  173    149  ILE  A  176       5.0336   1 0 0 1     11      11    0
R   1564  146  ARG  A  173    150  GLY  A  177       6.2892   1 0 0 1    109     109    0
R   1566  146  ARG  A  173    174  PHE  A  201       6.7539   1 0 0 0   -104     104    0
R   1569  147  HIS  A  174    143  SER  A  170       5.7399   1 0 0 0    -51      51    0
R   1570  147  HIS  A  174    144  SER  A  171       5.1571   1 0 0 0    -15      15    0
R   1571  147  HIS  A  174    145  LEU  A  172       5.3667   1 0 0 0      0       0    0
R   1572  147  HIS  A  174    146  ARG  A  173       3.8273   1 0 0 0    -37      37    0
R   1573  147  HIS  A  174    148  GLY  A  175       3.8072   1 0 0 1     11      11    0
R   1574  147  HIS  A  174    149  ILE  A  176       5.4270   1 0 0 0      0       0    0
R   1575  147  HIS  A  174    150  GLY  A  177       5.0653   1 0 0 1     58      58    0
R   1577  148  GLY  A  175    144  SER  A  171       6.2698   1 0 0 1     33      33    0
R   1578  148  GLY  A  175    145  LEU  A  172       5.3500   1 0 0 1     23      23    0
R   1579  148  GLY  A  175    146  ARG  A  173       5.5254   1 0 0 0      0       0    0
R   1580  148  GLY  A  175    147  HIS  A  174       3.8072   1 0 0 0    -19      19    0
R   1581  148  GLY  A  175    149  ILE  A  176       3.7906   1 0 0 1      5       5    0
R   1582  148  GLY  A  175    150  GLY  A  177       5.1689   1 0 0 1     19      19    0
R   1583  148  GLY  A  175    151  HIS  A  178       6.1266   1 0 0 1      3       3    0
R   1585  149  ILE  A  176    145  LEU  A  172       6.3204   1 0 0 0    -36      36    0
R   1586  149  ILE  A  176    146  ARG  A  173       5.0336   1 0 0 0    -16      16    0
R   1587  149  ILE  A  176    147  HIS  A  174       5.4270   1 0 0 0      0       0    0
R   1588  149  ILE  A  176    148  GLY  A  175       3.7906   1 0 0 0    -18      18    0
R   1589  149  ILE  A  176    150  GLY  A  177       3.8249   1 0 0 1      2       2    0
R   1590  149  ILE  A  176    151  HIS  A  178       5.4778   1 0 0 0      0       0    0
R   1591  149  ILE  A  176    152  ILE  A  179       5.3661   1 0 0 1     45      45    0
R   1592  149  ILE  A  176    153  GLU  A  180       6.1337   1 0 0 1     33      33    0
R   1593  149  ILE  A  176    156  PHE  A  183      10.6067   0 0 0 1      3       3    0
R   1594  149  ILE  A  176    170  SER  A  197       6.5205   1 0 0 0    -32      32    0
R   1595  149  ILE  A  176    173  LEU  A  200       7.6180   1 0 0 1     88      88    0
R   1596  149  ILE  A  176    174  PHE  A  201       7.2956   1 0 0 1     21      21    0
R   1597  149  ILE  A  176    177  ILE  A  204       9.6083   0 0 0 1     48      48    0
R   1598  150  GLY  A  177    146  ARG  A  173       6.2892   1 0 0 1     28      28    0
R   1599  150  GLY  A  177    147  HIS  A  174       5.0653   1 0 0 1      3       3    0
R   1600  150  GLY  A  177    148  GLY  A  175       5.1689   1 0 0 1      4       4    0
R   1601  150  GLY  A  177    149  ILE  A  176       3.8249   1 0 0 0    -33      33    0
R   1602  150  GLY  A  177    151  HIS  A  178       3.8088   1 0 0 1     12      12    0
R   1603  150  GLY  A  177    152  ILE  A  179       5.4641   1 0 0 0      0       0    0
R   1604  150  GLY  A  177    153  GLU  A  180       4.7660   1 0 0 1     11      11    0
R   1605  150  GLY  A  177    154  ALA  A  181       6.1311   1 0 0 1    116     116    0
R   1607  151  HIS  A  178    148  GLY  A  175       6.1266   1 0 0 0    -76      76    0
R   1608  151  HIS  A  178    149  ILE  A  176       5.4778   1 0 0 1      1       1    0
R   1609  151  HIS  A  178    150  GLY  A  177       3.8088   1 0 0 0    -18      18    0
R   1610  151  HIS  A  178    152  ILE  A  179       3.8258   1 0 0 0     -3       3    0
R   1611  151  HIS  A  178    153  GLU  A  180       5.3594   1 0 0 0      0       0    0
R   1612  151  HIS  A  178    154  ALA  A  181       5.0903   1 0 0 0    -39      39    0
R   1613  151  HIS  A  178    155  ILE  A  182       6.5958   1 0 0 1     49      49    0
R   1615  152  ILE  A  179    149  ILE  A  176       5.3661   1 0 0 0    -21      21    0
R   1616  152  ILE  A  179    150  GLY  A  177       5.4641   1 0 0 0      0       0    0
R   1617  152  ILE  A  179    151  HIS  A  178       3.8258   1 0 0 0    -12      12    0
R   1618  152  ILE  A  179    153  GLU  A  180       3.8315   1 0 0 0    -10      10    0
R   1619  152  ILE  A  179    154  ALA  A  181       5.2615   1 0 0 0      0       0    0
R   1620  152  ILE  A  179    155  ILE  A  182       4.9288   1 0 0 1     44      44    0
R   1621  152  ILE  A  179    156  PHE  A  183       6.3368   1 0 0 1    267     267    0
R   1622  152  ILE  A  179    173  LEU  A  200       9.6756   1 0 0 1    129     129    0
R   1624  153  GLU  A  180    149  ILE  A  176       6.1337   1 0 0 0    -90      90    0
R   1625  153  GLU  A  180    150  GLY  A  177       4.7660   1 0 0 0     -4       4    0
R   1626  153  GLU  A  180    151  HIS  A  178       5.3594   1 0 0 0      0       0    0
R   1627  153  GLU  A  180    152  ILE  A  179       3.8315   1 0 0 0    -36      36    0
R   1628  153  GLU  A  180    154  ALA  A  181       3.8153   1 0 0 0     -1       1    0
R   1629  153  GLU  A  180    155  ILE  A  182       5.3336   1 0 0 0      0       0    0
R   1630  153  GLU  A  180    156  PHE  A  183       5.0633   1 0 0 1      6       6    0
R   1631  153  GLU  A  180    157  LEU  A  184       6.2034   1 0 0 1     75      75    0
R   1632  153  GLU  A  180    166  VAL  A  193       6.3454   1 0 0 1     84      84    0
R   1633  153  GLU  A  180    167  ARG  A  194       7.9885   0 0 0 1     46      46    0
R   1634  153  GLU  A  180    170  SER  A  197       6.9279   1 0 0 1      3       3    0
R   1635  154  ALA  A  181    150  GLY  A  177       6.1311   1 0 0 1      1       1    0
R   1636  154  ALA  A  181    151  HIS  A  178       5.0903   1 0 0 0    -49      49    0
R   1637  154  ALA  A  181    152  ILE  A  179       5.2615   1 0 0 0      0       0    0
R   1638  154  ALA  A  181    153  GLU  A  180       3.8153   1 0 0 0    -33      33    0
R   1639  154  ALA  A  181    155  ILE  A  182       3.8200   1 0 0 0      0       0    0
R   1640  154  ALA  A  181    156  PHE  A  183       5.5206   1 0 0 0      0       0    0
R   1641  154  ALA  A  181    157  LEU  A  184       5.1671   1 0 0 0     -3       3    0
R   1642  154  ALA  A  181    158  LYS  A  185       6.3614   1 0 0 1     56      56    0
R   1643  155  ILE  A  182    151  HIS  A  178       6.5958   1 0 0 0    -54      54    0
R   1644  155  ILE  A  182    152  ILE  A  179       4.9288   1 0 0 0     -8       8    0
R   1645  155  ILE  A  182    153  GLU  A  180       5.3336   1 0 0 0      0       0    0
R   1646  155  ILE  A  182    154  ALA  A  181       3.8200   1 0 0 0    -35      35    0
R   1647  155  ILE  A  182    156  PHE  A  183       3.8296   1 0 0 1     12      12    0
R   1648  155  ILE  A  182    157  LEU  A  184       5.4638   1 0 0 0      0       0    0
R   1649  155  ILE  A  182    158  LYS  A  185       5.2135   1 0 0 1     11      11    0
R   1650  155  ILE  A  182    159  TRP  A  186       6.3677   1 0 0 1    241     241    0
R   1651  156  PHE  A  183    152  ILE  A  179       6.3368   1 0 0 1    133     133    0
R   1652  156  PHE  A  183    153  GLU  A  180       5.0633   1 0 0 0    -21      21    0
R   1653  156  PHE  A  183    154  ALA  A  181       5.5206   1 0 0 0      0       0    0
R   1654  156  PHE  A  183    155  ILE  A  182       3.8296   1 0 0 0    -15      15    0
R   1655  156  PHE  A  183    157  LEU  A  184       3.8244   1 0 0 0    -11      11    0
R   1656  156  PHE  A  183    158  LYS  A  185       5.4244   1 0 0 0      0       0    0
R   1657  156  PHE  A  183    159  TRP  A  186       4.9654   1 0 0 1    170     170    0
R   1658  156  PHE  A  183    160  HIS  A  187       6.5889   1 0 0 0      0       0    0
R   1659  156  PHE  A  183    161  VAL  A  188       5.6704   1 0 0 1    125     125    0
R   1660  156  PHE  A  183    166  VAL  A  193       6.3596   1 0 0 1    130     130    0
R   1661  156  PHE  A  183    169  LEU  A  196       9.0990   1 0 0 1    190     190    0
R   1663  156  PHE  A  183    173  LEU  A  200      12.4981   1 0 0 1     52      52    0
R   1664  157  LEU  A  184    153  GLU  A  180       6.2034   1 0 0 0    -23      23    0
R   1665  157  LEU  A  184    154  ALA  A  181       5.1671   1 0 0 0    -19      19    0
R   1666  157  LEU  A  184    155  ILE  A  182       5.4638   1 0 0 0      0       0    0
R   1667  157  LEU  A  184    156  PHE  A  183       3.8244   1 0 0 0    -24      24    0
R   1668  157  LEU  A  184    158  LYS  A  185       3.8004   1 0 0 0    -10      10    0
R   1669  157  LEU  A  184    159  TRP  A  186       5.3148   1 0 0 0      0       0    0
R   1670  157  LEU  A  184    160  HIS  A  187       5.0975   1 0 0 1     39      39    0
R   1672  157  LEU  A  184    163  PRO  A  190       6.6905   1 0 0 1     91      91    0
R   1673  157  LEU  A  184    166  VAL  A  193       7.1723   1 0 0 1    107     107    0
R   1675  158  LYS  A  185    154  ALA  A  181       6.3614   1 0 0 0    -36      36    0
R   1676  158  LYS  A  185    155  ILE  A  182       5.2135   1 0 0 0    -25      25    0
R   1677  158  LYS  A  185    156  PHE  A  183       5.4244   1 0 0 0      0       0    0
R   1678  158  LYS  A  185    157  LEU  A  184       3.8004   1 0 0 0    -31      31    0
R   1679  158  LYS  A  185    159  TRP  A  186       3.8281   1 0 0 1     19      19    0
R   1680  158  LYS  A  185    160  HIS  A  187       5.1885   1 0 0 1    152     152    0
R   1681  159  TRP  A  186    155  ILE  A  182       6.3677   1 0 0 1    114     114    0
R   1682  159  TRP  A  186    156  PHE  A  183       4.9654   1 0 0 1     83      83    0
R   1683  159  TRP  A  186    157  LEU  A  184       5.3148   1 0 0 0      0       0    0
R   1684  159  TRP  A  186    158  LYS  A  185       3.8281   1 0 0 0    -15      15    0
R   1685  159  TRP  A  186    160  HIS  A  187       3.8212   1 0 0 0    -18      18    0
R   1686  159  TRP  A  186    161  VAL  A  188       5.4362   1 0 0 1     48      48    0
R   1687  160  HIS  A  187    156  PHE  A  183       6.5889   1 0 0 0      0       0    0
R   1688  160  HIS  A  187    157  LEU  A  184       5.0975   1 0 0 1      7       7    0
R   1689  160  HIS  A  187    158  LYS  A  185       5.1885   1 0 0 1     51      51    0
R   1690  160  HIS  A  187    159  TRP  A  186       3.8212   1 0 0 0    -43      43    0
R   1691  160  HIS  A  187    161  VAL  A  188       3.7883   1 0 0 0      0       0    0
R   1692  160  HIS  A  187    162  PRO  A  189       6.0525   1 0 0 0    -24      24    0
R   1693  161  VAL  A  188    156  PHE  A  183       5.6704   1 0 0 0    -53      53    0
R   1695  161  VAL  A  188    159  TRP  A  186       5.4362   1 0 0 1     32      32    0
R   1696  161  VAL  A  188    160  HIS  A  187       3.7883   1 0 0 0    -34      34    0
R   1697  161  VAL  A  188    162  PRO  A  189       3.8198   1 0 0 0    -54      54    0
R   1698  161  VAL  A  188    163  PRO  A  190       6.3572   1 0 0 0     -5       5    0
R   1699  161  VAL  A  188    165  LEU  A  192       6.8793   1 0 0 1     84      84    0
R   1700  161  VAL  A  188    166  VAL  A  193       6.5087   1 0 0 0     -1       1    0
R   1701  161  VAL  A  188    169  LEU  A  196      10.1542   0 0 0 1     58      58    0
R   1702  162  PRO  A  189    160  HIS  A  187       6.0525   1 0 0 0    -24      24    0
R   1703  162  PRO  A  189    161  VAL  A  188       3.8198   1 0 0 1     27      27    0
R   1704  162  PRO  A  189    163  PRO  A  190       3.7991   1 0 0 1      1       1    0
R   1705  162  PRO  A  189    164  GLU  A  191       5.2747   1 0 0 0    -32      32    0
R   1706  162  PRO  A  189    165  LEU  A  192       5.5058   1 0 0 1    110     110    0
R   1707  162  PRO  A  189    166  VAL  A  193       6.2247   1 0 0 1     98      98    0
R   1708  163  PRO  A  190    157  LEU  A  184       6.6905   1 0 0 1     62      62    0
R   1709  163  PRO  A  190    161  VAL  A  188       6.3572   1 0 0 0     -6       6    0
R   1710  163  PRO  A  190    162  PRO  A  189       3.7991   1 0 0 1     48      48    0
R   1711  163  PRO  A  190    164  GLU  A  191       3.8212   1 0 0 0    -64      64    0
R   1712  163  PRO  A  190    165  LEU  A  192       5.6741   1 0 0 0      0       0    0
R   1713  163  PRO  A  190    166  VAL  A  193       4.9488   1 0 0 1     35      35    0
R   1714  163  PRO  A  190    167  ARG  A  194       6.2804   1 0 0 1     18      18    0
R   1715  164  GLU  A  191    162  PRO  A  189       5.2747   1 0 0 0    -22      22    0
R   1716  164  GLU  A  191    163  PRO  A  190       3.8212   1 0 0 0   -152     152    0
R   1717  164  GLU  A  191    165  LEU  A  192       3.8288   1 0 0 1     11      11    0
R   1718  164  GLU  A  191    166  VAL  A  193       5.3715   1 0 0 0      0       0    0
R   1719  164  GLU  A  191    167  ARG  A  194       5.1630   1 0 0 0    -47      47    0
R   1720  164  GLU  A  191    168  VAL  A  195       6.6466   1 0 0 1     28      28    0
R   1721  165  LEU  A  192    161  VAL  A  188       6.8793   1 0 0 1     54      54    0
R   1722  165  LEU  A  192    162  PRO  A  189       5.5058   1 0 0 1    111     111    0
R   1723  165  LEU  A  192    163  PRO  A  190       5.6741   1 0 0 0      0       0    0
R   1724  165  LEU  A  192    164  GLU  A  191       3.8288   1 0 0 0     -7       7    0
R   1725  165  LEU  A  192    166  VAL  A  193       3.8078   1 0 0 0     -9       9    0
R   1726  165  LEU  A  192    167  ARG  A  194       5.1261   1 0 0 0      0       0    0
R   1727  165  LEU  A  192    168  VAL  A  195       4.7559   1 0 0 1     61      61    0
R   1728  165  LEU  A  192    169  LEU  A  196       6.0370   1 0 0 1    193     193    0
R   1729  166  VAL  A  193    153  GLU  A  180       6.3454   1 0 0 1     54      54    0
R   1730  166  VAL  A  193    156  PHE  A  183       6.3596   1 0 0 1    110     110    0
R   1731  166  VAL  A  193    157  LEU  A  184       7.1723   1 0 0 1     66      66    0
R   1732  166  VAL  A  193    161  VAL  A  188       6.5087   1 0 0 0    -41      41    0
R   1733  166  VAL  A  193    162  PRO  A  189       6.2247   1 0 0 0    -56      56    0
R   1734  166  VAL  A  193    163  PRO  A  190       4.9488   1 0 0 0    -30      30    0
R   1735  166  VAL  A  193    164  GLU  A  191       5.3715   1 0 0 0      0       0    0
R   1736  166  VAL  A  193    165  LEU  A  192       3.8078   1 0 0 0    -27      27    0
R   1737  166  VAL  A  193    167  ARG  A  194       3.7926   1 0 0 0    -59      59    0
R   1738  166  VAL  A  193    168  VAL  A  195       5.3559   1 0 0 0      0       0    0
R   1739  166  VAL  A  193    169  LEU  A  196       5.1733   1 0 0 0     -5       5    0
R   1740  166  VAL  A  193    170  SER  A  197       6.1028   1 0 0 1    133     133    0
R   1741  167  ARG  A  194    153  GLU  A  180       7.9885   0 0 0 1     32      32    0
R   1743  167  ARG  A  194    163  PRO  A  190       6.2804   1 0 0 0    -77      77    0
R   1744  167  ARG  A  194    164  GLU  A  191       5.1630   1 0 0 0    -40      40    0
R   1745  167  ARG  A  194    165  LEU  A  192       5.1261   1 0 0 0      0       0    0
R   1746  167  ARG  A  194    166  VAL  A  193       3.7926   1 0 0 0   -120     120    0
R   1747  167  ARG  A  194    168  VAL  A  195       3.8192   1 0 0 1      1       1    0
R   1748  167  ARG  A  194    169  LEU  A  196       5.7276   1 0 0 0      0       0    0
R   1749  167  ARG  A  194    170  SER  A  197       5.2834   1 0 0 1    139     139    0
R   1750  167  ARG  A  194    171  ALA  A  198       6.5837   1 0 0 1      7       7    0
R   1751  168  VAL  A  195    164  GLU  A  191       6.6466   1 0 0 0    -57      57    0
R   1752  168  VAL  A  195    165  LEU  A  192       4.7559   1 0 0 1     21      21    0
R   1753  168  VAL  A  195    166  VAL  A  193       5.3559   1 0 0 0      0       0    0
R   1754  168  VAL  A  195    167  ARG  A  194       3.8192   1 0 0 0    -23      23    0
R   1755  168  VAL  A  195    169  LEU  A  196       3.8151   1 0 0 1     23      23    0
R   1756  168  VAL  A  195    170  SER  A  197       5.2852   1 0 0 0      0       0    0
R   1757  168  VAL  A  195    171  ALA  A  198       5.1873   1 0 0 1     62      62    0
R   1758  168  VAL  A  195    172  MET  A  199       6.3850   1 0 0 1     99      99    0
R   1759  169  LEU  A  196    156  PHE  A  183       9.0990   1 0 0 1    186     186    0
R   1760  169  LEU  A  196    161  VAL  A  188      10.1542   0 0 0 1     77      77    0
R   1761  169  LEU  A  196    165  LEU  A  192       6.0370   1 0 0 1      9       9    0
R   1762  169  LEU  A  196    166  VAL  A  193       5.1733   1 0 0 0    -10      10    0
R   1763  169  LEU  A  196    167  ARG  A  194       5.7276   1 0 0 0      0       0    0
R   1764  169  LEU  A  196    168  VAL  A  195       3.8151   1 0 0 1     14      14    0
R   1765  169  LEU  A  196    170  SER  A  197       3.8076   1 0 0 0     -8       8    0
R   1766  169  LEU  A  196    171  ALA  A  198       5.4681   1 0 0 0      0       0    0
R   1767  169  LEU  A  196    172  MET  A  199       5.0577   1 0 0 0     -2       2    0
R   1768  169  LEU  A  196    173  LEU  A  200       6.0319   1 0 0 1    108     108    0
R   1769  170  SER  A  197    149  ILE  A  176       6.5205   1 0 0 0    -18      18    0
R   1770  170  SER  A  197    153  GLU  A  180       6.9279   1 0 0 1      7       7    0
R   1772  170  SER  A  197    166  VAL  A  193       6.1028   1 0 0 1     26      26    0
R   1773  170  SER  A  197    167  ARG  A  194       5.2834   1 0 0 1    154     154    0
R   1774  170  SER  A  197    168  VAL  A  195       5.2852   1 0 0 0      0       0    0
R   1775  170  SER  A  197    169  LEU  A  196       3.8076   1 0 0 0    -36      36    0
R   1776  170  SER  A  197    171  ALA  A  198       3.8234   1 0 0 1     20      20    0
R   1777  170  SER  A  197    172  MET  A  199       5.4304   1 0 0 0      0       0    0
R   1778  170  SER  A  197    173  LEU  A  200       4.9361   1 0 0 0     -8       8    0
R   1779  170  SER  A  197    174  PHE  A  201       5.6379   1 0 0 1    145     145    0
R   1780  171  ALA  A  198    167  ARG  A  194       6.5837   1 0 0 0    -32      32    0
R   1781  171  ALA  A  198    168  VAL  A  195       5.1873   1 0 0 0    -26      26    0
R   1782  171  ALA  A  198    169  LEU  A  196       5.4681   1 0 0 0      0       0    0
R   1783  171  ALA  A  198    170  SER  A  197       3.8234   1 0 0 1     19      19    0
R   1784  171  ALA  A  198    172  MET  A  199       3.8047   1 0 0 0     -9       9    0
R   1785  171  ALA  A  198    173  LEU  A  200       5.2997   1 0 0 0      0       0    0
R   1786  171  ALA  A  198    174  PHE  A  201       4.5331   1 0 0 1      4       4    0
R   1787  171  ALA  A  198    175  LEU  A  202       6.2089   1 0 0 1    106     106    0
R   1788  172  MET  A  199    168  VAL  A  195       6.3850   1 0 0 1     12      12    0
R   1789  172  MET  A  199    169  LEU  A  196       5.0577   1 0 0 0    -34      34    0
R   1790  172  MET  A  199    170  SER  A  197       5.4304   1 0 0 0      0       0    0
R   1791  172  MET  A  199    171  ALA  A  198       3.8047   1 0 0 0    -34      34    0
R   1792  172  MET  A  199    173  LEU  A  200       3.7597   1 0 0 0    -11      11    0
R   1793  172  MET  A  199    174  PHE  A  201       5.3019   1 0 0 0      0       0    0
R   1794  172  MET  A  199    175  LEU  A  202       5.4245   1 0 0 0    -11      11    0
R   1795  172  MET  A  199    176  LEU  A  203       5.7734   1 0 0 1    219     219    0
R   1796  173  LEU  A  200    149  ILE  A  176       7.6180   1 0 0 1     86      86    0
R   1797  173  LEU  A  200    152  ILE  A  179       9.6756   1 0 0 1    191     191    0
R   1798  173  LEU  A  200    156  PHE  A  183      12.4981   1 0 0 1     52      52    0
R   1799  173  LEU  A  200    169  LEU  A  196       6.0319   1 0 0 0    -29      29    0
R   1800  173  LEU  A  200    170  SER  A  197       4.9361   1 0 0 0    -20      20    0
R   1801  173  LEU  A  200    171  ALA  A  198       5.2997   1 0 0 0      0       0    0
R   1802  173  LEU  A  200    172  MET  A  199       3.7597   1 0 0 0    -34      34    0
R   1803  173  LEU  A  200    174  PHE  A  201       3.7979   1 0 0 0     -7       7    0
R   1804  173  LEU  A  200    175  LEU  A  202       5.4526   1 0 0 0      0       0    0
R   1805  173  LEU  A  200    176  LEU  A  203       4.7877   1 0 0 1     32      32    0
R   1806  173  LEU  A  200    177  ILE  A  204       5.6309   1 0 0 1    174     174    0
R   1808  174  PHE  A  201    145  LEU  A  172       6.6522   1 0 0 1    134     134    0
R   1809  174  PHE  A  201    146  ARG  A  173       6.7539   1 0 0 0   -146     146    0
R   1810  174  PHE  A  201    149  ILE  A  176       7.2956   1 0 0 1     35      35    0
R   1811  174  PHE  A  201    170  SER  A  197       5.6379   1 0 0 0    -18      18    0
R   1812  174  PHE  A  201    171  ALA  A  198       4.5331   1 0 0 0    -32      32    0
R   1813  174  PHE  A  201    172  MET  A  199       5.3019   1 0 0 0      0       0    0
R   1814  174  PHE  A  201    173  LEU  A  200       3.7979   1 0 0 0    -21      21    0
R   1815  174  PHE  A  201    175  LEU  A  202       3.8081   1 0 0 1      7       7    0
R   1816  174  PHE  A  201    176  LEU  A  203       5.7045   1 0 0 0      0       0    0
R   1817  174  PHE  A  201    177  ILE  A  204       5.6744   1 0 0 0   -113     113    0
R   1818  174  PHE  A  201    178  GLY  A  205       6.4997   1 0 0 1     21      21    0
R   1819  174  PHE  A  201    244  TYR  A  271       9.6138   0 0 0 1     25      25    0
R   1820  174  PHE  A  201    247  SER  A  274      10.5519   1 0 0 0      0       0    0
R   1821  174  PHE  A  201    248  VAL  A  275       9.5765   0 0 0 1     28      28    0
R   1822  174  PHE  A  201    251  THR  A  278      12.0149   0 0 0 1     20      20    0
R   1823  175  LEU  A  202    171  ALA  A  198       6.2089   1 0 0 1      7       7    0
R   1824  175  LEU  A  202    172  MET  A  199       5.4245   1 0 0 0    -36      36    0
R   1825  175  LEU  A  202    173  LEU  A  200       5.4526   1 0 0 0      0       0    0
R   1826  175  LEU  A  202    174  PHE  A  201       3.8081   1 0 0 1      3       3    0
R   1827  175  LEU  A  202    176  LEU  A  203       3.8140   1 0 0 0    -26      26    0
R   1828  175  LEU  A  202    177  ILE  A  204       5.4644   1 0 0 0      0       0    0
R   1829  175  LEU  A  202    178  GLY  A  205       5.0092   1 0 0 1      9       9    0
R   1830  175  LEU  A  202    179  CYS  A  206       5.8936   1 0 0 1    127     127    0
R   1831  175  LEU  A  202    244  TYR  A  271       8.0205   1 0 0 1    108     108    0
R   1832  175  LEU  A  202    248  VAL  A  275       7.4851   0 0 0 1     66      66    0
R   1833  176  LEU  A  203    172  MET  A  199       5.7734   1 0 0 1     61      61    0
R   1834  176  LEU  A  203    173  LEU  A  200       4.7877   1 0 0 1     16      16    0
R   1835  176  LEU  A  203    174  PHE  A  201       5.7045   1 0 0 0      0       0    0
R   1836  176  LEU  A  203    175  LEU  A  202       3.8140   1 0 0 1     48      48    0
R   1837  176  LEU  A  203    177  ILE  A  204       3.7981   1 0 0 1      4       4    0
R   1838  176  LEU  A  203    178  GLY  A  205       5.4019   1 0 0 0      0       0    0
R   1839  176  LEU  A  203    179  CYS  A  206       4.9214   1 0 0 1     25      25    0
R   1840  176  LEU  A  203    180  LEU  A  207       6.2763   1 0 0 1    106     106    0
R   1841  177  ILE  A  204    145  LEU  A  172       8.5793   1 0 0 1    117     117    0
R   1842  177  ILE  A  204    149  ILE  A  176       9.6083   0 0 0 1     41      41    0
R   1843  177  ILE  A  204    173  LEU  A  200       5.6309   1 0 0 1     55      55    0
R   1844  177  ILE  A  204    174  PHE  A  201       5.6744   1 0 0 0   -118     118    0
R   1845  177  ILE  A  204    175  LEU  A  202       5.4644   1 0 0 0      0       0    0
R   1846  177  ILE  A  204    176  LEU  A  203       3.7981   1 0 0 0    -16      16    0
R   1847  177  ILE  A  204    178  GLY  A  205       3.7943   1 0 0 0     -4       4    0
R   1848  177  ILE  A  204    179  CYS  A  206       5.3842   1 0 0 0      0       0    0
R   1849  177  ILE  A  204    180  LEU  A  207       5.1977   1 0 0 1      9       9    0
R   1850  177  ILE  A  204    181  LEU  A  208       6.3944   1 0 0 1    146     146    0
R   1852  178  GLY  A  205    174  PHE  A  201       6.4997   1 0 0 1      2       2    0
R   1853  178  GLY  A  205    175  LEU  A  202       5.0092   1 0 0 1     14      14    0
R   1854  178  GLY  A  205    176  LEU  A  203       5.4019   1 0 0 0      0       0    0
R   1855  178  GLY  A  205    177  ILE  A  204       3.7943   1 0 0 0    -76      76    0
R   1856  178  GLY  A  205    179  CYS  A  206       3.7812   1 0 0 1     11      11    0
R   1857  178  GLY  A  205    180  LEU  A  207       5.3469   1 0 0 0      0       0    0
R   1858  178  GLY  A  205    181  LEU  A  208       5.0067   1 0 0 1     20      20    0
R   1859  178  GLY  A  205    182  PHE  A  209       5.5219   1 0 0 1    171     171    0
R   1860  178  GLY  A  205    244  TYR  A  271       6.9369   1 0 0 0      0       0    0
R   1861  179  CYS  A  206    175  LEU  A  202       5.8936   1 0 0 1      3       3    0
R   1862  179  CYS  A  206    176  LEU  A  203       4.9214   1 0 0 0    -13      13    0
R   1863  179  CYS  A  206    177  ILE  A  204       5.3842   1 0 0 0      0       0    0
R   1864  179  CYS  A  206    178  GLY  A  205       3.7812   1 0 0 0     -4       4    0
R   1865  179  CYS  A  206    180  LEU  A  207       3.7922   1 0 0 0     -7       7    0
R   1866  179  CYS  A  206    181  LEU  A  208       5.4593   1 0 0 0      0       0    0
R   1867  179  CYS  A  206    182  PHE  A  209       5.0803   1 0 0 0      0       0    0
R   1868  179  CYS  A  206    183  VAL  A  210       4.6921   1 0 0 1    148     148    0
R   1869  179  CYS  A  206    184  LEU  A  211       6.0311   1 0 0 1     63      63    0
R   1870  179  CYS  A  206    244  TYR  A  271       8.6969   1 0 0 0     -6       6    0
R   1871  180  LEU  A  207    176  LEU  A  203       6.2763   1 0 0 1      5       5    0
R   1872  180  LEU  A  207    177  ILE  A  204       5.1977   1 0 0 0    -32      32    0
R   1873  180  LEU  A  207    178  GLY  A  205       5.3469   1 0 0 0      0       0    0
R   1874  180  LEU  A  207    179  CYS  A  206       3.7922   1 0 0 0    -35      35    0
R   1875  180  LEU  A  207    181  LEU  A  208       3.8189   1 0 0 1     41      41    0
R   1876  180  LEU  A  207    182  PHE  A  209       5.7817   1 0 0 0      0       0    0
R   1877  180  LEU  A  207    184  LEU  A  211       4.7032   1 0 0 1     87      87    0
R   1878  180  LEU  A  207    185  THR  A  212       5.7215   1 0 0 1    226     226    0
R   1879  181  LEU  A  208    145  LEU  A  172      11.5369   0 0 0 1     27      27    0
R   1880  181  LEU  A  208    177  ILE  A  204       6.3944   1 0 0 1     36      36    0
R   1881  181  LEU  A  208    178  GLY  A  205       5.0067   1 0 0 1     22      22    0
R   1882  181  LEU  A  208    179  CYS  A  206       5.4593   1 0 0 0      0       0    0
R   1883  181  LEU  A  208    180  LEU  A  207       3.8189   1 0 0 1     34      34    0
R   1884  181  LEU  A  208    182  PHE  A  209       3.7982   1 0 0 1     69      69    0
R   1885  181  LEU  A  208    183  VAL  A  210       6.1471   1 0 0 0      0       0    0
R   1886  181  LEU  A  208    185  THR  A  212       5.1345   1 0 0 0    -22      22    0
R   1887  181  LEU  A  208    186  PRO  A  213       7.2809   1 0 0 0    -96      96    0
R   1889  182  PHE  A  209    141  LEU  A  168      12.4298   1 0 0 1    102     102    0
R   1890  182  PHE  A  209    145  LEU  A  172      12.8187   0 0 0 1     11      11    0
R   1891  182  PHE  A  209    178  GLY  A  205       5.5219   1 0 0 1      7       7    0
R   1892  182  PHE  A  209    179  CYS  A  206       5.0803   1 0 0 0      0       0    0
R   1893  182  PHE  A  209    180  LEU  A  207       5.7817   1 0 0 0      0       0    0
R   1894  182  PHE  A  209    181  LEU  A  208       3.7982   1 0 0 1     72      72    0
R   1895  182  PHE  A  209    183  VAL  A  210       3.7989   1 0 0 1      1       1    0
R   1896  182  PHE  A  209    184  LEU  A  211       6.1096   1 0 0 0      0       0    0
R   1897  182  PHE  A  209    186  PRO  A  213       6.0929   1 0 0 0   -101     101    0
R   1899  182  PHE  A  209    209  LEU  A  236       9.3170   1 0 0 0    -12      12    0
R   1900  182  PHE  A  209    237  TRP  A  264       7.2569   1 0 0 1     64      64    0
R   1901  182  PHE  A  209    240  LEU  A  267       7.7774   1 0 0 1    163     163    0
R   1902  182  PHE  A  209    241  GLY  A  268       5.5024   1 0 0 0      0       0    0
R   1903  182  PHE  A  209    244  TYR  A  271       7.9957   1 0 0 1    225     225    0
R   1904  183  VAL  A  210    179  CYS  A  206       4.6921   1 0 0 1     21      21    0
R   1905  183  VAL  A  210    181  LEU  A  208       6.1471   1 0 0 0      0       0    0
R   1906  183  VAL  A  210    182  PHE  A  209       3.7989   1 0 0 0     -6       6    0
R   1907  183  VAL  A  210    184  LEU  A  211       3.8282   1 0 0 1     10      10    0
R   1908  183  VAL  A  210    185  THR  A  212       5.8715   1 0 0 0      0       0    0
R   1909  183  VAL  A  210    186  PRO  A  213       5.8527   1 0 0 0    -25      25    0
R   1910  183  VAL  A  210    187  THR  A  214       6.3220   1 0 0 0    -91      91    0
R   1911  183  VAL  A  210    202  ILE  A  229       7.3689   0 0 0 1     35      35    0
R   1912  183  VAL  A  210    205  VAL  A  232       6.6551   1 0 0 1     61      61    0
R   1913  183  VAL  A  210    206  ILE  A  233       7.5694   0 0 0 1     54      54    0
R   1914  183  VAL  A  210    209  LEU  A  236       8.9267   0 0 0 1      2       2    0
R   1915  183  VAL  A  210    244  TYR  A  271      10.0380   0 0 0 1     25      25    0
R   1916  183  VAL  A  210    245  PHE  A  272       9.7678   1 0 0 1    121     121    0
R   1917  184  LEU  A  211    179  CYS  A  206       6.0311   1 0 0 1     42      42    0
R   1918  184  LEU  A  211    180  LEU  A  207       4.7032   1 0 0 1     40      40    0
R   1919  184  LEU  A  211    182  PHE  A  209       6.1096   1 0 0 0      0       0    0
R   1920  184  LEU  A  211    183  VAL  A  210       3.8282   1 0 0 1      9       9    0
R   1921  184  LEU  A  211    185  THR  A  212       3.7959   1 0 0 0     -5       5    0
R   1922  184  LEU  A  211    186  PRO  A  213       5.6405   1 0 0 0      0       0    0
R   1923  184  LEU  A  211    187  THR  A  214       5.2795   1 0 0 1     94      94    0
R   1924  184  LEU  A  211    188  PHE  A  215       6.3026   1 0 0 1     55      55    0
R   1925  185  THR  A  212    180  LEU  A  207       5.7215   1 0 0 1    115     115    0
R   1926  185  THR  A  212    181  LEU  A  208       5.1345   1 0 0 0    -16      16    0
R   1927  185  THR  A  212    183  VAL  A  210       5.8715   1 0 0 0      0       0    0
R   1928  185  THR  A  212    184  LEU  A  211       3.7959   1 0 0 0    -28      28    0
R   1929  185  THR  A  212    186  PRO  A  213       3.8204   1 0 0 0    -47      47    0
R   1930  185  THR  A  212    187  THR  A  214       5.5401   1 0 0 0      0       0    0
R   1931  185  THR  A  212    188  PHE  A  215       5.2850   1 0 0 0    -13      13    0
R   1932  185  THR  A  212    189  VAL  A  216       6.1492   1 0 0 1    145     145    0
R   1933  186  PRO  A  213    181  LEU  A  208       7.2809   1 0 0 0    -48      48    0
R   1934  186  PRO  A  213    182  PHE  A  209       6.0929   1 0 0 0    -99      99    0
R   1935  186  PRO  A  213    183  VAL  A  210       5.8527   1 0 0 0    -42      42    0
R   1936  186  PRO  A  213    184  LEU  A  211       5.6405   1 0 0 0      0       0    0
R   1937  186  PRO  A  213    185  THR  A  212       3.8204   1 0 0 0    -75      75    0
R   1938  186  PRO  A  213    187  THR  A  214       3.8028   1 0 0 1      5       5    0
R   1939  186  PRO  A  213    188  PHE  A  215       5.3280   1 0 0 0      0       0    0
R   1940  186  PRO  A  213    189  VAL  A  216       4.7177   1 0 0 1     51      51    0
R   1941  186  PRO  A  213    190  PHE  A  217       5.9277   1 0 0 1    231     231    0
R   1942  186  PRO  A  213    205  VAL  A  232       7.4015   1 0 0 1     20      20    0
R   1943  186  PRO  A  213    237  TRP  A  264       8.1956   1 0 0 0    -52      52    0
R   1944  187  THR  A  214    183  VAL  A  210       6.3220   1 0 0 0    -57      57    0
R   1945  187  THR  A  214    184  LEU  A  211       5.2795   1 0 0 1    121     121    0
R   1946  187  THR  A  214    185  THR  A  212       5.5401   1 0 0 0      0       0    0
R   1947  187  THR  A  214    186  PRO  A  213       3.8028   1 0 0 0    -54      54    0
R   1948  187  THR  A  214    188  PHE  A  215       3.7859   1 0 0 0    -16      16    0
R   1949  187  THR  A  214    189  VAL  A  216       5.3484   1 0 0 0      0       0    0
R   1950  187  THR  A  214    190  PHE  A  217       5.1483   1 0 0 0      0       0    0
R   1951  187  THR  A  214    191  CYS  A  218       6.0923   1 0 0 1     77      77    0
R   1953  187  THR  A  214    201  ALA  A  228       4.9621   1 0 0 0    -33      33    0
R   1954  187  THR  A  214    202  ILE  A  229       5.3867   1 0 0 1     14      14    0
R   1955  187  THR  A  214    205  VAL  A  232       6.6589   1 0 0 1    100     100    0
R   1956  188  PHE  A  215    184  LEU  A  211       6.3026   1 0 0 1     11      11    0
R   1957  188  PHE  A  215    185  THR  A  212       5.2850   1 0 0 0    -30      30    0
R   1958  188  PHE  A  215    186  PRO  A  213       5.3280   1 0 0 0      0       0    0
R   1959  188  PHE  A  215    187  THR  A  214       3.7859   1 0 0 0    -26      26    0
R   1960  188  PHE  A  215    189  VAL  A  216       3.8107   1 0 0 0    -11      11    0
R   1961  188  PHE  A  215    190  PHE  A  217       5.5591   1 0 0 1      6       6    0
R   1962  188  PHE  A  215    191  CYS  A  218       5.2557   1 0 0 0    -66      66    0
R   1963  188  PHE  A  215    192  TYR  A  219       6.7532   1 0 0 0     -6       6    0
R   1964  189  VAL  A  216    185  THR  A  212       6.1492   1 0 0 1      1       1    0
R   1965  189  VAL  A  216    186  PRO  A  213       4.7177   1 0 0 0     -2       2    0
R   1966  189  VAL  A  216    187  THR  A  214       5.3484   1 0 0 0      0       0    0
R   1967  189  VAL  A  216    188  PHE  A  215       3.8107   1 0 0 0    -47      47    0
R   1968  189  VAL  A  216    190  PHE  A  217       3.8231   1 0 0 1     24      24    0
R   1969  189  VAL  A  216    191  CYS  A  218       5.5860   1 0 0 0      0       0    0
R   1970  189  VAL  A  216    192  TYR  A  219       5.6389   1 0 0 0     -9       9    0
R   1971  189  VAL  A  216    193  MET  A  220       6.2417   1 0 0 1    155     155    0
R   1972  189  VAL  A  216    230  TYR  A  257       9.7361   0 0 0 1     28      28    0
R   1973  189  VAL  A  216    233  LEU  A  260      10.8860   0 0 0 1     57      57    0
R   1974  190  PHE  A  217    186  PRO  A  213       5.9277   1 0 0 1     74      74    0
R   1975  190  PHE  A  217    187  THR  A  214       5.1483   1 0 0 0    -15      15    0
R   1976  190  PHE  A  217    188  PHE  A  215       5.5591   1 0 0 0      0       0    0
R   1977  190  PHE  A  217    189  VAL  A  216       3.8231   1 0 0 1     13      13    0
R   1978  190  PHE  A  217    191  CYS  A  218       3.7965   1 0 0 0    -19      19    0
R   1979  190  PHE  A  217    192  TYR  A  219       5.3288   1 0 0 0      0       0    0
R   1980  190  PHE  A  217    193  MET  A  220       4.7976   1 0 0 1      2       2    0
R   1981  190  PHE  A  217    194  GLU  A  221       5.3686   1 0 0 1    152     152    0
R   1982  190  PHE  A  217    196  TRP  A  223       6.8606   1 0 0 1     96      96    0
R   1983  190  PHE  A  217    201  ALA  A  228       6.0107   1 0 0 1     16      16    0
R   1984  190  PHE  A  217    204  PHE  A  231       9.1541   1 0 0 1    125     125    0
R   1985  190  PHE  A  217    205  VAL  A  232       8.9882   1 0 0 1     37      37    0
R   1986  190  PHE  A  217    219  ALA  A  246       7.8495   1 0 0 1    105     105    0
R   1987  190  PHE  A  217    230  TYR  A  257      10.0423   1 0 0 0    -62      62    0
R   1988  190  PHE  A  217    234  VAL  A  261       9.8368   1 0 0 1     76      76    0
R   1989  190  PHE  A  217    237  TRP  A  264      11.9460   1 0 0 1    107     107    0
R   1990  191  CYS  A  218    187  THR  A  214       6.0923   1 0 0 0    -36      36    0
R   1991  191  CYS  A  218    188  PHE  A  215       5.2557   1 0 0 0    -26      26    0
R   1992  191  CYS  A  218    189  VAL  A  216       5.5860   1 0 0 0      0       0    0
R   1993  191  CYS  A  218    190  PHE  A  217       3.7965   1 0 0 0    -62      62    0
R   1994  191  CYS  A  218    192  TYR  A  219       3.8098   1 0 0 0     -1       1    0
R   1995  191  CYS  A  218    193  MET  A  220       5.6665   1 0 0 0      0       0    0
R   1996  191  CYS  A  218    195  ASP  A  222       5.4090   1 0 0 1     87      87    0
R   1997  191  CYS  A  218    196  TRP  A  223       4.8024   1 0 0 0    -19      19    0
R   1999  191  CYS  A  218    198  LYS  A  225       5.8718   1 0 0 0     -2       2    0
R   2000  191  CYS  A  218    201  ALA  A  228       5.9444   1 0 0 1     11      11    0
R   2001  192  TYR  A  219    188  PHE  A  215       6.7532   1 0 0 0    -25      25    0
R   2002  192  TYR  A  219    189  VAL  A  216       5.6389   1 0 0 0    -21      21    0
R   2003  192  TYR  A  219    190  PHE  A  217       5.3288   1 0 0 0      0       0    0
R   2004  192  TYR  A  219    191  CYS  A  218       3.8098   1 0 0 0    -47      47    0
R   2005  192  TYR  A  219    193  MET  A  220       3.8094   1 0 0 1     72      72    0
R   2006  192  TYR  A  219    194  GLU  A  221       5.9246   1 0 0 1      2       2    0
R   2007  192  TYR  A  219    195  ASP  A  222       5.5679   0 0 0 1     16      16    0
R   2008  193  MET  A  220    189  VAL  A  216       6.2417   1 0 0 1      1       1    0
R   2009  193  MET  A  220    190  PHE  A  217       4.7976   1 0 0 0     -7       7    0
R   2010  193  MET  A  220    191  CYS  A  218       5.6665   1 0 0 0      0       0    0
R   2011  193  MET  A  220    192  TYR  A  219       3.8094   1 0 0 1     34      34    0
R   2012  193  MET  A  220    194  GLU  A  221       3.8080   1 0 0 0     -8       8    0
R   2013  193  MET  A  220    195  ASP  A  222       5.7763   1 0 0 1      5       5    0
R   2014  193  MET  A  220    224  ARG  A  251       9.6022   1 0 0 1     93      93    0
R   2016  193  MET  A  220    230  TYR  A  257       8.9231   1 0 0 1    118     118    0
R   2017  194  GLU  A  221    190  PHE  A  217       5.3686   1 0 0 1     29      29    0
R   2018  194  GLU  A  221    192  TYR  A  219       5.9246   1 0 0 0      0       0    0
R   2019  194  GLU  A  221    193  MET  A  220       3.8080   1 0 0 0     -6       6    0
R   2020  194  GLU  A  221    195  ASP  A  222       3.8079   1 0 0 0    -26      26    0
R   2021  194  GLU  A  221    196  TRP  A  223       5.1334   1 0 0 1    120     120    0
R   2023  194  GLU  A  221    219  ALA  A  246       7.3506   1 0 0 0    -63      63    0
R   2024  194  GLU  A  221    224  ARG  A  251      10.7255   0 0 0 1     18      18    0
R   2025  194  GLU  A  221    230  TYR  A  257      11.1680   1 0 0 1    129     129    0
R   2026  195  ASP  A  222    191  CYS  A  218       5.4090   1 0 0 1     17      17    0
R   2027  195  ASP  A  222    192  TYR  A  219       5.5679   0 0 0 1      6       6    0
R   2028  195  ASP  A  222    193  MET  A  220       5.7763   1 0 0 1      3       3    0
R   2029  195  ASP  A  222    194  GLU  A  221       3.8079   1 0 0 0    -57      57    0
R   2030  195  ASP  A  222    196  TRP  A  223       3.7745   1 0 0 0     -3       3    0
R   2032  196  TRP  A  223    190  PHE  A  217       6.8606   1 0 0 1     59      59    0
R   2033  196  TRP  A  223    191  CYS  A  218       4.8024   1 0 0 0    -55      55    0
R   2034  196  TRP  A  223    194  GLU  A  221       5.1334   1 0 0 1     70      70    0
R   2035  196  TRP  A  223    195  ASP  A  222       3.7745   1 0 0 0    -34      34    0
R   2036  196  TRP  A  223    197  SER  A  224       3.7973   1 0 0 0    -16      16    0
R   2037  196  TRP  A  223    200  GLU  A  227       5.6865   1 0 0 1     12      12    0
R   2038  196  TRP  A  223    201  ALA  A  228       6.0113   1 0 0 1      1       1    0
R   2039  196  TRP  A  223    204  PHE  A  231       9.6065   1 0 0 1    178     178    0
R   2040  196  TRP  A  223    217  TYR  A  244       9.2998   1 0 0 1     72      72    0
R   2041  196  TRP  A  223    218  VAL  A  245      10.8073   1 0 0 0   -148     148    0
R   2042  196  TRP  A  223    219  ALA  A  246      10.3411   1 0 0 1     13      13    0
R   2044  197  SER  A  224    195  ASP  A  222       6.5679   0 0 0 1      2       2    0
R   2045  197  SER  A  224    196  TRP  A  223       3.7973   1 0 0 0     -2       2    0
R   2046  197  SER  A  224    198  LYS  A  225       3.7959   1 0 0 1     19      19    0
R   2047  197  SER  A  224    199  LEU  A  226       5.3117   1 0 0 1      1       1    0
R   2048  197  SER  A  224    200  GLU  A  227       5.0784   1 0 0 1     98      98    0
R   2049  197  SER  A  224    201  ALA  A  228       6.2316   1 0 0 1     89      89    0
R   2050  197  SER  A  224    372  ASP  B  140      10.0525   0 0 0 1     16      16    0
R   2052  198  LYS  A  225    191  CYS  A  218       5.8718   1 0 0 0      0       0    0
R   2053  198  LYS  A  225    196  TRP  A  223       6.6283   0 0 0 1      3       3    0
R   2054  198  LYS  A  225    197  SER  A  224       3.7959   1 0 0 0    -16      16    0
R   2055  198  LYS  A  225    199  LEU  A  226       3.8132   1 0 0 0    -47      47    0
R   2056  198  LYS  A  225    200  GLU  A  227       5.6908   1 0 0 0      0       0    0
R   2057  198  LYS  A  225    201  ALA  A  228       5.4460   1 0 0 0    -12      12    0
R   2058  198  LYS  A  225    202  ILE  A  229       6.5363   1 0 0 1     61      61    0
R   2059  199  LEU  A  226    197  SER  A  224       5.3117   1 0 0 0    -18      18    0
R   2060  199  LEU  A  226    198  LYS  A  225       3.8132   1 0 0 0    -35      35    0
R   2061  199  LEU  A  226    200  GLU  A  227       3.8086   1 0 0 0    -11      11    0
R   2062  199  LEU  A  226    201  ALA  A  228       5.3788   1 0 0 1      2       2    0
R   2063  199  LEU  A  226    202  ILE  A  229       5.2596   1 0 0 1      1       1    0
R   2064  199  LEU  A  226    203  TYR  A  230       6.0737   1 0 0 1    101     101    0
R   2065  199  LEU  A  226    372  ASP  B  140       7.4693   1 0 0 0   -113     113    0
R   2066  199  LEU  A  226    375  ARG  B  143       7.9422   1 0 0 1    125     125    0
R   2067  199  LEU  A  226    376  LEU  B  144       7.4392   1 0 0 1    111     111    0
R   2068  199  LEU  A  226    379  ILE  B  147      10.1958   0 0 0 1     13      13    0
R   2070  200  GLU  A  227    196  TRP  A  223       5.6865   1 0 0 1      9       9    0
R   2071  200  GLU  A  227    197  SER  A  224       5.0784   1 0 0 1    129     129    0
R   2072  200  GLU  A  227    198  LYS  A  225       5.6908   1 0 0 0      0       0    0
R   2073  200  GLU  A  227    199  LEU  A  226       3.8086   1 0 0 0    -17      17    0
R   2074  200  GLU  A  227    201  ALA  A  228       3.8192   1 0 0 0     -9       9    0
R   2075  200  GLU  A  227    202  ILE  A  229       5.6266   1 0 0 0      0       0    0
R   2076  200  GLU  A  227    203  TYR  A  230       5.0853   1 0 0 0    -20      20    0
R   2077  200  GLU  A  227    204  PHE  A  231       6.1443   1 0 0 1    112     112    0
R   2078  200  GLU  A  227    217  TYR  A  244       8.1282   1 0 0 1     64      64    0
R   2081  201  ALA  A  228    187  THR  A  214       4.9621   1 0 0 0   -109     109    0
R   2082  201  ALA  A  228    190  PHE  A  217       6.0107   1 0 0 1     59      59    0
R   2083  201  ALA  A  228    191  CYS  A  218       5.9444   1 0 0 0    -21      21    0
R   2084  201  ALA  A  228    196  TRP  A  223       6.0113   1 0 0 1     13      13    0
R   2085  201  ALA  A  228    197  SER  A  224       6.2316   1 0 0 0    -23      23    0
R   2086  201  ALA  A  228    198  LYS  A  225       5.4460   1 0 0 0    -21      21    0
R   2087  201  ALA  A  228    199  LEU  A  226       5.3788   1 0 0 0      0       0    0
R   2088  201  ALA  A  228    200  GLU  A  227       3.8192   1 0 0 0    -35      35    0
R   2089  201  ALA  A  228    202  ILE  A  229       3.8074   1 0 0 0     -4       4    0
R   2090  201  ALA  A  228    203  TYR  A  230       5.3543   1 0 0 0      0       0    0
R   2091  201  ALA  A  228    204  PHE  A  231       4.9875   1 0 0 0     -8       8    0
R   2092  201  ALA  A  228    205  VAL  A  232       6.1227   1 0 0 1     81      81    0
R   2093  202  ILE  A  229    183  VAL  A  210       7.3689   0 0 0 1     33      33    0
R   2094  202  ILE  A  229    187  THR  A  214       5.3867   1 0 0 1     68      68    0
R   2095  202  ILE  A  229    198  LYS  A  225       6.5363   1 0 0 0    -35      35    0
R   2096  202  ILE  A  229    199  LEU  A  226       5.2596   1 0 0 0    -21      21    0
R   2097  202  ILE  A  229    200  GLU  A  227       5.6266   1 0 0 0      0       0    0
R   2098  202  ILE  A  229    201  ALA  A  228       3.8074   1 0 0 0    -21      21    0
R   2099  202  ILE  A  229    203  TYR  A  230       3.7756   1 0 0 0    -14      14    0
R   2100  202  ILE  A  229    204  PHE  A  231       5.2746   1 0 0 1      2       2    0
R   2101  202  ILE  A  229    205  VAL  A  232       5.0290   1 0 0 0     -1       1    0
R   2102  202  ILE  A  229    206  ILE  A  233       6.0879   1 0 0 1    176     176    0
R   2103  202  ILE  A  229    379  ILE  B  147       8.4406   1 0 0 1     85      85    0
R   2104  203  TYR  A  230    199  LEU  A  226       6.0737   1 0 0 0    -39      39    0
R   2105  203  TYR  A  230    200  GLU  A  227       5.0853   1 0 0 0    -20      20    0
R   2106  203  TYR  A  230    201  ALA  A  228       5.3543   1 0 0 0      0       0    0
R   2107  203  TYR  A  230    202  ILE  A  229       3.7756   1 0 0 0    -41      41    0
R   2108  203  TYR  A  230    204  PHE  A  231       3.7968   1 0 0 0    -11      11    0
R   2109  203  TYR  A  230    205  VAL  A  232       5.6196   1 0 0 0      0       0    0
R   2110  203  TYR  A  230    206  ILE  A  233       5.4360   1 0 0 0     -2       2    0
R   2111  203  TYR  A  230    207  VAL  A  234       5.9821   1 0 0 1    175     175    0
R   2112  203  TYR  A  230    214  PHE  A  241      10.3039   1 0 0 0   -114     114    0
R   2113  203  TYR  A  230    216  ASP  A  243      10.0795   1 0 0 1      2       2    0
R   2114  203  TYR  A  230    217  TYR  A  244       8.6422   1 0 0 1     93      93    0
R   2115  203  TYR  A  230    369  LEU  B  137      10.7827   1 0 0 0    -42      42    0
R   2116  203  TYR  A  230    375  ARG  B  143       6.2784   1 0 0 1    152     152    0
R   2117  203  TYR  A  230    378  CYS  B  146       8.1178   1 0 0 1      2       2    0
R   2118  203  TYR  A  230    379  ILE  B  147       6.4303   1 0 0 1     24      24    0
R   2119  204  PHE  A  231    105  TYR  A  132      10.7066   1 0 0 0    -82      82    0
R   2120  204  PHE  A  231    190  PHE  A  217       9.1541   1 0 0 1    141     141    0
R   2121  204  PHE  A  231    196  TRP  A  223       9.6065   1 0 0 1    105     105    0
R   2122  204  PHE  A  231    200  GLU  A  227       6.1443   1 0 0 0     -7       7    0
R   2123  204  PHE  A  231    201  ALA  A  228       4.9875   1 0 0 0    -33      33    0
R   2124  204  PHE  A  231    202  ILE  A  229       5.2746   1 0 0 0      0       0    0
R   2125  204  PHE  A  231    203  TYR  A  230       3.7968   1 0 0 0    -51      51    0
R   2126  204  PHE  A  231    205  VAL  A  232       3.7735   1 0 0 0    -37      37    0
R   2127  204  PHE  A  231    206  ILE  A  233       5.5117   1 0 0 0      0       0    0
R   2128  204  PHE  A  231    207  VAL  A  234       5.1763   1 0 0 0     -4       4    0
R   2129  204  PHE  A  231    208  THR  A  235       5.9879   1 0 0 1    119     119    0
R   2130  204  PHE  A  231    217  TYR  A  244       6.0210   1 0 0 0    -89      89    0
R   2131  204  PHE  A  231    218  VAL  A  245       7.3656   1 0 0 0      0       0    0
R   2132  204  PHE  A  231    219  ALA  A  246       8.6645   1 0 0 1    111     111    0
R   2133  204  PHE  A  231    234  VAL  A  261      12.5233   0 0 0 1      5       5    0
R   2134  204  PHE  A  231    237  TRP  A  264      13.2151   1 0 0 1     46      46    0
R   2135  204  PHE  A  231    238  ILE  A  265      11.7295   0 0 0 1      4       4    0
R   2137  205  VAL  A  232    183  VAL  A  210       6.6551   1 0 0 1      8       8    0
R   2138  205  VAL  A  232    186  PRO  A  213       7.4015   1 0 0 1     25      25    0
R   2139  205  VAL  A  232    187  THR  A  214       6.6589   1 0 0 1     90      90    0
R   2140  205  VAL  A  232    190  PHE  A  217       8.9882   1 0 0 1    116     116    0
R   2141  205  VAL  A  232    201  ALA  A  228       6.1227   1 0 0 0    -39      39    0
R   2142  205  VAL  A  232    202  ILE  A  229       5.0290   1 0 0 0    -19      19    0
R   2143  205  VAL  A  232    203  TYR  A  230       5.6196   1 0 0 0      0       0    0
R   2144  205  VAL  A  232    204  PHE  A  231       3.7735   1 0 0 0    -50      50    0
R   2145  205  VAL  A  232    206  ILE  A  233       3.7891   1 0 0 1     15      15    0
R   2146  205  VAL  A  232    207  VAL  A  234       5.6503   1 0 0 0      0       0    0
R   2147  205  VAL  A  232    208  THR  A  235       5.1281   1 0 0 1      2       2    0
R   2148  205  VAL  A  232    209  LEU  A  236       6.1398   1 0 0 1    207     207    0
R   2149  205  VAL  A  232    237  TRP  A  264      10.3109   1 0 0 1     41      41    0
R   2150  206  ILE  A  233    183  VAL  A  210       7.5694   0 0 0 1     50      50    0
R   2151  206  ILE  A  233    202  ILE  A  229       6.0879   1 0 0 1     48      48    0
R   2152  206  ILE  A  233    203  TYR  A  230       5.4360   1 0 0 0     -6       6    0
R   2153  206  ILE  A  233    204  PHE  A  231       5.5117   1 0 0 0      0       0    0
R   2154  206  ILE  A  233    205  VAL  A  232       3.7891   1 0 0 1     10      10    0
R   2155  206  ILE  A  233    207  VAL  A  234       3.8263   1 0 0 0    -13      13    0
R   2156  206  ILE  A  233    208  THR  A  235       5.1466   1 0 0 1      2       2    0
R   2157  206  ILE  A  233    209  LEU  A  236       5.1087   1 0 0 1      1       1    0
R   2158  206  ILE  A  233    210  THR  A  237       5.9058   1 0 0 1    278     278    0
R   2159  206  ILE  A  233    245  PHE  A  272       9.6245   0 0 0 1     58      58    0
R   2160  206  ILE  A  233    379  ILE  B  147       6.7730   1 0 0 1    172     172    0
R   2161  206  ILE  A  233    382  ALA  B  150       8.8541   0 0 0 1     17      17    0
R   2162  206  ILE  A  233    383  LEU  B  151       8.5496   1 0 0 1     94      94    0
R   2163  207  VAL  A  234    105  TYR  A  132       9.6021   0 0 0 1     10      10    0
R   2164  207  VAL  A  234    203  TYR  A  230       5.9821   1 0 0 1     84      84    0
R   2165  207  VAL  A  234    204  PHE  A  231       5.1763   1 0 0 0    -15      15    0
R   2166  207  VAL  A  234    205  VAL  A  232       5.6503   1 0 0 0      0       0    0
R   2167  207  VAL  A  234    206  ILE  A  233       3.8263   1 0 0 0    -14      14    0
R   2168  207  VAL  A  234    208  THR  A  235       3.7990   1 0 0 0    -11      11    0
R   2169  207  VAL  A  234    209  LEU  A  236       5.8792   1 0 0 0      0       0    0
R   2170  207  VAL  A  234    210  THR  A  237       5.5468   1 0 0 1     18      18    0
R   2171  207  VAL  A  234    211  THR  A  238       6.2853   1 0 0 0      0       0    0
R   2172  207  VAL  A  234    212  VAL  A  239       5.1945   1 0 0 1    178     178    0
R   2173  207  VAL  A  234    213  GLY  A  240       5.4581   1 0 0 1     29      29    0
R   2174  207  VAL  A  234    214  PHE  A  241       6.8989   1 0 0 0    -45      45    0
R   2178  207  VAL  A  234    379  ILE  B  147       7.4615   0 0 0 1      3       3    0
R   2179  208  THR  A  235    103  ILE  A  130       6.5222   1 0 0 1     19      19    0
R   2180  208  THR  A  235    105  TYR  A  132       8.4377   1 0 0 0    -25      25    0
R   2181  208  THR  A  235    204  PHE  A  231       5.9879   1 0 0 1     23      23    0
R   2182  208  THR  A  235    205  VAL  A  232       5.1281   1 0 0 0      0       0    0
R   2183  208  THR  A  235    206  ILE  A  233       5.1466   1 0 0 0      0       0    0
R   2184  208  THR  A  235    207  VAL  A  234       3.7990   1 0 0 0    -35      35    0
R   2185  208  THR  A  235    209  LEU  A  236       3.8198   1 0 0 1     37      37    0
R   2186  208  THR  A  235    210  THR  A  237       5.5254   1 0 0 0      0       0    0
R   2187  208  THR  A  235    211  THR  A  238       4.9502   1 0 0 1     91      91    0
R   2189  208  THR  A  235    237  TRP  A  264      10.9172   1 0 0 1     79      79    0
R   2190  208  THR  A  235    238  ILE  A  265       8.0498   0 0 0 1     32      32    0
R   2192  209  LEU  A  236    182  PHE  A  209       9.3170   1 0 0 0    -52      52    0
R   2193  209  LEU  A  236    183  VAL  A  210       8.9267   0 0 0 1      1       1    0
R   2194  209  LEU  A  236    205  VAL  A  232       6.1398   1 0 0 1     24      24    0
R   2195  209  LEU  A  236    206  ILE  A  233       5.1087   1 0 0 0     -3       3    0
R   2196  209  LEU  A  236    207  VAL  A  234       5.8792   1 0 0 0      0       0    0
R   2197  209  LEU  A  236    208  THR  A  235       3.8198   1 0 0 1     18      18    0
R   2198  209  LEU  A  236    210  THR  A  237       3.7992   1 0 0 0     -3       3    0
R   2199  209  LEU  A  236    211  THR  A  238       5.0526   1 0 0 0    -38      38    0
R   2200  209  LEU  A  236    237  TRP  A  264       9.9425   1 0 0 1    132     132    0
R   2202  209  LEU  A  236    241  GLY  A  268       6.3573   1 0 0 0      0       0    0
R   2203  209  LEU  A  236    242  LEU  A  269       5.3600   1 0 0 0    -41      41    0
R   2204  209  LEU  A  236    245  PHE  A  272       6.5714   1 0 0 1    102     102    0
R   2205  210  THR  A  237    206  ILE  A  233       5.9058   1 0 0 1    129     129    0
R   2206  210  THR  A  237    207  VAL  A  234       5.5468   1 0 0 1     64      64    0
R   2207  210  THR  A  237    208  THR  A  235       5.5254   1 0 0 0      0       0    0
R   2208  210  THR  A  237    209  LEU  A  236       3.7992   1 0 0 0    -14      14    0
R   2209  210  THR  A  237    211  THR  A  238       3.8194   1 0 0 1    103     103    0
R   2210  210  THR  A  237    212  VAL  A  239       5.3877   1 0 0 0    -51      51    0
R   2211  210  THR  A  237    245  PHE  A  272       7.2996   1 0 0 1     63      63    0
R   2212  210  THR  A  237    361  THR  B  129       6.7751   1 0 0 0    -23      23    0
R   2213  210  THR  A  237    382  ALA  B  150       7.9391   0 0 0 1     17      17    0
R   2214  210  THR  A  237    383  LEU  B  151       7.9510   1 0 0 1     44      44    0
R   2215  210  THR  A  237    386  ILE  B  154       8.1589   1 0 0 1     75      75    0
R   2216  211  THR  A  238    101  THR  A  128       7.1952   1 0 0 0    -37      37    0
R   2217  211  THR  A  238    102  THR  A  129       6.1855   1 0 0 0    -29      29    0
R   2218  211  THR  A  238    103  ILE  A  130       4.2407   1 0 0 0     -8       8    0
R   2219  211  THR  A  238    207  VAL  A  234       6.2853   1 0 0 0      0       0    0
R   2220  211  THR  A  238    208  THR  A  235       4.9502   1 0 0 1     27      27    0
R   2221  211  THR  A  238    209  LEU  A  236       5.0526   1 0 0 0    -12      12    0
R   2222  211  THR  A  238    210  THR  A  237       3.8194   1 0 0 1     21      21    0
R   2223  211  THR  A  238    212  VAL  A  239       3.8195   1 0 0 1      5       5    0
R   2224  211  THR  A  238    213  GLY  A  240       5.3949   1 0 0 0      0       0    0
R   2225  211  THR  A  238    242  LEU  A  269       8.0409   1 0 0 1    143     143    0
R   2226  211  THR  A  238    361  THR  B  129       5.9702   1 0 0 1      3       3    0
R   2227  212  VAL  A  239    103  ILE  A  130       5.7432   1 0 0 0    -23      23    0
R   2228  212  VAL  A  239    207  VAL  A  234       5.1945   1 0 0 1     11      11    0
R   2229  212  VAL  A  239    210  THR  A  237       5.3877   1 0 0 0    -77      77    0
R   2230  212  VAL  A  239    211  THR  A  238       3.8195   1 0 0 0    -30      30    0
R   2231  212  VAL  A  239    213  GLY  A  240       3.8336   1 0 0 0    -26      26    0
R   2232  212  VAL  A  239    214  PHE  A  241       5.9874   1 0 0 1    123     123    0
R   2234  212  VAL  A  239    358  ILE  B  126       6.2613   1 0 0 0    -40      40    0
R   2235  212  VAL  A  239    361  THR  B  129       4.3007   1 0 0 0      0       0    0
R   2236  212  VAL  A  239    362  ILE  B  130       5.6175   1 0 0 0    -39      39    0
R   2237  212  VAL  A  239    363  GLY  B  131       4.7089   1 0 0 0     -4       4    0
R   2238  212  VAL  A  239    382  ALA  B  150       8.8528   0 0 0 1     12      12    0
R   2239  212  VAL  A  239    386  ILE  B  154       9.6908   1 0 0 1     24      24    0
R   2240  213  GLY  A  240    103  ILE  A  130       4.7575   1 0 0 0      0       0    0
R   2241  213  GLY  A  240    104  GLY  A  131       5.4535   1 0 0 0   -125     125    0
R   2242  213  GLY  A  240    105  TYR  A  132       4.5967   1 0 0 0      0       0    0
R   2243  213  GLY  A  240    207  VAL  A  234       5.4581   1 0 0 1     49      49    0
R   2244  213  GLY  A  240    211  THR  A  238       5.3949   1 0 0 0      0       0    0
R   2245  213  GLY  A  240    212  VAL  A  239       3.8336   1 0 0 0    -55      55    0
R   2246  213  GLY  A  240    214  PHE  A  241       3.8115   1 0 0 1      8       8    0
R   2247  213  GLY  A  240    215  GLY  A  242       5.5533   1 0 0 0      0       0    0
R   2248  213  GLY  A  240    363  GLY  B  131       5.7543   1 0 0 0    -34      34    0
R   2249  214  PHE  A  241    105  TYR  A  132       5.4197   1 0 0 0    -58      58    0
R   2250  214  PHE  A  241    203  TYR  A  230      10.3039   1 0 0 0   -110     110    0
R   2251  214  PHE  A  241    207  VAL  A  234       6.8989   1 0 0 1     54      54    0
R   2252  214  PHE  A  241    212  VAL  A  239       5.9874   1 0 0 1    107     107    0
R   2253  214  PHE  A  241    213  GLY  A  240       3.8115   1 0 0 0    -22      22    0
R   2254  214  PHE  A  241    215  GLY  A  242       3.8069   1 0 0 0    -13      13    0
R   2255  214  PHE  A  241    216  ASP  A  243       5.7540   1 0 0 0    -64      64    0
R   2256  214  PHE  A  241    354  PHE  B  122      10.8063   1 0 0 1    160     160    0
R   2258  214  PHE  A  241    358  ILE  B  126       9.0335   1 0 0 1     62      62    0
R   2259  214  PHE  A  241    363  GLY  B  131       5.0927   1 0 0 0    -16      16    0
R   2261  214  PHE  A  241    365  GLY  B  133       4.4944   1 0 0 0    -13      13    0
R   2263  214  PHE  A  241    369  LEU  B  137       9.7576   0 0 0 1      2       2    0
R   2264  214  PHE  A  241    378  CYS  B  146      11.4037   1 0 0 0      0       0    0
R   2265  215  GLY  A  242    105  TYR  A  132       4.0819   1 0 0 0    -17      17    0
R   2266  215  GLY  A  242    107  ASN  A  134       5.2868   1 0 0 0    -56      56    0
R   2268  215  GLY  A  242    213  GLY  A  240       5.5533   1 0 0 0      0       0    0
R   2269  215  GLY  A  242    214  PHE  A  241       3.8069   1 0 0 0    -31      31    0
R   2270  215  GLY  A  242    216  ASP  A  243       3.8149   1 0 0 1      4       4    0
R   2271  215  GLY  A  242    217  TYR  A  244       5.1759   1 0 0 1     13      13    0
R   2272  215  GLY  A  242    218  VAL  A  245       6.1039   1 0 0 0    -68      68    0
R   2273  216  ASP  A  243    203  TYR  A  230      10.0795   1 0 0 1     66      66    0
R   2275  216  ASP  A  243    214  PHE  A  241       5.7540   1 0 0 0    -88      88    0
R   2276  216  ASP  A  243    215  GLY  A  242       3.8149   1 0 0 0     -8       8    0
R   2277  216  ASP  A  243    217  TYR  A  244       3.8103   1 0 0 1     28      28    0
R   2278  216  ASP  A  243    368  ALA  B  136       6.6093   1 0 0 1     26      26    0
R   2281  217  TYR  A  244    105  TYR  A  132       8.2633   1 0 0 0    -51      51    0
R   2282  217  TYR  A  244    196  TRP  A  223       9.2998   1 0 0 1     85      85    0
R   2283  217  TYR  A  244    200  GLU  A  227       8.1282   1 0 0 1     75      75    0
R   2284  217  TYR  A  244    203  TYR  A  230       8.6422   1 0 0 1    101     101    0
R   2285  217  TYR  A  244    204  PHE  A  231       6.0210   1 0 0 1     22      22    0
R   2286  217  TYR  A  244    215  GLY  A  242       5.1759   1 0 0 1      4       4    0
R   2287  217  TYR  A  244    216  ASP  A  243       3.8103   1 0 0 0    -61      61    0
R   2288  217  TYR  A  244    218  VAL  A  245       3.8103   1 0 0 0    -24      24    0
R   2289  217  TYR  A  244    375  ARG  B  143      11.5331   1 0 0 1     53      53    0
R   2290  218  VAL  A  245     94  PHE  A  121      10.9835   1 0 0 1     82      82    0
R   2291  218  VAL  A  245    105  TYR  A  132       7.3303   1 0 0 1    130     130    0
R   2292  218  VAL  A  245    107  ASN  A  134       7.8592   1 0 0 0   -122     122    0
R   2294  218  VAL  A  245    196  TRP  A  223      10.8073   1 0 0 0    -77      77    0
R   2295  218  VAL  A  245    204  PHE  A  231       7.3656   1 0 0 0      0       0    0
R   2296  218  VAL  A  245    215  GLY  A  242       6.1039   1 0 0 0    -83      83    0
R   2297  218  VAL  A  245    217  TYR  A  244       3.8103   1 0 0 0    -26      26    0
R   2298  218  VAL  A  245    219  ALA  A  246       3.8167   1 0 0 0     -6       6    0
R   2299  218  VAL  A  245    220  GLY  A  247       6.4597   1 0 0 0      0       0    0
R   2300  218  VAL  A  245    221  ALA  A  248       7.0819   1 0 0 1     44      44    0
R   2302  219  ALA  A  246    190  PHE  A  217       7.8495   1 0 0 1    128     128    0
R   2303  219  ALA  A  246    194  GLU  A  221       7.3506   1 0 0 0    -67      67    0
R   2304  219  ALA  A  246    196  TRP  A  223      10.3411   1 0 0 1     33      33    0
R   2305  219  ALA  A  246    204  PHE  A  231       8.6645   1 0 0 1     52      52    0
R   2306  219  ALA  A  246    218  VAL  A  245       3.8167   1 0 0 0    -14      14    0
R   2307  219  ALA  A  246    220  GLY  A  247       3.8194   1 0 0 0    -24      24    0
R   2308  219  ALA  A  246    221  ALA  A  248       6.0608   1 0 0 1     11      11    0
R   2310  219  ALA  A  246    230  TYR  A  257       9.6296   1 0 0 0    -49      49    0
R   2311  219  ALA  A  246    234  VAL  A  261       7.8382   0 0 0 1     22      22    0
R   2312  220  GLY  A  247     94  PHE  A  121       7.5246   1 0 0 0    -39      39    0
R   2313  220  GLY  A  247    218  VAL  A  245       6.4597   1 0 0 0      0       0    0
R   2314  220  GLY  A  247    219  ALA  A  246       3.8194   1 0 0 0    -33      33    0
R   2315  220  GLY  A  247    221  ALA  A  248       3.8128   1 0 0 0     -3       3    0
R   2316  220  GLY  A  247    222  ASP  A  249       5.7436   1 0 0 0      0       0    0
R   2318  220  GLY  A  247    231  GLN  A  258       5.6067   1 0 0 1    160     160    0
R   2319  220  GLY  A  247    234  VAL  A  261       6.1131   1 0 0 0    -10      10    0
R   2320  220  GLY  A  247    235  TRP  A  262       7.1600   1 0 0 1     72      72    0
R   2322  221  ALA  A  248     91  SER  A  118       5.5747   1 0 0 1     62      62    0
R   2323  221  ALA  A  248     94  PHE  A  121       6.1017   1 0 0 1     43      43    0
R   2325  221  ALA  A  248    108  VAL  A  135       9.8102   0 0 0 1      7       7    0
R   2326  221  ALA  A  248    218  VAL  A  245       7.0819   1 0 0 1     47      47    0
R   2327  221  ALA  A  248    219  ALA  A  246       6.0608   1 0 0 1      3       3    0
R   2328  221  ALA  A  248    220  GLY  A  247       3.8128   1 0 0 0    -33      33    0
R   2329  221  ALA  A  248    222  ASP  A  249       3.8408   1 0 0 0    -76      76    0
R   2330  221  ALA  A  248    231  GLN  A  258       7.7652   1 0 0 1     19      19    0
R   2331  222  ASP  A  249     83  SER  A  110       8.7089   1 0 0 0   -131     131    0
R   2336  222  ASP  A  249     91  SER  A  118       6.3125   1 0 0 1    167     167    0
R   2338  222  ASP  A  249    220  GLY  A  247       5.7436   1 0 0 0     -2       2    0
R   2339  222  ASP  A  249    221  ALA  A  248       3.8408   1 0 0 0    -43      43    0
R   2340  222  ASP  A  249    223  PRO  A  250       3.8400   1 0 0 0    -69      69    0
R   2341  222  ASP  A  249    224  ARG  A  251       6.7024   0 0 0 1      1       1    0
R   2343  222  ASP  A  249    231  GLN  A  258       6.9030   1 0 0 1     18      18    0
R   2346  223  PRO  A  250    222  ASP  A  249       3.8400   1 0 0 0    -13      13    0
R   2347  223  PRO  A  250    224  ARG  A  251       3.7996   1 0 0 0    -19      19    0
R   2348  223  PRO  A  250    225  GLN  A  252       6.6201   1 0 0 1     12      12    0
R   2350  223  PRO  A  250    231  GLN  A  258       5.1032   1 0 0 0    -46      46    0
R   2351  224  ARG  A  251    193  MET  A  220       9.6022   1 0 0 1    117     117    0
R   2352  224  ARG  A  251    194  GLU  A  221      10.7255   0 0 0 1     29      29    0
R   2354  224  ARG  A  251    223  PRO  A  250       3.7996   1 0 0 0    -59      59    0
R   2355  224  ARG  A  251    225  GLN  A  252       3.7932   1 0 0 0    -45      45    0
R   2356  224  ARG  A  251    226  ASP  A  253       6.2792   1 0 0 0      0       0    0
R   2357  224  ARG  A  251    227  SER  A  254       5.6734   1 0 0 0   -136     136    0
R   2359  224  ARG  A  251    230  TYR  A  257       6.9048   0 0 0 1     14      14    0
R   2361  225  GLN  A  252    223  PRO  A  250       6.6201   1 0 0 1     10      10    0
R   2362  225  GLN  A  252    224  ARG  A  251       3.7932   1 0 0 0    -67      67    0
R   2363  225  GLN  A  252    226  ASP  A  253       3.8338   1 0 0 0   -103     103    0
R   2364  225  GLN  A  252    227  SER  A  254       5.4170   1 0 0 0      0       0    0
R   2365  226  ASP  A  253    224  ARG  A  251       6.2792   1 0 0 1      3       3    0
R   2366  226  ASP  A  253    225  GLN  A  252       3.8338   1 0 0 0   -132     132    0
R   2367  226  ASP  A  253    227  SER  A  254       3.8158   1 0 0 1     95      95    0
R   2368  226  ASP  A  253    228  PRO  A  255       6.3869   1 0 0 0     -7       7    0
R   2370  227  SER  A  254    224  ARG  A  251       5.6734   1 0 0 0    -60      60    0
R   2371  227  SER  A  254    225  GLN  A  252       5.4170   1 0 0 1      2       2    0
R   2372  227  SER  A  254    226  ASP  A  253       3.8158   1 0 0 1     37      37    0
R   2373  227  SER  A  254    228  PRO  A  255       3.8452   1 0 0 0    -40      40    0
R   2374  227  SER  A  254    229  ALA  A  256       5.8504   1 0 0 0      0       0    0
R   2375  227  SER  A  254    230  TYR  A  257       5.9077   1 0 0 0    -85      85    0
R   2378  228  PRO  A  255    226  ASP  A  253       6.3869   1 0 0 0     -4       4    0
R   2379  228  PRO  A  255    227  SER  A  254       3.8452   1 0 0 0    -28      28    0
R   2380  228  PRO  A  255    229  ALA  A  256       3.8237   1 0 0 0      0       0    0
R   2381  228  PRO  A  255    230  TYR  A  257       5.4638   1 0 0 1     12      12    0
R   2382  228  PRO  A  255    231  GLN  A  258       6.6795   1 0 0 0     -1       1    0
R   2383  228  PRO  A  255    232  PRO  A  259       8.1551   1 0 0 0    -94      94    0
R   2384  229  ALA  A  256    227  SER  A  254       5.8504   1 0 0 0      0       0    0
R   2385  229  ALA  A  256    228  PRO  A  255       3.8237   1 0 0 0    -66      66    0
R   2386  229  ALA  A  256    230  TYR  A  257       3.8473   1 0 0 0     -3       3    0
R   2387  229  ALA  A  256    231  GLN  A  258       5.8398   1 0 0 0      0       0    0
R   2388  229  ALA  A  256    232  PRO  A  259       5.9349   1 0 0 0    -23      23    0
R   2389  229  ALA  A  256    233  LEU  A  260       5.8847   1 0 0 1    105     105    0
R   2390  230  TYR  A  257    189  VAL  A  216       9.7361   0 0 0 1     28      28    0
R   2391  230  TYR  A  257    190  PHE  A  217      10.0423   1 0 0 1      1       1    0
R   2392  230  TYR  A  257    193  MET  A  220       8.9231   1 0 0 1    169     169    0
R   2393  230  TYR  A  257    194  GLU  A  221      11.1680   1 0 0 1    114     114    0
R   2394  230  TYR  A  257    219  ALA  A  246       9.6296   1 0 0 0    -95      95    0
R   2397  230  TYR  A  257    224  ARG  A  251       6.9048   0 0 0 1     37      37    0
R   2398  230  TYR  A  257    227  SER  A  254       5.9077   1 0 0 0    -63      63    0
R   2399  230  TYR  A  257    228  PRO  A  255       5.4638   1 0 0 1      4       4    0
R   2400  230  TYR  A  257    229  ALA  A  256       3.8473   1 0 0 0    -65      65    0
R   2401  230  TYR  A  257    231  GLN  A  258       3.8400   1 0 0 0    -14      14    0
R   2402  230  TYR  A  257    232  PRO  A  259       5.7869   1 0 0 0      0       0    0
R   2403  230  TYR  A  257    233  LEU  A  260       5.2386   1 0 0 1      1       1    0
R   2404  230  TYR  A  257    234  VAL  A  261       6.3831   1 0 0 1    127     127    0
R   2405  231  GLN  A  258     90  GLY  A  117       9.6209   0 0 0 1      4       4    0
R   2406  231  GLN  A  258    220  GLY  A  247       5.6067   1 0 0 1    136     136    0
R   2407  231  GLN  A  258    221  ALA  A  248       7.7652   1 0 0 1     10      10    0
R   2408  231  GLN  A  258    222  ASP  A  249       6.9030   1 0 0 0    -14      14    0
R   2409  231  GLN  A  258    223  PRO  A  250       5.1032   1 0 0 0   -102     102    0
R   2411  231  GLN  A  258    228  PRO  A  255       6.6795   1 0 0 0     -4       4    0
R   2412  231  GLN  A  258    229  ALA  A  256       5.8398   1 0 0 0      0       0    0
R   2413  231  GLN  A  258    230  TYR  A  257       3.8400   1 0 0 0    -34      34    0
R   2414  231  GLN  A  258    232  PRO  A  259       3.8257   1 0 0 0    -62      62    0
R   2415  231  GLN  A  258    233  LEU  A  260       5.6327   1 0 0 0      0       0    0
R   2416  231  GLN  A  258    234  VAL  A  261       5.6343   1 0 0 0    -13      13    0
R   2417  231  GLN  A  258    235  TRP  A  262       6.8624   1 0 0 0    -38      38    0
R   2418  232  PRO  A  259    228  PRO  A  255       8.1551   1 0 0 0    -52      52    0
R   2419  232  PRO  A  259    229  ALA  A  256       5.9349   1 0 0 0    -65      65    0
R   2420  232  PRO  A  259    230  TYR  A  257       5.7869   1 0 0 0      0       0    0
R   2421  232  PRO  A  259    231  GLN  A  258       3.8257   1 0 0 0    -57      57    0
R   2422  232  PRO  A  259    233  LEU  A  260       3.7958   1 0 0 1     13      13    0
R   2423  232  PRO  A  259    234  VAL  A  261       5.2366   1 0 0 0      0       0    0
R   2424  232  PRO  A  259    235  TRP  A  262       4.9342   1 0 0 1    226     226    0
R   2425  232  PRO  A  259    236  PHE  A  263       6.1075   1 0 0 1     54      54    0
R   2426  233  LEU  A  260    189  VAL  A  216      10.8860   0 0 0 1     58      58    0
R   2427  233  LEU  A  260    229  ALA  A  256       5.8847   1 0 0 0    -21      21    0
R   2428  233  LEU  A  260    230  TYR  A  257       5.2386   1 0 0 0    -19      19    0
R   2429  233  LEU  A  260    231  GLN  A  258       5.6327   1 0 0 0      0       0    0
R   2430  233  LEU  A  260    232  PRO  A  259       3.7958   1 0 0 0    -69      69    0
R   2431  233  LEU  A  260    234  VAL  A  261       3.8039   1 0 0 0     -1       1    0
R   2432  233  LEU  A  260    235  TRP  A  262       5.4516   1 0 0 0      0       0    0
R   2433  233  LEU  A  260    236  PHE  A  263       4.9684   1 0 0 1     56      56    0
R   2434  233  LEU  A  260    237  TRP  A  264       5.8582   1 0 0 1    164     164    0
R   2435  234  VAL  A  261    190  PHE  A  217       9.8368   1 0 0 1    109     109    0
R   2436  234  VAL  A  261    204  PHE  A  231      12.5233   0 0 0 1      4       4    0
R   2437  234  VAL  A  261    219  ALA  A  246       7.8382   0 0 0 1     13      13    0
R   2438  234  VAL  A  261    220  GLY  A  247       6.1131   1 0 0 0    -13      13    0
R   2439  234  VAL  A  261    230  TYR  A  257       6.3831   1 0 0 1     18      18    0
R   2440  234  VAL  A  261    231  GLN  A  258       5.6343   1 0 0 0    -28      28    0
R   2441  234  VAL  A  261    232  PRO  A  259       5.2366   1 0 0 0      0       0    0
R   2442  234  VAL  A  261    233  LEU  A  260       3.8039   1 0 0 0    -29      29    0
R   2443  234  VAL  A  261    235  TRP  A  262       3.8038   1 0 0 1      4       4    0
R   2444  234  VAL  A  261    236  PHE  A  263       5.3176   1 0 0 0      0       0    0
R   2445  234  VAL  A  261    237  TRP  A  264       4.7236   1 0 0 1     68      68    0
R   2446  234  VAL  A  261    238  ILE  A  265       5.9818   1 0 0 1    159     159    0
R   2448  235  TRP  A  262     93  PHE  A  120      10.4887   1 0 0 1    172     172    0
R   2449  235  TRP  A  262     94  PHE  A  121       8.3072   1 0 0 0    -30      30    0
R   2450  235  TRP  A  262    220  GLY  A  247       7.1600   1 0 0 1     40      40    0
R   2451  235  TRP  A  262    231  GLN  A  258       6.8624   1 0 0 1     83      83    0
R   2452  235  TRP  A  262    232  PRO  A  259       4.9342   1 0 0 1     92      92    0
R   2453  235  TRP  A  262    233  LEU  A  260       5.4516   1 0 0 0      0       0    0
R   2454  235  TRP  A  262    234  VAL  A  261       3.8038   1 0 0 1     18      18    0
R   2455  235  TRP  A  262    236  PHE  A  263       3.8056   1 0 0 0     -2       2    0
R   2456  235  TRP  A  262    237  TRP  A  264       5.3397   1 0 0 0      0       0    0
R   2457  235  TRP  A  262    238  ILE  A  265       5.1645   1 0 0 1      8       8    0
R   2458  235  TRP  A  262    239  LEU  A  266       6.3769   1 0 0 1     76      76    0
R   2459  236  PHE  A  263    232  PRO  A  259       6.1075   1 0 0 1     14      14    0
R   2460  236  PHE  A  263    233  LEU  A  260       4.9684   1 0 0 1     28      28    0
R   2461  236  PHE  A  263    234  VAL  A  261       5.3176   1 0 0 0      0       0    0
R   2462  236  PHE  A  263    235  TRP  A  262       3.8056   1 0 0 0    -11      11    0
R   2463  236  PHE  A  263    237  TRP  A  264       3.7786   1 0 0 0    -12      12    0
R   2464  236  PHE  A  263    238  ILE  A  265       5.5094   1 0 0 0      0       0    0
R   2465  236  PHE  A  263    239  LEU  A  266       5.2249   1 0 0 1     51      51    0
R   2466  236  PHE  A  263    240  LEU  A  267       6.4311   1 0 0 1    230     230    0
R   2468  237  TRP  A  264    182  PHE  A  209       7.2569   1 0 0 1    111     111    0
R   2469  237  TRP  A  264    186  PRO  A  213       8.1956   1 0 0 1     63      63    0
R   2470  237  TRP  A  264    190  PHE  A  217      11.9460   1 0 0 1    117     117    0
R   2471  237  TRP  A  264    204  PHE  A  231      13.2151   1 0 0 1     44      44    0
R   2472  237  TRP  A  264    205  VAL  A  232      10.3109   1 0 0 1     89      89    0
R   2473  237  TRP  A  264    208  THR  A  235      10.9172   1 0 0 1     40      40    0
R   2474  237  TRP  A  264    209  LEU  A  236       9.9425   1 0 0 1     98      98    0
R   2475  237  TRP  A  264    233  LEU  A  260       5.8582   1 0 0 1      7       7    0
R   2476  237  TRP  A  264    234  VAL  A  261       4.7236   1 0 0 1     28      28    0
R   2477  237  TRP  A  264    235  TRP  A  262       5.3397   1 0 0 0      0       0    0
R   2478  237  TRP  A  264    236  PHE  A  263       3.7786   1 0 0 0    -20      20    0
R   2479  237  TRP  A  264    238  ILE  A  265       3.7741   1 0 0 1    144     144    0
R   2480  237  TRP  A  264    239  LEU  A  266       5.3666   1 0 0 1      5       5    0
R   2481  237  TRP  A  264    240  LEU  A  267       5.2929   1 0 0 1      6       6    0
R   2482  237  TRP  A  264    241  GLY  A  268       5.7605   1 0 0 1    185     185    0
R   2483  238  ILE  A  265     94  PHE  A  121      11.2525   0 0 0 1     74      74    0
R   2484  238  ILE  A  265    101  THR  A  128       9.2359   0 0 0 1     21      21    0
R   2485  238  ILE  A  265    103  ILE  A  130      10.2703   1 0 0 1     74      74    0
R   2487  238  ILE  A  265    204  PHE  A  231      11.7295   0 0 0 1      4       4    0
R   2488  238  ILE  A  265    208  THR  A  235       8.0498   0 0 0 1     57      57    0
R   2489  238  ILE  A  265    209  LEU  A  236       7.2357   0 0 0 1      2       2    0
R   2490  238  ILE  A  265    234  VAL  A  261       5.9818   1 0 0 1     37      37    0
R   2491  238  ILE  A  265    235  TRP  A  262       5.1645   1 0 0 0    -13      13    0
R   2492  238  ILE  A  265    236  PHE  A  263       5.5094   1 0 0 0      0       0    0
R   2493  238  ILE  A  265    237  TRP  A  264       3.7741   1 0 0 1     77      77    0
R   2494  238  ILE  A  265    239  LEU  A  266       3.7892   1 0 0 0    -11      11    0
R   2495  238  ILE  A  265    240  LEU  A  267       5.5918   1 0 0 0      0       0    0
R   2496  238  ILE  A  265    241  GLY  A  268       5.0747   1 0 0 0      0       0    0
R   2497  238  ILE  A  265    242  LEU  A  269       5.7711   1 0 0 1    233     233    0
R   2498  239  LEU  A  266    130  PHE  A  157      10.0661   1 0 0 1     65      65    0
R   2499  239  LEU  A  266    133  LEU  A  160       9.7344   1 0 0 1    105     105    0
R   2500  239  LEU  A  266    134  LEU  A  161       7.6817   1 0 0 1     69      69    0
R   2501  239  LEU  A  266    137  VAL  A  164       8.3887   1 0 0 1     65      65    0
R   2502  239  LEU  A  266    235  TRP  A  262       6.3769   1 0 0 0     -7       7    0
R   2503  239  LEU  A  266    236  PHE  A  263       5.2249   1 0 0 1     10      10    0
R   2504  239  LEU  A  266    237  TRP  A  264       5.3666   1 0 0 0      0       0    0
R   2505  239  LEU  A  266    238  ILE  A  265       3.7892   1 0 0 0    -50      50    0
R   2506  239  LEU  A  266    240  LEU  A  267       3.7951   1 0 0 0    -12      12    0
R   2507  239  LEU  A  266    241  GLY  A  268       5.6172   1 0 0 0      0       0    0
R   2508  239  LEU  A  266    242  LEU  A  269       5.3434   1 0 0 0    -15      15    0
R   2509  239  LEU  A  266    243  ALA  A  270       6.3621   1 0 0 1     57      57    0
R   2510  239  LEU  A  266    268  LEU  B   36      10.8165   1 0 0 1    111     111    0
R   2511  240  LEU  A  267    137  VAL  A  164       7.5729   1 0 0 1     85      85    0
R   2512  240  LEU  A  267    141  LEU  A  168       7.8314   0 0 0 1     59      59    0
R   2513  240  LEU  A  267    182  PHE  A  209       7.7774   1 0 0 1    130     130    0
R   2514  240  LEU  A  267    236  PHE  A  263       6.4311   1 0 0 1    136     136    0
R   2515  240  LEU  A  267    237  TRP  A  264       5.2929   1 0 0 0    -17      17    0
R   2516  240  LEU  A  267    238  ILE  A  265       5.5918   1 0 0 0      0       0    0
R   2517  240  LEU  A  267    239  LEU  A  266       3.7951   1 0 0 0     -8       8    0
R   2518  240  LEU  A  267    241  GLY  A  268       3.8227   1 0 0 0     -7       7    0
R   2519  240  LEU  A  267    242  LEU  A  269       5.4142   1 0 0 0      0       0    0
R   2520  240  LEU  A  267    243  ALA  A  270       5.0350   1 0 0 1    130     130    0
R   2521  240  LEU  A  267    244  TYR  A  271       6.1131   1 0 0 1     59      59    0
R   2522  241  GLY  A  268    182  PHE  A  209       5.5024   1 0 0 0     -3       3    0
R   2523  241  GLY  A  268    209  LEU  A  236       6.3573   1 0 0 0     -1       1    0
R   2524  241  GLY  A  268    237  TRP  A  264       5.7605   1 0 0 1     69      69    0
R   2525  241  GLY  A  268    238  ILE  A  265       5.0747   1 0 0 0      0       0    0
R   2526  241  GLY  A  268    239  LEU  A  266       5.6172   1 0 0 0      0       0    0
R   2527  241  GLY  A  268    240  LEU  A  267       3.8227   1 0 0 0    -23      23    0
R   2528  241  GLY  A  268    242  LEU  A  269       3.7890   1 0 0 1     11      11    0
R   2529  241  GLY  A  268    243  ALA  A  270       5.3427   1 0 0 0      0       0    0
R   2530  241  GLY  A  268    244  TYR  A  271       5.0333   1 0 0 0     -6       6    0
R   2531  241  GLY  A  268    245  PHE  A  272       5.9604   1 0 0 1     96      96    0
R   2532  242  LEU  A  269    101  THR  A  128       8.4718   1 0 0 1     88      88    0
R   2533  242  LEU  A  269    103  ILE  A  130      10.0576   1 0 0 1     16      16    0
R   2534  242  LEU  A  269    130  PHE  A  157      11.1088   1 0 0 1     47      47    0
R   2535  242  LEU  A  269    134  LEU  A  161       7.8497   1 0 0 1     58      58    0
R   2537  242  LEU  A  269    209  LEU  A  236       5.3600   1 0 0 0    -29      29    0
R   2538  242  LEU  A  269    211  THR  A  238       8.0409   1 0 0 1    150     150    0
R   2539  242  LEU  A  269    238  ILE  A  265       5.7711   1 0 0 1     41      41    0
R   2540  242  LEU  A  269    239  LEU  A  266       5.3434   1 0 0 0    -21      21    0
R   2541  242  LEU  A  269    240  LEU  A  267       5.4142   1 0 0 0      0       0    0
R   2542  242  LEU  A  269    241  GLY  A  268       3.7890   1 0 0 0    -17      17    0
R   2543  242  LEU  A  269    243  ALA  A  270       3.7851   1 0 0 0     -9       9    0
R   2544  242  LEU  A  269    244  TYR  A  271       5.5351   1 0 0 0      0       0    0
R   2545  242  LEU  A  269    245  PHE  A  272       5.0467   1 0 0 0     -5       5    0
R   2546  242  LEU  A  269    246  ALA  A  273       5.9748   1 0 0 1    102     102    0
R   2547  243  ALA  A  270    134  LEU  A  161       6.0234   1 0 0 1     33      33    0
R   2548  243  ALA  A  270    137  VAL  A  164       6.5320   1 0 0 1     40      40    0
R   2549  243  ALA  A  270    138  GLY  A  165       4.7185   1 0 0 0    -19      19    0
R   2550  243  ALA  A  270    141  LEU  A  168       7.8458   1 0 0 1     27      27    0
R   2551  243  ALA  A  270    239  LEU  A  266       6.3621   1 0 0 0    -30      30    0
R   2552  243  ALA  A  270    240  LEU  A  267       5.0350   1 0 0 1      1       1    0
R   2553  243  ALA  A  270    241  GLY  A  268       5.3427   1 0 0 0      0       0    0
R   2554  243  ALA  A  270    242  LEU  A  269       3.7851   1 0 0 0    -18      18    0
R   2555  243  ALA  A  270    244  TYR  A  271       3.8009   1 0 0 1      2       2    0
R   2556  243  ALA  A  270    245  PHE  A  272       5.3188   1 0 0 0      0       0    0
R   2557  243  ALA  A  270    246  ALA  A  273       5.0343   1 0 0 0     -1       1    0
R   2558  243  ALA  A  270    247  SER  A  274       6.2749   1 0 0 1    174     174    0
R   2559  244  TYR  A  271    141  LEU  A  168       7.7484   1 0 0 1     10      10    0
R   2560  244  TYR  A  271    145  LEU  A  172      10.0131   0 0 0 1     44      44    0
R   2561  244  TYR  A  271    174  PHE  A  201       9.6138   0 0 0 1     17      17    0
R   2562  244  TYR  A  271    175  LEU  A  202       8.0205   1 0 0 1    107     107    0
R   2563  244  TYR  A  271    178  GLY  A  205       6.9369   1 0 0 0      0       0    0
R   2564  244  TYR  A  271    179  CYS  A  206       8.6969   1 0 0 0    -53      53    0
R   2565  244  TYR  A  271    182  PHE  A  209       7.9957   1 0 0 1    174     174    0
R   2566  244  TYR  A  271    183  VAL  A  210      10.0380   0 0 0 1     13      13    0
R   2567  244  TYR  A  271    240  LEU  A  267       6.1131   1 0 0 1     37      37    0
R   2568  244  TYR  A  271    241  GLY  A  268       5.0333   1 0 0 0    -19      19    0
R   2569  244  TYR  A  271    242  LEU  A  269       5.5351   1 0 0 0      0       0    0
R   2570  244  TYR  A  271    243  ALA  A  270       3.8009   1 0 0 0    -17      17    0
R   2571  244  TYR  A  271    245  PHE  A  272       3.7875   1 0 0 1     83      83    0
R   2572  244  TYR  A  271    246  ALA  A  273       5.5641   1 0 0 0      0       0    0
R   2573  244  TYR  A  271    247  SER  A  274       5.3811   1 0 0 1      2       2    0
R   2574  244  TYR  A  271    248  VAL  A  275       6.5134   1 0 0 1     99      99    0
R   2575  245  PHE  A  272    183  VAL  A  210       9.7678   1 0 0 1    102     102    0
R   2576  245  PHE  A  272    206  ILE  A  233       9.6245   0 0 0 1     70      70    0
R   2577  245  PHE  A  272    209  LEU  A  236       6.5714   1 0 0 1    113     113    0
R   2578  245  PHE  A  272    210  THR  A  237       7.2996   1 0 0 1     49      49    0
R   2579  245  PHE  A  272    241  GLY  A  268       5.9604   1 0 0 0    -23      23    0
R   2580  245  PHE  A  272    242  LEU  A  269       5.0467   1 0 0 0    -18      18    0
R   2581  245  PHE  A  272    243  ALA  A  270       5.3188   1 0 0 0      0       0    0
R   2582  245  PHE  A  272    244  TYR  A  271       3.7875   1 0 0 1     28      28    0
R   2583  245  PHE  A  272    246  ALA  A  273       3.7927   1 0 0 0     -2       2    0
R   2584  245  PHE  A  272    247  SER  A  274       5.4131   1 0 0 0      0       0    0
R   2585  245  PHE  A  272    248  VAL  A  275       5.1952   1 0 0 1     17      17    0
R   2586  245  PHE  A  272    249  LEU  A  276       6.2830   1 0 0 1     89      89    0
R   2587  245  PHE  A  272    383  LEU  B  151      10.5388   1 0 0 1     97      97    0
R   2588  246  ALA  A  273    134  LEU  A  161       8.5279   1 0 0 1     61      61    0
R   2589  246  ALA  A  273    242  LEU  A  269       5.9748   1 0 0 0    -25      25    0
R   2590  246  ALA  A  273    243  ALA  A  270       5.0343   1 0 0 0    -20      20    0
R   2591  246  ALA  A  273    244  TYR  A  271       5.5641   1 0 0 0      0       0    0
R   2592  246  ALA  A  273    245  PHE  A  272       3.7927   1 0 0 0    -26      26    0
R   2593  246  ALA  A  273    247  SER  A  274       3.7890   1 0 0 0    -13      13    0
R   2594  246  ALA  A  273    248  VAL  A  275       5.4627   1 0 0 0      0       0    0
R   2595  246  ALA  A  273    249  LEU  A  276       5.0474   1 0 0 1     11      11    0
R   2596  246  ALA  A  273    250  THR  A  277       6.0958   1 0 0 1    158     158    0
R   2597  247  SER  A  274    138  GLY  A  165       6.5415   0 0 0 1     18      18    0
R   2600  247  SER  A  274    174  PHE  A  201      10.5519   1 0 0 0      0       0    0
R   2601  247  SER  A  274    243  ALA  A  270       6.2749   1 0 0 1     73      73    0
R   2602  247  SER  A  274    244  TYR  A  271       5.3811   1 0 0 0      0       0    0
R   2603  247  SER  A  274    245  PHE  A  272       5.4131   1 0 0 0      0       0    0
R   2604  247  SER  A  274    246  ALA  A  273       3.7890   1 0 0 0    -36      36    0
R   2605  247  SER  A  274    248  VAL  A  275       3.7870   1 0 0 1     11      11    0
R   2606  247  SER  A  274    249  LEU  A  276       5.3176   1 0 0 0      0       0    0
R   2607  247  SER  A  274    250  THR  A  277       5.1059   1 0 0 1     98      98    0
R   2608  247  SER  A  274    251  THR  A  278       6.1595   1 0 0 0     -7       7    0
R   2609  248  VAL  A  275    174  PHE  A  201       9.5765   0 0 0 1     25      25    0
R   2610  248  VAL  A  275    175  LEU  A  202       7.4851   0 0 0 1     63      63    0
R   2611  248  VAL  A  275    244  TYR  A  271       6.5134   1 0 0 1     29      29    0
R   2612  248  VAL  A  275    245  PHE  A  272       5.1952   1 0 0 0    -28      28    0
R   2613  248  VAL  A  275    246  ALA  A  273       5.4627   1 0 0 0      0       0    0
R   2614  248  VAL  A  275    247  SER  A  274       3.7870   1 0 0 0    -18      18    0
R   2615  248  VAL  A  275    249  LEU  A  276       3.7925   1 0 0 1     34      34    0
R   2616  248  VAL  A  275    250  THR  A  277       5.6286   1 0 0 0      0       0    0
R   2617  248  VAL  A  275    251  THR  A  278       5.3126   1 0 0 1     22      22    0
R   2618  248  VAL  A  275    252  ILE  A  279       5.8654   1 0 0 1    209     209    0
R   2619  249  LEU  A  276    245  PHE  A  272       6.2830   1 0 0 1      4       4    0
R   2620  249  LEU  A  276    246  ALA  A  273       5.0474   1 0 0 0    -27      27    0
R   2621  249  LEU  A  276    247  SER  A  274       5.3176   1 0 0 0      0       0    0
R   2622  249  LEU  A  276    248  VAL  A  275       3.7925   1 0 0 1      6       6    0
R   2623  249  LEU  A  276    250  THR  A  277       3.8069   1 0 0 0     -4       4    0
R   2624  249  LEU  A  276    251  THR  A  278       5.4223   1 0 0 0      0       0    0
R   2625  249  LEU  A  276    252  ILE  A  279       4.9792   1 0 0 1     13      13    0
R   2626  249  LEU  A  276    253  GLY  A  280       5.4105   1 0 0 1    190     190    0
R   2627  249  LEU  A  276    383  LEU  B  151       9.5147   0 0 0 1      3       3    0
R   2628  249  LEU  A  276    386  ILE  B  154       8.8405   0 0 0 1     49      49    0
R   2629  249  LEU  A  276    387  PRO  B  155       6.6445   1 0 0 1    161     161    0
R   2630  250  THR  A  277    246  ALA  A  273       6.0958   1 0 0 1      8       8    0
R   2631  250  THR  A  277    247  SER  A  274       5.1059   1 0 0 1    105     105    0
R   2632  250  THR  A  277    248  VAL  A  275       5.6286   1 0 0 0      0       0    0
R   2633  250  THR  A  277    249  LEU  A  276       3.8069   1 0 0 0     -6       6    0
R   2634  250  THR  A  277    251  THR  A  278       3.8277   1 0 0 0    -12      12    0
R   2635  250  THR  A  277    252  ILE  A  279       5.6359   1 0 0 0      0       0    0
R   2636  250  THR  A  277    253  GLY  A  280       4.6660   1 0 0 0      0       0    0
R   2637  250  THR  A  277    254  ASN  A  281       5.4816   1 0 0 1    136     136    0
R   2639  251  THR  A  278    174  PHE  A  201      12.0149   0 0 0 1     15      15    0
R   2640  251  THR  A  278    247  SER  A  274       6.1595   1 0 0 0    -40      40    0
R   2641  251  THR  A  278    248  VAL  A  275       5.3126   1 0 0 1     93      93    0
R   2642  251  THR  A  278    249  LEU  A  276       5.4223   1 0 0 0      0       0    0
R   2643  251  THR  A  278    250  THR  A  277       3.8277   1 0 0 0    -23      23    0
R   2644  251  THR  A  278    252  ILE  A  279       3.8162   1 0 0 1     23      23    0
R   2645  251  THR  A  278    253  GLY  A  280       5.0238   1 0 0 0      0       0    0
R   2646  251  THR  A  278    254  ASN  A  281       4.1237   1 0 0 0    -18      18    0
R   2647  251  THR  A  278    255  TRP  A  282       5.8932   1 0 0 1    184     184    0
R   2648  252  ILE  A  279    248  VAL  A  275       5.8654   1 0 0 1      9       9    0
R   2649  252  ILE  A  279    249  LEU  A  276       4.9792   1 0 0 1     24      24    0
R   2650  252  ILE  A  279    250  THR  A  277       5.6359   1 0 0 0      0       0    0
R   2651  252  ILE  A  279    251  THR  A  278       3.8162   1 0 0 1     14      14    0
R   2652  252  ILE  A  279    253  GLY  A  280       3.7837   1 0 0 0    -16      16    0
R   2653  252  ILE  A  279    254  ASN  A  281       5.0874   1 0 0 0      0       0    0
R   2654  252  ILE  A  279    255  TRP  A  282       4.9475   1 0 0 1     39      39    0
R   2655  252  ILE  A  279    256  LEU  A  283       5.9295   1 0 0 0    -43      43    0
R   2657  252  ILE  A  279    387  PRO  B  155       7.3728   1 0 0 1     73      73    0
R   2658  253  GLY  A  280    249  LEU  A  276       5.4105   1 0 0 1     74      74    0
R   2659  253  GLY  A  280    250  THR  A  277       4.6660   1 0 0 0      0       0    0
R   2660  253  GLY  A  280    251  THR  A  278       5.0238   1 0 0 0      0       0    0
R   2661  253  GLY  A  280    252  ILE  A  279       3.7837   1 0 0 0    -23      23    0
R   2662  253  GLY  A  280    254  ASN  A  281       3.7985   1 0 0 1     15      15    0
R   2663  253  GLY  A  280    255  TRP  A  282       5.4793   1 0 0 0      0       0    0
R   2664  253  GLY  A  280    256  LEU  A  283       4.7833   1 0 0 1     86      86    0
R   2665  253  GLY  A  280    257  ARG  A  284       6.2075   1 0 0 1     45      45    0
R   2667  253  GLY  A  280    391  ILE  B  159       6.8849   1 0 0 0     -9       9    0
R   2668  254  ASN  A  281    250  THR  A  277       5.4816   1 0 0 1     40      40    0
R   2669  254  ASN  A  281    251  THR  A  278       4.1237   1 0 0 0    -55      55    0
R   2670  254  ASN  A  281    252  ILE  A  279       5.0874   1 0 0 0      0       0    0
R   2671  254  ASN  A  281    253  GLY  A  280       3.7985   1 0 0 0    -27      27    0
R   2672  254  ASN  A  281    255  TRP  A  282       3.8100   1 0 0 1      8       8    0
R   2673  254  ASN  A  281    256  LEU  A  283       5.3321   1 0 0 1      5       5    0
R   2674  254  ASN  A  281    257  ARG  A  284       5.8487   1 0 0 0    -33      33    0
R   2675  254  ASN  A  281    258  VAL  A  285       7.1806   1 0 0 0    -95      95    0
R   2676  255  TRP  A  282    251  THR  A  278       5.8932   1 0 0 1     13      13    0
R   2677  255  TRP  A  282    252  ILE  A  279       4.9475   1 0 0 1     22      22    0
R   2678  255  TRP  A  282    253  GLY  A  280       5.4793   1 0 0 0      0       0    0
R   2679  255  TRP  A  282    254  ASN  A  281       3.8100   1 0 0 0     -8       8    0
R   2680  255  TRP  A  282    256  LEU  A  283       3.8056   1 0 0 1    171     171    0
R   2681  255  TRP  A  282    257  ARG  A  284       6.0618   1 0 0 0      0       0    0
R   2682  255  TRP  A  282    258  VAL  A  285       6.2211   1 0 0 0    -74      74    0
R   2683  255  TRP  A  282    259  VAL  A  286       6.5858   1 0 0 0    -89      89    0
R   2684  256  LEU  A  283    252  ILE  A  279       5.9295   1 0 0 0    -19      19    0
R   2685  256  LEU  A  283    253  GLY  A  280       4.7833   1 0 0 0     -2       2    0
R   2686  256  LEU  A  283    254  ASN  A  281       5.3321   1 0 0 0      0       0    0
R   2687  256  LEU  A  283    255  TRP  A  282       3.8056   1 0 0 1     82      82    0
R   2688  256  LEU  A  283    257  ARG  A  284       3.8372   1 0 0 0     -2       2    0
R   2689  256  LEU  A  283    258  VAL  A  285       5.6890   1 0 0 0      0       0    0
R   2690  256  LEU  A  283    259  VAL  A  286       5.0745   1 0 0 1     41      41    0
R   2691  256  LEU  A  283    387  PRO  B  155       8.3474   1 0 0 1     85      85    0
R   2693  256  LEU  A  283    391  ILE  B  159       7.2315   1 0 0 1    113     113    0
R   2694  257  ARG  A  284    253  GLY  A  280       6.2075   1 0 0 1      1       1    0
R   2695  257  ARG  A  284    254  ASN  A  281       5.8487   1 0 0 0    -51      51    0
R   2696  257  ARG  A  284    255  TRP  A  282       6.0618   1 0 0 0      0       0    0
R   2697  257  ARG  A  284    256  LEU  A  283       3.8372   1 0 0 0    -33      33    0
R   2698  257  ARG  A  284    258  VAL  A  285       3.8378   1 0 0 0    -22      22    0
R   2699  257  ARG  A  284    259  VAL  A  286       5.2997   1 0 0 0      0       0    0
R   2700  257  ARG  A  284    391  ILE  B  159       6.6501   1 0 0 1     29      29    0
R   2701  257  ARG  A  284    398  ASP  B  166      12.2893   0 0 0 1     30      30    0
R   2702  258  VAL  A  285    254  ASN  A  281       7.1806   1 0 0 0    -54      54    0
R   2703  258  VAL  A  285    255  TRP  A  282       6.2211   1 0 0 0    -89      89    0
R   2704  258  VAL  A  285    256  LEU  A  283       5.6890   1 0 0 0      0       0    0
R   2705  258  VAL  A  285    257  ARG  A  284       3.8378   1 0 0 0    -18      18    0
R   2706  258  VAL  A  285    259  VAL  A  286       3.8318   1 0 0 0    -72      72    0
R   2707  259  VAL  A  286    255  TRP  A  282       6.5858   1 0 0 1     28      28    0
R   2708  259  VAL  A  286    256  LEU  A  283       5.0745   1 0 0 0    -26      26    0
R   2709  259  VAL  A  286    257  ARG  A  284       5.2997   1 0 0 0    -12      12    0
R   2710  259  VAL  A  286    258  VAL  A  285       3.8318   1 0 0 0    -83      83    0
R   2712  260  ARG  B   28    261  SER  B   29       3.8047   1 0 0 1     14      14    0
R   2713  260  ARG  B   28    262  THR  B   30       5.5898   1 0 0 1     22      22    0
R   2714  260  ARG  B   28    263  THR  B   31       5.3157   1 0 0 1    236     236    0
R   2715  260  ARG  B   28    264  LEU  B   32       6.2033   1 0 0 1      6       6    0
R   2716  261  SER  B   29    140  ARG  A  167       8.3401   1 0 0 1    152     152    0
R   2717  261  SER  B   29    260  ARG  B   28       3.8047   1 0 0 0     -4       4    0
R   2718  261  SER  B   29    262  THR  B   30       3.8025   1 0 0 1      5       5    0
R   2719  261  SER  B   29    263  THR  B   31       5.3775   1 0 0 0      0       0    0
R   2720  261  SER  B   29    264  LEU  B   32       4.9958   1 0 0 1      5       5    0
R   2721  261  SER  B   29    265  LEU  B   33       6.3740   1 0 0 1     41      41    0
R   2722  262  THR  B   30    260  ARG  B   28       5.5898   1 0 0 1     13      13    0
R   2723  262  THR  B   30    261  SER  B   29       3.8025   1 0 0 0    -31      31    0
R   2724  262  THR  B   30    263  THR  B   31       3.7864   1 0 0 1     12      12    0
R   2725  262  THR  B   30    264  LEU  B   32       5.4885   1 0 0 0      0       0    0
R   2726  262  THR  B   30    265  LEU  B   33       5.4723   1 0 0 0     -5       5    0
R   2727  262  THR  B   30    266  ALA  B   34       6.2059   1 0 0 1     82      82    0
R   2728  263  THR  B   31    260  ARG  B   28       5.3157   1 0 0 1    204     204    0
R   2729  263  THR  B   31    261  SER  B   29       5.3775   1 0 0 0      0       0    0
R   2730  263  THR  B   31    262  THR  B   30       3.7864   1 0 0 1     13      13    0
R   2731  263  THR  B   31    264  LEU  B   32       3.7969   1 0 0 1     30      30    0
R   2732  263  THR  B   31    265  LEU  B   33       5.5211   1 0 0 0      0       0    0
R   2733  263  THR  B   31    266  ALA  B   34       4.9894   1 0 0 0     -4       4    0
R   2734  263  THR  B   31    267  LEU  B   35       6.0173   1 0 0 1    104     104    0
R   2736  264  LEU  B   32    136  GLY  A  163       6.4025   1 0 0 0     -3       3    0
R   2737  264  LEU  B   32    137  VAL  A  164       7.3218   1 0 0 1     40      40    0
R   2738  264  LEU  B   32    140  ARG  A  167       8.6899   1 0 0 1    112     112    0
R   2739  264  LEU  B   32    260  ARG  B   28       6.2033   1 0 0 0    -24      24    0
R   2740  264  LEU  B   32    261  SER  B   29       4.9958   1 0 0 0    -34      34    0
R   2741  264  LEU  B   32    262  THR  B   30       5.4885   1 0 0 0      0       0    0
R   2742  264  LEU  B   32    263  THR  B   31       3.7969   1 0 0 0     -2       2    0
R   2743  264  LEU  B   32    265  LEU  B   33       3.8218   1 0 0 1     38      38    0
R   2744  264  LEU  B   32    266  ALA  B   34       5.4636   1 0 0 0      0       0    0
R   2745  264  LEU  B   32    267  LEU  B   35       5.0822   1 0 0 1      6       6    0
R   2746  264  LEU  B   32    268  LEU  B   36       6.1648   1 0 0 1    111     111    0
R   2748  265  LEU  B   33    261  SER  B   29       6.3740   1 0 0 0    -67      67    0
R   2749  265  LEU  B   33    262  THR  B   30       5.4723   1 0 0 0    -12      12    0
R   2750  265  LEU  B   33    263  THR  B   31       5.5211   1 0 0 0      0       0    0
R   2751  265  LEU  B   33    264  LEU  B   32       3.8218   1 0 0 1     32      32    0
R   2752  265  LEU  B   33    266  ALA  B   34       3.7891   1 0 0 0    -10      10    0
R   2753  265  LEU  B   33    267  LEU  B   35       5.2476   1 0 0 0      0       0    0
R   2754  265  LEU  B   33    268  LEU  B   36       4.7761   1 0 0 1     91      91    0
R   2755  265  LEU  B   33    269  ALA  B   37       6.1323   1 0 0 1    113     113    0
R   2756  266  ALA  B   34    262  THR  B   30       6.2059   1 0 0 0    -14      14    0
R   2757  266  ALA  B   34    263  THR  B   31       4.9894   1 0 0 0    -37      37    0
R   2758  266  ALA  B   34    264  LEU  B   32       5.4636   1 0 0 0      0       0    0
R   2759  266  ALA  B   34    265  LEU  B   33       3.7891   1 0 0 0    -26      26    0
R   2760  266  ALA  B   34    267  LEU  B   35       3.7763   1 0 0 0     -7       7    0
R   2761  266  ALA  B   34    268  LEU  B   36       5.3568   1 0 0 0      0       0    0
R   2762  266  ALA  B   34    269  ALA  B   37       5.1854   1 0 0 0      0       0    0
R   2763  266  ALA  B   34    270  LEU  B   38       6.0303   1 0 0 1    113     113    0
R   2764  267  LEU  B   35    129  LEU  A  156       8.7206   1 0 0 1     91      91    0
R   2765  267  LEU  B   35    132  ILE  A  159       8.5295   1 0 0 1     93      93    0
R   2766  267  LEU  B   35    133  LEU  A  160       6.1505   1 0 0 1     55      55    0
R   2768  267  LEU  B   35    263  THR  B   31       6.0173   1 0 0 0    -30      30    0
R   2769  267  LEU  B   35    264  LEU  B   32       5.0822   1 0 0 0    -14      14    0
R   2770  267  LEU  B   35    265  LEU  B   33       5.2476   1 0 0 0      0       0    0
R   2771  267  LEU  B   35    266  ALA  B   34       3.7763   1 0 0 0    -24      24    0
R   2772  267  LEU  B   35    268  LEU  B   36       3.7728   1 0 0 0    -14      14    0
R   2773  267  LEU  B   35    269  ALA  B   37       5.4684   1 0 0 0      0       0    0
R   2774  267  LEU  B   35    270  LEU  B   38       4.9080   1 0 0 1     51      51    0
R   2775  267  LEU  B   35    271  VAL  B   39       6.1197   1 0 0 1     86      86    0
R   2776  268  LEU  B   36    133  LEU  A  160       6.9326   1 0 0 1     84      84    0
R   2777  268  LEU  B   36    137  VAL  A  164       9.3480   0 0 0 1     22      22    0
R   2778  268  LEU  B   36    239  LEU  A  266      10.8165   1 0 0 1    105     105    0
R   2779  268  LEU  B   36    264  LEU  B   32       6.1648   1 0 0 0     -4       4    0
R   2780  268  LEU  B   36    265  LEU  B   33       4.7761   1 0 0 1     44      44    0
R   2781  268  LEU  B   36    266  ALA  B   34       5.3568   1 0 0 0      0       0    0
R   2782  268  LEU  B   36    267  LEU  B   35       3.7728   1 0 0 0    -38      38    0
R   2783  268  LEU  B   36    269  ALA  B   37       3.7954   1 0 0 0     -4       4    0
R   2784  268  LEU  B   36    270  LEU  B   38       5.3449   1 0 0 0      0       0    0
R   2785  268  LEU  B   36    271  VAL  B   39       5.4108   1 0 0 0     -7       7    0
R   2786  268  LEU  B   36    272  LEU  B   40       5.9087   1 0 0 1     90      90    0
R   2787  269  ALA  B   37    265  LEU  B   33       6.1323   1 0 0 0     -3       3    0
R   2788  269  ALA  B   37    266  ALA  B   34       5.1854   1 0 0 0    -29      29    0
R   2789  269  ALA  B   37    267  LEU  B   35       5.4684   1 0 0 0      0       0    0
R   2790  269  ALA  B   37    268  LEU  B   36       3.7954   1 0 0 0    -28      28    0
R   2791  269  ALA  B   37    270  LEU  B   38       3.7627   1 0 0 0    -14      14    0
R   2792  269  ALA  B   37    271  VAL  B   39       5.6765   1 0 0 0      0       0    0
R   2793  269  ALA  B   37    272  LEU  B   40       4.9824   1 0 0 0    -10      10    0
R   2794  269  ALA  B   37    273  LEU  B   41       6.1985   1 0 0 1     61      61    0
R   2795  270  LEU  B   38    129  LEU  A  156       9.3104   1 0 0 1    204     204    0
R   2796  270  LEU  B   38    266  ALA  B   34       6.0303   1 0 0 0    -10      10    0
R   2797  270  LEU  B   38    267  LEU  B   35       4.9080   1 0 0 1     14      14    0
R   2798  270  LEU  B   38    268  LEU  B   36       5.3449   1 0 0 0      0       0    0
R   2799  270  LEU  B   38    269  ALA  B   37       3.7627   1 0 0 0    -36      36    0
R   2800  270  LEU  B   38    271  VAL  B   39       3.7953   1 0 0 0    -74      74    0
R   2801  270  LEU  B   38    272  LEU  B   40       5.3298   1 0 0 0      0       0    0
R   2802  270  LEU  B   38    273  LEU  B   41       5.0808   1 0 0 1    119     119    0
R   2803  270  LEU  B   38    274  TYR  B   42       6.2657   1 0 0 1     70      70    0
R   2804  271  VAL  B   39    100  ILE  A  127       9.5616   1 0 0 1    114     114    0
R   2805  271  VAL  B   39    129  LEU  A  156       7.3702   1 0 0 1    128     128    0
R   2806  271  VAL  B   39    130  PHE  A  157       6.9991   0 0 0 1     36      36    0
R   2807  271  VAL  B   39    133  LEU  A  160       8.0002   1 0 0 1    115     115    0
R   2808  271  VAL  B   39    267  LEU  B   35       6.1197   1 0 0 0    -25      25    0
R   2809  271  VAL  B   39    268  LEU  B   36       5.4108   1 0 0 0    -12      12    0
R   2810  271  VAL  B   39    269  ALA  B   37       5.6765   1 0 0 0      0       0    0
R   2811  271  VAL  B   39    270  LEU  B   38       3.7953   1 0 0 0    -23      23    0
R   2812  271  VAL  B   39    272  LEU  B   40       3.7578   1 0 0 0    -12      12    0
R   2813  271  VAL  B   39    273  LEU  B   41       5.0883   1 0 0 0      0       0    0
R   2814  271  VAL  B   39    274  TYR  B   42       4.6316   1 0 0 1    141     141    0
R   2815  271  VAL  B   39    275  LEU  B   43       6.1660   1 0 0 1    104     104    0
R   2816  272  LEU  B   40     93  PHE  A  120       9.3534   1 0 0 1    110     110    0
R   2817  272  LEU  B   40    268  LEU  B   36       5.9087   1 0 0 0    -31      31    0
R   2818  272  LEU  B   40    269  ALA  B   37       4.9824   1 0 0 0    -24      24    0
R   2819  272  LEU  B   40    270  LEU  B   38       5.3298   1 0 0 0      0       0    0
R   2820  272  LEU  B   40    271  VAL  B   39       3.7578   1 0 0 0    -38      38    0
R   2821  272  LEU  B   40    273  LEU  B   41       3.8121   1 0 0 1     28      28    0
R   2822  272  LEU  B   40    274  TYR  B   42       5.5289   1 0 0 0      0       0    0
R   2823  272  LEU  B   40    275  LEU  B   43       5.2271   1 0 0 0     -4       4    0
R   2824  272  LEU  B   40    276  VAL  B   44       6.4580   1 0 0 1     84      84    0
R   2825  273  LEU  B   41    269  ALA  B   37       6.1985   1 0 0 0    -20      20    0
R   2826  273  LEU  B   41    270  LEU  B   38       5.0808   1 0 0 1      6       6    0
R   2827  273  LEU  B   41    271  VAL  B   39       5.0883   1 0 0 0      0       0    0
R   2828  273  LEU  B   41    272  LEU  B   40       3.8121   1 0 0 1     23      23    0
R   2829  273  LEU  B   41    274  TYR  B   42       3.8134   1 0 0 1     15      15    0
R   2830  273  LEU  B   41    275  LEU  B   43       5.1169   1 0 0 1      1       1    0
R   2831  273  LEU  B   41    276  VAL  B   44       5.0116   1 0 0 1     48      48    0
R   2832  273  LEU  B   41    277  SER  B   45       5.8444   1 0 0 1    167     167    0
R   2833  274  TYR  B   42    100  ILE  A  127       9.7596   1 0 0 1     35      35    0
R   2834  274  TYR  B   42    121  PHE  A  148      12.1527   0 0 0 1      1       1    0
R   2835  274  TYR  B   42    122  TYR  A  149       8.9252   1 0 0 1    313     313    0
R   2836  274  TYR  B   42    125  VAL  A  152       9.6700   1 0 0 1     23      23    0
R   2837  274  TYR  B   42    126  GLY  A  153       7.6155   1 0 0 1     38      38    0
R   2838  274  TYR  B   42    129  LEU  A  156       9.2238   1 0 0 1     89      89    0
R   2839  274  TYR  B   42    270  LEU  B   38       6.2657   1 0 0 1     26      26    0
R   2840  274  TYR  B   42    271  VAL  B   39       4.6316   1 0 0 0     -4       4    0
R   2841  274  TYR  B   42    272  LEU  B   40       5.5289   1 0 0 0      0       0    0
R   2842  274  TYR  B   42    273  LEU  B   41       3.8134   1 0 0 0     -8       8    0
R   2843  274  TYR  B   42    275  LEU  B   43       3.7957   1 0 0 1     25      25    0
R   2844  274  TYR  B   42    276  VAL  B   44       5.7472   1 0 0 0      0       0    0
R   2845  274  TYR  B   42    277  SER  B   45       5.0124   1 0 0 1     74      74    0
R   2846  274  TYR  B   42    278  GLY  B   46       6.1129   1 0 0 1     18      18    0
R   2847  275  LEU  B   43     93  PHE  A  120       5.8145   1 0 0 1    149     149    0
R   2848  275  LEU  B   43     96  SER  A  123       6.0019   1 0 0 1     14      14    0
R   2849  275  LEU  B   43     97  GLY  A  124       6.8180   1 0 0 0   -103     103    0
R   2850  275  LEU  B   43    100  ILE  A  127       8.9716   1 0 0 1    130     130    0
R   2851  275  LEU  B   43    122  TYR  A  149       9.5981   1 0 0 0    -49      49    0
R   2852  275  LEU  B   43    271  VAL  B   39       6.1660   1 0 0 1     58      58    0
R   2853  275  LEU  B   43    272  LEU  B   40       5.2271   1 0 0 0    -11      11    0
R   2854  275  LEU  B   43    273  LEU  B   41       5.1169   1 0 0 0      0       0    0
R   2855  275  LEU  B   43    274  TYR  B   42       3.7957   1 0 0 0    -24      24    0
R   2856  275  LEU  B   43    276  VAL  B   44       3.7659   1 0 0 0     -8       8    0
R   2857  275  LEU  B   43    277  SER  B   45       5.0855   1 0 0 0      0       0    0
R   2858  275  LEU  B   43    278  GLY  B   46       4.8369   1 0 0 1     11      11    0
R   2859  275  LEU  B   43    279  ALA  B   47       5.9454   1 0 0 1    164     164    0
R   2860  276  VAL  B   44     89  LEU  A  116       8.2121   0 0 0 1     19      19    0
R   2861  276  VAL  B   44     93  PHE  A  120       5.9689   1 0 0 1     58      58    0
R   2862  276  VAL  B   44    272  LEU  B   40       6.4580   1 0 0 0    -38      38    0
R   2863  276  VAL  B   44    273  LEU  B   41       5.0116   1 0 0 1     24      24    0
R   2864  276  VAL  B   44    274  TYR  B   42       5.7472   1 0 0 0      0       0    0
R   2865  276  VAL  B   44    275  LEU  B   43       3.7659   1 0 0 0    -41      41    0
R   2866  276  VAL  B   44    277  SER  B   45       3.7813   1 0 0 0     -9       9    0
R   2867  276  VAL  B   44    278  GLY  B   46       5.4067   1 0 0 0      0       0    0
R   2868  276  VAL  B   44    279  ALA  B   47       4.8671   1 0 0 1      4       4    0
R   2869  276  VAL  B   44    280  LEU  B   48       6.1736   1 0 0 1    182     182    0
R   2871  277  SER  B   45    273  LEU  B   41       5.8444   1 0 0 1     31      31    0
R   2872  277  SER  B   45    274  TYR  B   42       5.0124   1 0 0 1    120     120    0
R   2873  277  SER  B   45    275  LEU  B   43       5.0855   1 0 0 0      0       0    0
R   2874  277  SER  B   45    276  VAL  B   44       3.7813   1 0 0 0    -59      59    0
R   2875  277  SER  B   45    278  GLY  B   46       3.8081   1 0 0 1     29      29    0
R   2876  277  SER  B   45    279  ALA  B   47       5.4002   1 0 0 0      0       0    0
R   2877  277  SER  B   45    280  LEU  B   48       5.3791   1 0 0 0     -9       9    0
R   2878  277  SER  B   45    281  VAL  B   49       6.5075   1 0 0 1     33      33    0
R   2879  278  GLY  B   46     96  SER  A  123       5.9528   1 0 0 0      0       0    0
R   2880  278  GLY  B   46    118  PHE  A  145       9.1030   1 0 0 0      0       0    0
R   2881  278  GLY  B   46    122  TYR  A  149       7.3394   1 0 0 0      0       0    0
R   2882  278  GLY  B   46    274  TYR  B   42       6.1129   1 0 0 1     24      24    0
R   2883  278  GLY  B   46    275  LEU  B   43       4.8369   1 0 0 1      2       2    0
R   2884  278  GLY  B   46    276  VAL  B   44       5.4067   1 0 0 0      0       0    0
R   2885  278  GLY  B   46    277  SER  B   45       3.8081   1 0 0 1     38      38    0
R   2886  278  GLY  B   46    279  ALA  B   47       3.7906   1 0 0 1      6       6    0
R   2887  278  GLY  B   46    280  LEU  B   48       5.5533   1 0 0 0      0       0    0
R   2888  278  GLY  B   46    281  VAL  B   49       5.2204   1 0 0 1      8       8    0
R   2889  278  GLY  B   46    282  PHE  B   50       6.2081   1 0 0 1     82      82    0
R   2890  279  ALA  B   47     89  LEU  A  116       5.9759   1 0 0 1     76      76    0
R   2891  279  ALA  B   47     92  ALA  A  119       4.5105   1 0 0 0    -13      13    0
R   2892  279  ALA  B   47     93  PHE  A  120       4.5083   1 0 0 0    -94      94    0
R   2893  279  ALA  B   47     96  SER  A  123       6.3953   1 0 0 1     12      12    0
R   2894  279  ALA  B   47    275  LEU  B   43       5.9454   1 0 0 0     -7       7    0
R   2895  279  ALA  B   47    276  VAL  B   44       4.8671   1 0 0 0    -24      24    0
R   2896  279  ALA  B   47    277  SER  B   45       5.4002   1 0 0 0      0       0    0
R   2897  279  ALA  B   47    278  GLY  B   46       3.7906   1 0 0 0    -11      11    0
R   2898  279  ALA  B   47    280  LEU  B   48       3.7901   1 0 0 0    -10      10    0
R   2899  279  ALA  B   47    281  VAL  B   49       5.3902   1 0 0 1      4       4    0
R   2900  279  ALA  B   47    282  PHE  B   50       5.3587   1 0 0 1      1       1    0
R   2901  279  ALA  B   47    283  ARG  B   51       5.9386   1 0 0 1    100     100    0
R   2902  280  LEU  B   48     89  LEU  A  116       6.7014   1 0 0 1     96      96    0
R   2903  280  LEU  B   48    276  VAL  B   44       6.1736   1 0 0 1     39      39    0
R   2904  280  LEU  B   48    277  SER  B   45       5.3791   1 0 0 0    -22      22    0
R   2905  280  LEU  B   48    278  GLY  B   46       5.5533   1 0 0 0      0       0    0
R   2906  280  LEU  B   48    279  ALA  B   47       3.7901   1 0 0 0    -28      28    0
R   2907  280  LEU  B   48    281  VAL  B   49       3.7960   1 0 0 1      5       5    0
R   2908  280  LEU  B   48    282  PHE  B   50       5.7699   1 0 0 0      0       0    0
R   2909  280  LEU  B   48    283  ARG  B   51       5.2903   1 0 0 0    -69      69    0
R   2910  280  LEU  B   48    284  ALA  B   52       6.0630   1 0 0 1     88      88    0
R   2911  281  VAL  B   49    118  PHE  A  145       8.4764   1 0 0 1    174     174    0
R   2912  281  VAL  B   49    277  SER  B   45       6.5075   1 0 0 0    -57      57    0
R   2913  281  VAL  B   49    278  GLY  B   46       5.2204   1 0 0 0    -16      16    0
R   2914  281  VAL  B   49    279  ALA  B   47       5.3902   1 0 0 0      0       0    0
R   2915  281  VAL  B   49    280  LEU  B   48       3.7960   1 0 0 0    -15      15    0
R   2916  281  VAL  B   49    282  PHE  B   50       3.7910   1 0 0 0     -9       9    0
R   2917  281  VAL  B   49    283  ARG  B   51       5.4089   1 0 0 0      0       0    0
R   2918  281  VAL  B   49    284  ALA  B   52       5.1235   1 0 0 1      8       8    0
R   2919  281  VAL  B   49    285  LEU  B   53       5.9781   1 0 0 1    199     199    0
R   2920  282  PHE  B   50     87  TRP  A  114       7.0267   1 0 0 1     93      93    0
R   2921  282  PHE  B   50     92  ALA  A  119       6.1956   1 0 0 1     18      18    0
R   2922  282  PHE  B   50     95  PHE  A  122       8.7094   1 0 0 1     94      94    0
R   2923  282  PHE  B   50     96  SER  A  123       8.3034   1 0 0 0    -86      86    0
R   2924  282  PHE  B   50     99  ILE  A  126      12.1177   1 0 0 1     81      81    0
R   2925  282  PHE  B   50    110  LEU  A  137       8.7074   1 0 0 1    135     135    0
R   2926  282  PHE  B   50    115  GLY  A  142       6.5495   1 0 0 0    -70      70    0
R   2927  282  PHE  B   50    118  PHE  A  145       8.4268   1 0 0 1    123     123    0
R   2928  282  PHE  B   50    119  CYS  A  146       8.5421   1 0 0 1      6       6    0
R   2929  282  PHE  B   50    122  TYR  A  149      10.3786   0 0 0 1     29      29    0
R   2930  282  PHE  B   50    278  GLY  B   46       6.2081   1 0 0 0    -48      48    0
R   2931  282  PHE  B   50    279  ALA  B   47       5.3587   1 0 0 0     -9       9    0
R   2932  282  PHE  B   50    280  LEU  B   48       5.7699   1 0 0 0      0       0    0
R   2933  282  PHE  B   50    281  VAL  B   49       3.7910   1 0 0 0    -26      26    0
R   2934  282  PHE  B   50    283  ARG  B   51       3.7759   1 0 0 0    -34      34    0
R   2935  282  PHE  B   50    284  ALA  B   52       5.4043   1 0 0 0      0       0    0
R   2936  282  PHE  B   50    285  LEU  B   53       4.8448   1 0 0 1      9       9    0
R   2937  282  PHE  B   50    286  GLU  B   54       5.6679   1 0 0 1     57      57    0
R   2938  283  ARG  B   51     87  TRP  A  114       4.9874   1 0 0 0    -39      39    0
R   2939  283  ARG  B   51     88  ASP  A  115       5.8624   1 0 0 0     -2       2    0
R   2940  283  ARG  B   51     89  LEU  A  116       6.4005   1 0 0 0   -163     163    0
R   2941  283  ARG  B   51     92  ALA  A  119       6.0257   1 0 0 1      7       7    0
R   2942  283  ARG  B   51    279  ALA  B   47       5.9386   1 0 0 0    -16      16    0
R   2943  283  ARG  B   51    280  LEU  B   48       5.2903   1 0 0 0    -69      69    0
R   2944  283  ARG  B   51    281  VAL  B   49       5.4089   1 0 0 0      0       0    0
R   2945  283  ARG  B   51    282  PHE  B   50       3.7759   1 0 0 0    -77      77    0
R   2946  283  ARG  B   51    284  ALA  B   52       3.7765   1 0 0 0    -17      17    0
R   2947  283  ARG  B   51    285  LEU  B   53       5.3720   1 0 0 1      7       7    0
R   2948  283  ARG  B   51    286  GLU  B   54       5.3905   1 0 0 0      0       0    0
R   2949  283  ARG  B   51    287  GLN  B   55       5.1553   1 0 0 1     20      20    0
R   2950  283  ARG  B   51    288  PRO  B   56       8.1495   1 0 0 0      0       0    0
R   2951  284  ALA  B   52    280  LEU  B   48       6.0630   1 0 0 0    -47      47    0
R   2952  284  ALA  B   52    281  VAL  B   49       5.1235   1 0 0 0    -17      17    0
R   2953  284  ALA  B   52    282  PHE  B   50       5.4043   1 0 0 0      0       0    0
R   2954  284  ALA  B   52    283  ARG  B   51       3.7765   1 0 0 0    -54      54    0
R   2955  284  ALA  B   52    285  LEU  B   53       3.8197   1 0 0 1      2       2    0
R   2956  284  ALA  B   52    286  GLU  B   54       5.9680   1 0 0 0      0       0    0
R   2957  284  ALA  B   52    288  PRO  B   56       7.3920   1 0 0 0    -93      93    0
R   2958  285  LEU  B   53    112  THR  A  139       7.3261   1 0 0 0   -155     155    0
R   2959  285  LEU  B   53    114  ALA  A  141       7.1006   1 0 0 1     74      74    0
R   2960  285  LEU  B   53    115  GLY  A  142       6.1284   1 0 0 0      0       0    0
R   2961  285  LEU  B   53    118  PHE  A  145       9.4197   1 0 0 1     82      82    0
R   2962  285  LEU  B   53    281  VAL  B   49       5.9781   1 0 0 1     99      99    0
R   2963  285  LEU  B   53    282  PHE  B   50       4.8448   1 0 0 0    -16      16    0
R   2964  285  LEU  B   53    283  ARG  B   51       5.3720   1 0 0 1      9       9    0
R   2965  285  LEU  B   53    284  ALA  B   52       3.8197   1 0 0 0    -24      24    0
R   2966  285  LEU  B   53    286  GLU  B   54       3.8217   1 0 0 1     32      32    0
R   2967  285  LEU  B   53    287  GLN  B   55       6.2549   1 0 0 0      0       0    0
R   2968  285  LEU  B   53    288  PRO  B   56       7.1289   1 0 0 0    -15      15    0
R   2970  286  GLU  B   54     87  TRP  A  114       6.4387   1 0 0 1    112     112    0
R   2971  286  GLU  B   54    110  LEU  A  137       6.9652   1 0 0 1     61      61    0
R   2972  286  GLU  B   54    111  ARG  A  138       6.9193   1 0 0 1     73      73    0
R   2973  286  GLU  B   54    112  THR  A  139       6.6298   1 0 0 1    198     198    0
R   2974  286  GLU  B   54    115  GLY  A  142       6.8621   1 0 0 0      0       0    0
R   2975  286  GLU  B   54    282  PHE  B   50       5.6679   1 0 0 0    -41      41    0
R   2976  286  GLU  B   54    283  ARG  B   51       5.3905   1 0 0 1      1       1    0
R   2977  286  GLU  B   54    284  ALA  B   52       5.9680   1 0 0 0      0       0    0
R   2978  286  GLU  B   54    285  LEU  B   53       3.8217   1 0 0 0     -4       4    0
R   2979  286  GLU  B   54    287  GLN  B   55       3.7618   1 0 0 0    -23      23    0
R   2980  286  GLU  B   54    288  PRO  B   56       5.5635   1 0 0 0     -4       4    0
R   2981  286  GLU  B   54    289  HIS  B   57       5.4967   1 0 0 1      2       2    0
R   2982  286  GLU  B   54    290  GLU  B   58       6.3534   1 0 0 1     78      78    0
R   2983  287  GLN  B   55     81  ASN  A  108       8.6124   0 0 0 1      6       6    0
R   2985  287  GLN  B   55     85  SER  A  112       7.7859   1 0 0 1     78      78    0
R   2986  287  GLN  B   55     87  TRP  A  114       5.0006   1 0 0 1     25      25    0
R   2987  287  GLN  B   55     88  ASP  A  115       6.8180   1 0 0 0    -12      12    0
R   2988  287  GLN  B   55    283  ARG  B   51       5.1553   1 0 0 0   -157     157    0
R   2990  287  GLN  B   55    285  LEU  B   53       6.2549   1 0 0 0      0       0    0
R   2991  287  GLN  B   55    286  GLU  B   54       3.7618   1 0 0 0    -42      42    0
R   2992  287  GLN  B   55    288  PRO  B   56       3.8109   1 0 0 0    -52      52    0
R   2993  287  GLN  B   55    289  HIS  B   57       5.4448   1 0 0 0      0       0    0
R   2994  287  GLN  B   55    290  GLU  B   58       4.8669   1 0 0 0    -26      26    0
R   2995  287  GLN  B   55    291  GLN  B   59       6.0774   1 0 0 1    209     209    0
R   2996  288  PRO  B   56    283  ARG  B   51       8.1495   1 0 0 0    -35      35    0
R   2997  288  PRO  B   56    284  ALA  B   52       7.3920   1 0 0 0    -61      61    0
R   2998  288  PRO  B   56    285  LEU  B   53       7.1289   1 0 0 0     -4       4    0
R   2999  288  PRO  B   56    286  GLU  B   54       5.5635   1 0 0 0    -22      22    0
R   3000  288  PRO  B   56    287  GLN  B   55       3.8109   1 0 0 0    -69      69    0
R   3001  288  PRO  B   56    289  HIS  B   57       3.8028   1 0 0 1      1       1    0
R   3002  288  PRO  B   56    290  GLU  B   58       5.2709   1 0 0 1      1       1    0
R   3003  288  PRO  B   56    291  GLN  B   59       5.1972   1 0 0 0    -60      60    0
R   3004  288  PRO  B   56    292  GLN  B   60       6.2095   1 0 0 1     73      73    0
R   3005  288  PRO  B   56    295  ARG  B   63      10.6512   0 0 0 1     21      21    0
R   3006  289  HIS  B   57     70  GLY  A   97       7.2710   1 0 0 1     13      13    0
R   3007  289  HIS  B   57    111  ARG  A  138       7.4364   1 0 0 1     50      50    0
R   3008  289  HIS  B   57    112  THR  A  139       7.8745   1 0 0 1     95      95    0
R   3009  289  HIS  B   57    285  LEU  B   53       8.1127   0 0 0 1      1       1    0
R   3010  289  HIS  B   57    286  GLU  B   54       5.4967   1 0 0 0    -38      38    0
R   3011  289  HIS  B   57    287  GLN  B   55       5.4448   1 0 0 0      0       0    0
R   3012  289  HIS  B   57    288  PRO  B   56       3.8028   1 0 0 0    -72      72    0
R   3013  289  HIS  B   57    290  GLU  B   58       3.7686   1 0 0 0     -4       4    0
R   3014  289  HIS  B   57    291  GLN  B   59       5.6218   1 0 0 0      0       0    0
R   3015  289  HIS  B   57    292  GLN  B   60       5.1599   1 0 0 0     -5       5    0
R   3016  289  HIS  B   57    293  ALA  B   61       6.3670   1 0 0 1    106     106    0
R   3017  290  GLU  B   58     70  GLY  A   97       6.2549   1 0 0 0     -6       6    0
R   3018  290  GLU  B   58     71  GLY  A   98       5.3735   1 0 0 0    -70      70    0
R   3019  290  GLU  B   58     81  ASN  A  108       7.1886   1 0 0 0   -122     122    0
R   3021  290  GLU  B   58     85  SER  A  112       7.7596   1 0 0 1    140     140    0
R   3022  290  GLU  B   58     86  ALA  A  113       8.0610   1 0 0 1     94      94    0
R   3023  290  GLU  B   58     87  TRP  A  114       7.5246   1 0 0 1     57      57    0
R   3024  290  GLU  B   58    286  GLU  B   54       6.3534   1 0 0 0    -20      20    0
R   3025  290  GLU  B   58    287  GLN  B   55       4.8669   1 0 0 0    -53      53    0
R   3026  290  GLU  B   58    288  PRO  B   56       5.2709   1 0 0 0      0       0    0
R   3027  290  GLU  B   58    289  HIS  B   57       3.7686   1 0 0 0    -38      38    0
R   3028  290  GLU  B   58    291  GLN  B   59       3.7600   1 0 0 1      5       5    0
R   3029  290  GLU  B   58    292  GLN  B   60       5.2726   1 0 0 0      0       0    0
R   3030  290  GLU  B   58    293  ALA  B   61       5.1014   1 0 0 0     -2       2    0
R   3031  290  GLU  B   58    294  GLN  B   62       6.3373   1 0 0 1    112     112    0
R   3032  291  GLN  B   59     81  ASN  A  108       5.7087   1 0 0 0    -79      79    0
R   3033  291  GLN  B   59    287  GLN  B   55       6.0774   1 0 0 1    142     142    0
R   3034  291  GLN  B   59    288  PRO  B   56       5.1972   1 0 0 0    -60      60    0
R   3035  291  GLN  B   59    289  HIS  B   57       5.6218   1 0 0 0      0       0    0
R   3036  291  GLN  B   59    290  GLU  B   58       3.7600   1 0 0 0    -20      20    0
R   3037  291  GLN  B   59    292  GLN  B   60       3.7964   1 0 0 0    -10      10    0
R   3038  291  GLN  B   59    293  ALA  B   61       5.4022   1 0 0 0      0       0    0
R   3039  291  GLN  B   59    294  GLN  B   62       5.0749   1 0 0 0     -4       4    0
R   3040  291  GLN  B   59    295  ARG  B   63       6.2691   1 0 0 0    -12      12    0
R   3041  292  GLN  B   60    288  PRO  B   56       6.2095   1 0 0 0     -9       9    0
R   3042  292  GLN  B   60    289  HIS  B   57       5.1599   1 0 0 0    -43      43    0
R   3043  292  GLN  B   60    290  GLU  B   58       5.2726   1 0 0 0      0       0    0
R   3044  292  GLN  B   60    291  GLN  B   59       3.7964   1 0 0 0    -34      34    0
R   3045  292  GLN  B   60    293  ALA  B   61       3.7972   1 0 0 0     -3       3    0
R   3046  292  GLN  B   60    294  GLN  B   62       5.4397   1 0 0 0      0       0    0
R   3047  292  GLN  B   60    295  ARG  B   63       5.0081   1 0 0 1    182     182    0
R   3048  292  GLN  B   60    296  GLU  B   64       6.2146   1 0 0 1    107     107    0
R   3049  292  GLN  B   60    299  GLU  B   67      10.4069   0 0 0 1     30      30    0
R   3050  293  ALA  B   61     67  ALA  A   94       5.2401   1 0 0 0    -90      90    0
R   3051  293  ALA  B   61     70  GLY  A   97       5.5653   1 0 0 0    -92      92    0
R   3052  293  ALA  B   61     72  ALA  A   99       5.2611   1 0 0 0    -57      57    0
R   3053  293  ALA  B   61    289  HIS  B   57       6.3670   1 0 0 1      6       6    0
R   3054  293  ALA  B   61    290  GLU  B   58       5.1014   1 0 0 0    -31      31    0
R   3055  293  ALA  B   61    291  GLN  B   59       5.4022   1 0 0 0      0       0    0
R   3056  293  ALA  B   61    292  GLN  B   60       3.7972   1 0 0 0    -28      28    0
R   3057  293  ALA  B   61    294  GLN  B   62       3.7883   1 0 0 0    -11      11    0
R   3058  293  ALA  B   61    295  ARG  B   63       5.2110   1 0 0 0      0       0    0
R   3059  293  ALA  B   61    296  GLU  B   64       4.9096   1 0 0 0    -11      11    0
R   3060  293  ALA  B   61    297  LEU  B   65       6.2449   1 0 0 1    120     120    0
R   3061  294  GLN  B   62     72  ALA  A   99       4.4471   1 0 0 0     -6       6    0
R   3062  294  GLN  B   62     73  ASP  A  100       6.7055   1 0 0 1    227     227    0
R   3063  294  GLN  B   62     75  GLU  A  102       9.4185   0 0 0 1     73      73    0
R   3064  294  GLN  B   62     80  SER  A  107       6.3501   1 0 0 0     -2       2    0
R   3065  294  GLN  B   62     81  ASN  A  108       6.2228   1 0 0 0   -163     163    0
R   3066  294  GLN  B   62    290  GLU  B   58       6.3373   1 0 0 1     25      25    0
R   3067  294  GLN  B   62    291  GLN  B   59       5.0749   1 0 0 0    -35      35    0
R   3068  294  GLN  B   62    292  GLN  B   60       5.4397   1 0 0 0      0       0    0
R   3069  294  GLN  B   62    293  ALA  B   61       3.7883   1 0 0 0    -37      37    0
R   3070  294  GLN  B   62    295  ARG  B   63       3.7962   1 0 0 0     -9       9    0
R   3071  294  GLN  B   62    296  GLU  B   64       5.4866   1 0 0 0      0       0    0
R   3072  294  GLN  B   62    297  LEU  B   65       5.2901   1 0 0 0    -64      64    0
R   3073  294  GLN  B   62    298  GLY  B   66       6.5740   1 0 0 1     95      95    0
R   3074  295  ARG  B   63    288  PRO  B   56      10.6512   0 0 0 1     20      20    0
R   3075  295  ARG  B   63    291  GLN  B   59       6.2691   1 0 0 0    -36      36    0
R   3076  295  ARG  B   63    292  GLN  B   60       5.0081   1 0 0 1     88      88    0
R   3077  295  ARG  B   63    293  ALA  B   61       5.2110   1 0 0 0      0       0    0
R   3078  295  ARG  B   63    294  GLN  B   62       3.7962   1 0 0 0    -32      32    0
R   3079  295  ARG  B   63    296  GLU  B   64       3.7788   1 0 0 0     -2       2    0
R   3080  295  ARG  B   63    297  LEU  B   65       5.4369   1 0 0 0      0       0    0
R   3081  295  ARG  B   63    298  GLY  B   66       5.2782   1 0 0 1     20      20    0
R   3082  295  ARG  B   63    299  GLU  B   67       6.1981   1 0 0 1     40      40    0
R   3083  296  GLU  B   64     67  ALA  A   94       6.5150   0 0 0 1      3       3    0
R   3084  296  GLU  B   64    292  GLN  B   60       6.2146   1 0 0 0    -14      14    0
R   3085  296  GLU  B   64    293  ALA  B   61       4.9096   1 0 0 0    -32      32    0
R   3086  296  GLU  B   64    294  GLN  B   62       5.4866   1 0 0 0      0       0    0
R   3087  296  GLU  B   64    295  ARG  B   63       3.7788   1 0 0 0    -23      23    0
R   3088  296  GLU  B   64    297  LEU  B   65       3.7877   1 0 0 0     -7       7    0
R   3089  296  GLU  B   64    298  GLY  B   66       5.4316   1 0 0 0      0       0    0
R   3090  296  GLU  B   64    299  GLU  B   67       4.9234   1 0 0 0    -37      37    0
R   3091  296  GLU  B   64    300  VAL  B   68       6.1463   1 0 0 1     79      79    0
R   3092  297  LEU  B   65     64  VAL  A   91       6.2906   1 0 0 1    137     137    0
R   3093  297  LEU  B   65     67  ALA  A   94       5.7254   1 0 0 1     70      70    0
R   3094  297  LEU  B   65     68  LEU  A   95       7.8246   1 0 0 1     37      37    0
R   3095  297  LEU  B   65     72  ALA  A   99       6.7421   1 0 0 1     64      64    0
R   3096  297  LEU  B   65     73  ASP  A  100       8.2722   1 0 0 0    -94      94    0
R   3097  297  LEU  B   65     74  PRO  A  101       8.3300   1 0 0 1     38      38    0
R   3098  297  LEU  B   65     75  GLU  A  102       9.6179   0 0 0 1     10      10    0
R   3099  297  LEU  B   65    293  ALA  B   61       6.2449   1 0 0 0      0       0    0
R   3100  297  LEU  B   65    294  GLN  B   62       5.2901   1 0 0 0    -57      57    0
R   3101  297  LEU  B   65    295  ARG  B   63       5.4369   1 0 0 0      0       0    0
R   3102  297  LEU  B   65    296  GLU  B   64       3.7877   1 0 0 0    -35      35    0
R   3103  297  LEU  B   65    298  GLY  B   66       3.8031   1 0 0 0     -8       8    0
R   3104  297  LEU  B   65    299  GLU  B   67       5.3869   1 0 0 0      0       0    0
R   3105  297  LEU  B   65    300  VAL  B   68       5.0761   1 0 0 1     17      17    0
R   3106  297  LEU  B   65    301  ARG  B   69       6.4130   1 0 0 1     95      95    0
R   3107  297  LEU  B   65    320  ILE  B   88       9.7109   1 0 0 1     47      47    0
R   3109  298  GLY  B   66    294  GLN  B   62       6.5740   1 0 0 1     19      19    0
R   3110  298  GLY  B   66    295  ARG  B   63       5.2782   1 0 0 1     19      19    0
R   3111  298  GLY  B   66    296  GLU  B   64       5.4316   1 0 0 0      0       0    0
R   3112  298  GLY  B   66    297  LEU  B   65       3.8031   1 0 0 0    -39      39    0
R   3113  298  GLY  B   66    299  GLU  B   67       3.7982   1 0 0 1      2       2    0
R   3114  298  GLY  B   66    300  VAL  B   68       5.3109   1 0 0 0      0       0    0
R   3115  298  GLY  B   66    301  ARG  B   69       5.0613   1 0 0 0      0       0    0
R   3116  298  GLY  B   66    302  GLU  B   70       6.1701   1 0 0 1     48      48    0
R   3117  299  GLU  B   67    292  GLN  B   60      10.4069   0 0 0 1     32      32    0
R   3118  299  GLU  B   67    295  ARG  B   63       6.1981   1 0 0 0    -83      83    0
R   3119  299  GLU  B   67    296  GLU  B   64       4.9234   1 0 0 0    -71      71    0
R   3120  299  GLU  B   67    297  LEU  B   65       5.3869   1 0 0 0      0       0    0
R   3121  299  GLU  B   67    298  GLY  B   66       3.7982   1 0 0 0    -29      29    0
R   3122  299  GLU  B   67    300  VAL  B   68       3.7958   1 0 0 1      5       5    0
R   3123  299  GLU  B   67    301  ARG  B   69       5.4526   1 0 0 0      0       0    0
R   3124  299  GLU  B   67    302  GLU  B   70       5.1426   1 0 0 0     -5       5    0
R   3125  299  GLU  B   67    303  LYS  B   71       6.0727   1 0 0 1     79      79    0
R   3126  300  VAL  B   68     60  LEU  A   87       7.4326   1 0 0 1    122     122    0
R   3127  300  VAL  B   68     63  GLU  A   90       7.1208   1 0 0 0    -55      55    0
R   3128  300  VAL  B   68     64  VAL  A   91       7.4315   0 0 0 1     33      33    0
R   3129  300  VAL  B   68     67  ALA  A   94       9.1804   0 0 0 1      4       4    0
R   3130  300  VAL  B   68    296  GLU  B   64       6.1463   1 0 0 0    -17      17    0
R   3131  300  VAL  B   68    297  LEU  B   65       5.0761   1 0 0 0    -28      28    0
R   3132  300  VAL  B   68    298  GLY  B   66       5.3109   1 0 0 0      0       0    0
R   3133  300  VAL  B   68    299  GLU  B   67       3.7958   1 0 0 0    -20      20    0
R   3134  300  VAL  B   68    301  ARG  B   69       3.8017   1 0 0 0    -10      10    0
R   3135  300  VAL  B   68    302  GLU  B   70       5.5003   1 0 0 0      0       0    0
R   3136  300  VAL  B   68    303  LYS  B   71       5.1793   1 0 0 0    -11      11    0
R   3137  300  VAL  B   68    304  PHE  B   72       6.2484   1 0 0 1     81      81    0
R   3139  301  ARG  B   69     75  GLU  A  102      10.7978   1 0 0 1    109     109    0
R   3140  301  ARG  B   69    297  LEU  B   65       6.4130   1 0 0 0    -43      43    0
R   3141  301  ARG  B   69    298  GLY  B   66       5.0613   1 0 0 0    -15      15    0
R   3142  301  ARG  B   69    299  GLU  B   67       5.4526   1 0 0 0      0       0    0
R   3143  301  ARG  B   69    300  VAL  B   68       3.8017   1 0 0 0    -27      27    0
R   3144  301  ARG  B   69    302  GLU  B   70       3.7705   1 0 0 0    -37      37    0
R   3145  301  ARG  B   69    303  LYS  B   71       5.4437   1 0 0 0      0       0    0
R   3146  301  ARG  B   69    304  PHE  B   72       5.1561   1 0 0 1      7       7    0
R   3147  301  ARG  B   69    305  LEU  B   73       6.3078   1 0 0 1     73      73    0
R   3148  301  ARG  B   69    313  ASP  B   81       7.6487   1 0 0 1    189     189    0
R   3149  301  ARG  B   69    316  LEU  B   84       7.3184   1 0 0 1      9       9    0
R   3151  301  ARG  B   69    320  ILE  B   88       9.0176   1 0 0 1     56      56    0
R   3152  302  GLU  B   70    298  GLY  B   66       6.1701   1 0 0 0    -56      56    0
R   3153  302  GLU  B   70    299  GLU  B   67       5.1426   1 0 0 0    -11      11    0
R   3154  302  GLU  B   70    300  VAL  B   68       5.5003   1 0 0 0      0       0    0
R   3155  302  GLU  B   70    301  ARG  B   69       3.7705   1 0 0 0    -35      35    0
R   3156  302  GLU  B   70    303  LYS  B   71       3.7713   1 0 0 0    -10      10    0
R   3157  302  GLU  B   70    304  PHE  B   72       5.3874   1 0 0 1      1       1    0
R   3158  302  GLU  B   70    305  LEU  B   73       5.1726   1 0 0 1     27      27    0
R   3159  302  GLU  B   70    306  ARG  B   74       6.3585   1 0 0 1    185     185    0
R   3161  303  LYS  B   71    299  GLU  B   67       6.0727   1 0 0 0    -42      42    0
R   3162  303  LYS  B   71    300  VAL  B   68       5.1793   1 0 0 0    -22      22    0
R   3163  303  LYS  B   71    301  ARG  B   69       5.4437   1 0 0 0      0       0    0
R   3164  303  LYS  B   71    302  GLU  B   70       3.7713   1 0 0 0    -27      27    0
R   3165  303  LYS  B   71    304  PHE  B   72       3.8070   1 0 0 0     -5       5    0
R   3166  303  LYS  B   71    305  LEU  B   73       5.5063   1 0 0 0      0       0    0
R   3167  303  LYS  B   71    306  ARG  B   74       5.2772   1 0 0 0     -3       3    0
R   3168  303  LYS  B   71    307  ALA  B   75       6.4646   1 0 0 1     68      68    0
R   3169  304  PHE  B   72     45  PHE  A   72      13.4677   0 0 0 1     75      75    0
R   3170  304  PHE  B   72     52  VAL  A   79       9.7062   1 0 0 1    101     101    0
R   3172  304  PHE  B   72     57  LEU  A   84       9.2618   0 0 0 1     11      11    0
R   3173  304  PHE  B   72     60  LEU  A   87       7.7132   1 0 0 1    193     193    0
R   3174  304  PHE  B   72    300  VAL  B   68       6.2484   1 0 0 0    -21      21    0
R   3175  304  PHE  B   72    301  ARG  B   69       5.1561   1 0 0 0    -31      31    0
R   3176  304  PHE  B   72    302  GLU  B   70       5.3874   1 0 0 0      0       0    0
R   3177  304  PHE  B   72    303  LYS  B   71       3.8070   1 0 0 0    -35      35    0
R   3178  304  PHE  B   72    305  LEU  B   73       3.7904   1 0 0 0     -1       1    0
R   3179  304  PHE  B   72    306  ARG  B   74       5.4297   1 0 0 0      0       0    0
R   3180  304  PHE  B   72    307  ALA  B   75       5.1439   1 0 0 1      8       8    0
R   3181  304  PHE  B   72    308  HIS  B   76       6.0027   1 0 0 1    171     171    0
R   3182  304  PHE  B   72    311  VAL  B   79       8.5915   0 0 0 1     33      33    0
R   3183  304  PHE  B   72    316  LEU  B   84       8.6726   1 0 0 1    103     103    0
R   3184  305  LEU  B   73    301  ARG  B   69       6.3078   1 0 0 0    -31      31    0
R   3185  305  LEU  B   73    302  GLU  B   70       5.1726   1 0 0 0    -17      17    0
R   3186  305  LEU  B   73    303  LYS  B   71       5.5063   1 0 0 0      0       0    0
R   3187  305  LEU  B   73    304  PHE  B   72       3.7904   1 0 0 0    -29      29    0
R   3188  305  LEU  B   73    306  ARG  B   74       3.7813   1 0 0 0    -25      25    0
R   3189  305  LEU  B   73    307  ALA  B   75       5.3435   1 0 0 0      0       0    0
R   3190  305  LEU  B   73    308  HIS  B   76       5.0522   1 0 0 1     63      63    0
R   3192  305  LEU  B   73    311  VAL  B   79       6.3938   1 0 0 0    -72      72    0
R   3193  305  LEU  B   73    312  SER  B   80       7.2023   1 0 0 0    -10      10    0
R   3194  305  LEU  B   73    313  ASP  B   81       6.9013   1 0 0 0    -97      97    0
R   3195  305  LEU  B   73    316  LEU  B   84       8.2348   1 0 0 1     44      44    0
R   3196  306  ARG  B   74    302  GLU  B   70       6.3585   1 0 0 1     32      32    0
R   3197  306  ARG  B   74    303  LYS  B   71       5.2772   1 0 0 0    -21      21    0
R   3198  306  ARG  B   74    304  PHE  B   72       5.4297   1 0 0 0      0       0    0
R   3199  306  ARG  B   74    305  LEU  B   73       3.7813   1 0 0 0    -64      64    0
R   3200  306  ARG  B   74    307  ALA  B   75       3.7812   1 0 0 0     -5       5    0
R   3201  306  ARG  B   74    308  HIS  B   76       5.6831   1 0 0 1      1       1    0
R   3205  307  ALA  B   75    303  LYS  B   71       6.4646   1 0 0 0    -23      23    0
R   3206  307  ALA  B   75    304  PHE  B   72       5.1439   1 0 0 0     -2       2    0
R   3207  307  ALA  B   75    305  LEU  B   73       5.3435   1 0 0 0      0       0    0
R   3208  307  ALA  B   75    306  ARG  B   74       3.7812   1 0 0 0    -31      31    0
R   3209  307  ALA  B   75    308  HIS  B   76       3.7953   1 0 0 1     96      96    0
R   3210  307  ALA  B   75    309  PRO  B   77       6.3827   1 0 0 0    -43      43    0
R   3211  308  HIS  B   76     51  CYS  A   78       6.2100   1 0 0 1     39      39    0
R   3212  308  HIS  B   76     52  VAL  A   79       6.8817   1 0 0 0     -9       9    0
R   3213  308  HIS  B   76     56  GLU  A   83      10.2724   1 0 0 0    -76      76    0
R   3214  308  HIS  B   76    304  PHE  B   72       6.0027   1 0 0 0    -35      35    0
R   3215  308  HIS  B   76    305  LEU  B   73       5.0522   1 0 0 0    -11      11    0
R   3216  308  HIS  B   76    306  ARG  B   74       5.6831   1 0 0 0      0       0    0
R   3217  308  HIS  B   76    307  ALA  B   75       3.7953   1 0 0 0    -33      33    0
R   3218  308  HIS  B   76    309  PRO  B   77       3.8006   1 0 0 0    -52      52    0
R   3219  308  HIS  B   76    310  CYS  B   78       5.4507   1 0 0 1     40      40    0
R   3220  308  HIS  B   76    311  VAL  B   79       5.9318   1 0 0 1     83      83    0
R   3221  309  PRO  B   77     51  CYS  A   78       7.8335   1 0 0 1      9       9    0
R   3224  309  PRO  B   77    307  ALA  B   75       6.3827   1 0 0 0    -30      30    0
R   3225  309  PRO  B   77    308  HIS  B   76       3.8006   1 0 0 0    -24      24    0
R   3226  309  PRO  B   77    310  CYS  B   78       3.8193   1 0 0 1      6       6    0
R   3227  309  PRO  B   77    311  VAL  B   79       5.3770   1 0 0 1      6       6    0
R   3229  310  CYS  B   78     49  HIS  A   76       6.1590   1 0 0 1     72      72    0
R   3230  310  CYS  B   78     50  PRO  A   77       7.7989   1 0 0 1     22      22    0
R   3231  310  CYS  B   78     51  CYS  A   78       6.5312   1 0 0 1      7       7    0
R   3232  310  CYS  B   78    308  HIS  B   76       5.4507   1 0 0 1      7       7    0
R   3233  310  CYS  B   78    309  PRO  B   77       3.8193   1 0 0 0    -55      55    0
R   3234  310  CYS  B   78    311  VAL  B   79       3.8163   1 0 0 1      8       8    0
R   3235  310  CYS  B   78    312  SER  B   80       6.8680   0 0 0 1      2       2    0
R   3237  311  VAL  B   79     45  PHE  A   72       9.8274   1 0 0 1     97      97    0
R   3238  311  VAL  B   79     49  HIS  A   76       6.9458   1 0 0 0    -22      22    0
R   3239  311  VAL  B   79     52  VAL  A   79       9.2666   1 0 0 1      5       5    0
R   3240  311  VAL  B   79    304  PHE  B   72       8.5915   0 0 0 1     31      31    0
R   3241  311  VAL  B   79    305  LEU  B   73       6.3938   1 0 0 0    -46      46    0
R   3242  311  VAL  B   79    308  HIS  B   76       5.9318   1 0 0 1      3       3    0
R   3243  311  VAL  B   79    309  PRO  B   77       5.3770   1 0 0 0    -17      17    0
R   3244  311  VAL  B   79    310  CYS  B   78       3.8163   1 0 0 0    -35      35    0
R   3245  311  VAL  B   79    312  SER  B   80       3.7952   1 0 0 0    -54      54    0
R   3246  311  VAL  B   79    315  GLU  B   83       6.5021   1 0 0 1     19      19    0
R   3247  311  VAL  B   79    316  LEU  B   84       6.7179   1 0 0 1     74      74    0
R   3248  312  SER  B   80    305  LEU  B   73       7.2023   1 0 0 0      0       0    0
R   3249  312  SER  B   80    311  VAL  B   79       3.7952   1 0 0 0    -26      26    0
R   3250  312  SER  B   80    313  ASP  B   81       3.7702   1 0 0 1     22      22    0
R   3251  312  SER  B   80    314  GLN  B   82       5.2787   1 0 0 0     -5       5    0
R   3252  312  SER  B   80    315  GLU  B   83       5.1353   1 0 0 1    219     219    0
R   3253  312  SER  B   80    316  LEU  B   84       6.2950   1 0 0 1    112     112    0
R   3254  313  ASP  B   81    301  ARG  B   69       7.6487   1 0 0 1    214     214    0
R   3255  313  ASP  B   81    305  LEU  B   73       6.9013   1 0 0 0    -32      32    0
R   3256  313  ASP  B   81    312  SER  B   80       3.7702   1 0 0 0      0       0    0
R   3257  313  ASP  B   81    314  GLN  B   82       3.7830   1 0 0 0    -28      28    0
R   3258  313  ASP  B   81    315  GLU  B   83       5.4916   1 0 0 0      0       0    0
R   3259  313  ASP  B   81    316  LEU  B   84       5.1938   1 0 0 1      2       2    0
R   3260  313  ASP  B   81    317  GLY  B   85       6.0898   1 0 0 1    141     141    0
R   3262  314  GLN  B   82    312  SER  B   80       5.2787   1 0 0 0    -13      13    0
R   3263  314  GLN  B   82    313  ASP  B   81       3.7830   1 0 0 1     12      12    0
R   3264  314  GLN  B   82    315  GLU  B   83       3.8122   1 0 0 0     -7       7    0
R   3265  314  GLN  B   82    316  LEU  B   84       5.4860   1 0 0 0      0       0    0
R   3266  314  GLN  B   82    317  GLY  B   85       4.9133   1 0 0 1     12      12    0
R   3267  314  GLN  B   82    318  LEU  B   86       6.5937   1 0 0 1     45      45    0
R   3270  315  GLU  B   83     49  HIS  A   76      10.3879   1 0 0 0   -131     131    0
R   3272  315  GLU  B   83    311  VAL  B   79       6.5021   1 0 0 1     26      26    0
R   3273  315  GLU  B   83    312  SER  B   80       5.1353   1 0 0 1    118     118    0
R   3274  315  GLU  B   83    313  ASP  B   81       5.4916   1 0 0 0      0       0    0
R   3275  315  GLU  B   83    314  GLN  B   82       3.8122   1 0 0 0    -32      32    0
R   3276  315  GLU  B   83    316  LEU  B   84       3.7949   1 0 0 1      2       2    0
R   3277  315  GLU  B   83    317  GLY  B   85       5.2046   1 0 0 0      0       0    0
R   3278  315  GLU  B   83    318  LEU  B   86       5.2315   1 0 0 1     20      20    0
R   3279  315  GLU  B   83    319  LEU  B   87       6.4100   1 0 0 1     88      88    0
R   3280  316  LEU  B   84     45  PHE  A   72       9.3172   0 0 0 1     16      16    0
R   3281  316  LEU  B   84     60  LEU  A   87      10.3167   1 0 0 1    130     130    0
R   3282  316  LEU  B   84    301  ARG  B   69       7.3184   1 0 0 0    -86      86    0
R   3283  316  LEU  B   84    304  PHE  B   72       8.6726   1 0 0 1     87      87    0
R   3284  316  LEU  B   84    305  LEU  B   73       8.2348   1 0 0 1     60      60    0
R   3285  316  LEU  B   84    311  VAL  B   79       6.7179   1 0 0 1     23      23    0
R   3286  316  LEU  B   84    312  SER  B   80       6.2950   1 0 0 0     -5       5    0
R   3287  316  LEU  B   84    313  ASP  B   81       5.1938   1 0 0 0    -34      34    0
R   3288  316  LEU  B   84    314  GLN  B   82       5.4860   1 0 0 0      0       0    0
R   3289  316  LEU  B   84    315  GLU  B   83       3.7949   1 0 0 0    -26      26    0
R   3290  316  LEU  B   84    317  GLY  B   85       3.7731   1 0 0 0     -8       8    0
R   3291  316  LEU  B   84    318  LEU  B   86       5.3625   1 0 0 0      0       0    0
R   3292  316  LEU  B   84    319  LEU  B   87       4.8778   1 0 0 1     41      41    0
R   3293  316  LEU  B   84    320  ILE  B   88       6.2044   1 0 0 1    145     145    0
R   3296  317  GLY  B   85     76  THR  A  103       6.5114   1 0 0 0    -24      24    0
R   3298  317  GLY  B   85    313  ASP  B   81       6.0898   1 0 0 1     50      50    0
R   3299  317  GLY  B   85    314  GLN  B   82       4.9133   1 0 0 0      0       0    0
R   3300  317  GLY  B   85    315  GLU  B   83       5.2046   1 0 0 0      0       0    0
R   3301  317  GLY  B   85    316  LEU  B   84       3.7731   1 0 0 0    -37      37    0
R   3302  317  GLY  B   85    318  LEU  B   86       3.8000   1 0 0 1     14      14    0
R   3303  317  GLY  B   85    319  LEU  B   87       5.3986   1 0 0 0      0       0    0
R   3304  317  GLY  B   85    320  ILE  B   88       5.1693   1 0 0 0     -1       1    0
R   3305  317  GLY  B   85    321  LYS  B   89       6.2375   1 0 0 1    108     108    0
R   3306  318  LEU  B   86     76  THR  A  103       8.1291   0 0 0 1     37      37    0
R   3307  318  LEU  B   86    314  GLN  B   82       6.5937   1 0 0 0    -52      52    0
R   3308  318  LEU  B   86    315  GLU  B   83       5.2315   1 0 0 0     -1       1    0
R   3309  318  LEU  B   86    316  LEU  B   84       5.3625   1 0 0 0      0       0    0
R   3310  318  LEU  B   86    317  GLY  B   85       3.8000   1 0 0 0    -13      13    0
R   3311  318  LEU  B   86    319  LEU  B   87       3.7655   1 0 0 0     -6       6    0
R   3312  318  LEU  B   86    320  ILE  B   88       5.2677   1 0 0 1      2       2    0
R   3313  318  LEU  B   86    321  LYS  B   89       4.9624   1 0 0 1     41      41    0
R   3314  318  LEU  B   86    322  GLU  B   90       6.0475   1 0 0 1     20      20    0
R   3315  319  LEU  B   87     41  VAL  A   68       7.3730   1 0 0 1    131     131    0
R   3317  319  LEU  B   87     45  PHE  A   72       7.7204   1 0 0 1    157     157    0
R   3318  319  LEU  B   87     57  LEU  A   84      10.2593   1 0 0 1     82      82    0
R   3319  319  LEU  B   87     60  LEU  A   87      10.1652   1 0 0 1    145     145    0
R   3320  319  LEU  B   87     61  ILE  A   88       9.4233   0 0 0 1      8       8    0
R   3321  319  LEU  B   87    315  GLU  B   83       6.4100   1 0 0 0     -4       4    0
R   3322  319  LEU  B   87    316  LEU  B   84       4.8778   1 0 0 1     15      15    0
R   3323  319  LEU  B   87    317  GLY  B   85       5.3986   1 0 0 0      0       0    0
R   3324  319  LEU  B   87    318  LEU  B   86       3.7655   1 0 0 0    -26      26    0
R   3325  319  LEU  B   87    320  ILE  B   88       3.7611   1 0 0 0    -11      11    0
R   3326  319  LEU  B   87    321  LYS  B   89       5.5422   1 0 0 0      0       0    0
R   3327  319  LEU  B   87    322  GLU  B   90       5.1792   1 0 0 1     13      13    0
R   3328  319  LEU  B   87    323  VAL  B   91       6.0721   1 0 0 1    182     182    0
R   3329  320  ILE  B   88     60  LEU  A   87       9.2144   0 0 0 1     16      16    0
R   3330  320  ILE  B   88     64  VAL  A   91       7.4416   1 0 0 1    155     155    0
R   3331  320  ILE  B   88     68  LEU  A   95      10.1190   0 0 0 1      2       2    0
R   3332  320  ILE  B   88     74  PRO  A  101       6.6316   1 0 0 1     94      94    0
R   3333  320  ILE  B   88    297  LEU  B   65       9.7109   1 0 0 1     60      60    0
R   3334  320  ILE  B   88    301  ARG  B   69       9.0176   1 0 0 1     30      30    0
R   3335  320  ILE  B   88    316  LEU  B   84       6.2044   1 0 0 1     36      36    0
R   3336  320  ILE  B   88    317  GLY  B   85       5.1693   1 0 0 0    -26      26    0
R   3337  320  ILE  B   88    318  LEU  B   86       5.2677   1 0 0 0      0       0    0
R   3338  320  ILE  B   88    319  LEU  B   87       3.7611   1 0 0 0     -9       9    0
R   3339  320  ILE  B   88    321  LYS  B   89       3.7521   1 0 0 0     -4       4    0
R   3340  320  ILE  B   88    322  GLU  B   90       5.2786   1 0 0 0      0       0    0
R   3341  320  ILE  B   88    323  VAL  B   91       4.9119   1 0 0 0     -1       1    0
R   3342  320  ILE  B   88    324  ALA  B   92       5.8833   1 0 0 1    135     135    0
R   3343  321  LYS  B   89     74  PRO  A  101       5.7632   1 0 0 1     41      41    0
R   3344  321  LYS  B   89     76  THR  A  103       8.7206   0 0 0 1     16      16    0
R   3345  321  LYS  B   89    317  GLY  B   85       6.2375   1 0 0 0    -15      15    0
R   3346  321  LYS  B   89    318  LEU  B   86       4.9624   1 0 0 1     25      25    0
R   3347  321  LYS  B   89    319  LEU  B   87       5.5422   1 0 0 0      0       0    0
R   3348  321  LYS  B   89    320  ILE  B   88       3.7521   1 0 0 0    -40      40    0
R   3349  321  LYS  B   89    322  GLU  B   90       3.8023   1 0 0 1      9       9    0
R   3350  321  LYS  B   89    323  VAL  B   91       5.5011   1 0 0 0      0       0    0
R   3351  321  LYS  B   89    324  ALA  B   92       5.0789   1 0 0 0     -8       8    0
R   3352  321  LYS  B   89    325  ASP  B   93       6.2688   1 0 0 1     90      90    0
R   3353  322  GLU  B   90     41  VAL  A   68       7.1481   1 0 0 0    -49      49    0
R   3354  322  GLU  B   90     44  LYS  A   71      11.4466   0 0 0 1     29      29    0
R   3355  322  GLU  B   90    318  LEU  B   86       6.0475   1 0 0 0   -105     105    0
R   3356  322  GLU  B   90    319  LEU  B   87       5.1792   1 0 0 0    -12      12    0
R   3357  322  GLU  B   90    320  ILE  B   88       5.2786   1 0 0 0      0       0    0
R   3358  322  GLU  B   90    321  LYS  B   89       3.8023   1 0 0 0    -17      17    0
R   3359  322  GLU  B   90    323  VAL  B   91       3.7834   1 0 0 0      0       0    0
R   3360  322  GLU  B   90    324  ALA  B   92       5.3843   1 0 0 0      0       0    0
R   3361  322  GLU  B   90    325  ASP  B   93       5.2380   1 0 0 0    -13      13    0
R   3362  322  GLU  B   90    326  ALA  B   94       6.4494   1 0 0 1     73      73    0
R   3363  323  VAL  B   91     38  LEU  A   65       6.3076   1 0 0 1     76      76    0
R   3364  323  VAL  B   91     41  VAL  A   68       7.3773   1 0 0 1     16      16    0
R   3365  323  VAL  B   91     61  ILE  A   88       7.2598   1 0 0 1    139     139    0
R   3366  323  VAL  B   91     64  VAL  A   91       8.2560   1 0 0 1     78      78    0
R   3367  323  VAL  B   91    319  LEU  B   87       6.0721   1 0 0 1     39      39    0
R   3368  323  VAL  B   91    320  ILE  B   88       4.9119   1 0 0 0    -14      14    0
R   3369  323  VAL  B   91    321  LYS  B   89       5.5011   1 0 0 0      0       0    0
R   3370  323  VAL  B   91    322  GLU  B   90       3.7834   1 0 0 0    -22      22    0
R   3371  323  VAL  B   91    324  ALA  B   92       3.7903   1 0 0 0    -17      17    0
R   3372  323  VAL  B   91    325  ASP  B   93       5.4949   1 0 0 0      0       0    0
R   3373  323  VAL  B   91    326  ALA  B   94       5.2153   1 0 0 1      7       7    0
R   3374  323  VAL  B   91    327  LEU  B   95       6.2106   1 0 0 1    212     212    0
R   3375  324  ALA  B   92     68  LEU  A   95       7.5451   1 0 0 1     54      54    0
R   3376  324  ALA  B   92     74  PRO  A  101       7.5126   1 0 0 1    113     113    0
R   3377  324  ALA  B   92    320  ILE  B   88       5.8833   1 0 0 0    -23      23    0
R   3378  324  ALA  B   92    321  LYS  B   89       5.0789   1 0 0 0    -21      21    0
R   3379  324  ALA  B   92    322  GLU  B   90       5.3843   1 0 0 0      0       0    0
R   3380  324  ALA  B   92    323  VAL  B   91       3.7903   1 0 0 0    -38      38    0
R   3381  324  ALA  B   92    325  ASP  B   93       3.7919   1 0 0 0    -18      18    0
R   3382  324  ALA  B   92    326  ALA  B   94       5.3970   1 0 0 0      0       0    0
R   3383  324  ALA  B   92    327  LEU  B   95       5.1788   1 0 0 1      8       8    0
R   3384  324  ALA  B   92    328  GLY  B   96       5.8923   1 0 0 1    159     159    0
R   3385  325  ASP  B   93    321  LYS  B   89       6.2688   1 0 0 0   -125     125    0
R   3386  325  ASP  B   93    322  GLU  B   90       5.2380   1 0 0 0    -30      30    0
R   3387  325  ASP  B   93    323  VAL  B   91       5.4949   1 0 0 0      0       0    0
R   3388  325  ASP  B   93    324  ALA  B   92       3.7919   1 0 0 0    -46      46    0
R   3389  325  ASP  B   93    326  ALA  B   94       3.8082   1 0 0 0     -7       7    0
R   3390  325  ASP  B   93    327  LEU  B   95       5.6287   1 0 0 0      0       0    0
R   3391  325  ASP  B   93    328  GLY  B   96       4.9544   1 0 0 1      2       2    0
R   3392  325  ASP  B   93    329  GLY  B   97       6.2953   1 0 0 1    123     123    0
R   3393  326  ALA  B   94     34  ALA  A   61       5.3416   1 0 0 0    -85      85    0
R   3394  326  ALA  B   94     37  GLU  A   64       6.6021   0 0 0 1     27      27    0
R   3395  326  ALA  B   94     38  LEU  A   65       5.8321   1 0 0 1     80      80    0
R   3396  326  ALA  B   94     41  VAL  A   68       9.3007   0 0 0 1      4       4    0
R   3397  326  ALA  B   94    322  GLU  B   90       6.4494   1 0 0 0    -30      30    0
R   3398  326  ALA  B   94    323  VAL  B   91       5.2153   1 0 0 0    -20      20    0
R   3399  326  ALA  B   94    324  ALA  B   92       5.3970   1 0 0 0      0       0    0
R   3400  326  ALA  B   94    325  ASP  B   93       3.8082   1 0 0 0    -41      41    0
R   3401  326  ALA  B   94    327  LEU  B   95       3.7928   1 0 0 0     -2       2    0
R   3402  326  ALA  B   94    328  GLY  B   96       5.1836   1 0 0 0      0       0    0
R   3403  326  ALA  B   94    329  GLY  B   97       4.9011   1 0 0 1     47      47    0
R   3404  326  ALA  B   94    330  GLY  B   98       6.5569   1 0 0 1      3       3    0
R   3405  326  ALA  B   94    331  ALA  B   99       5.5546   1 0 0 1     99      99    0
R   3406  327  LEU  B   95     38  LEU  A   65       7.9226   1 0 0 1     39      39    0
R   3408  327  LEU  B   95     64  VAL  A   91       9.8466   1 0 0 0      0       0    0
R   3409  327  LEU  B   95     65  ALA  A   92       7.3825   1 0 0 1    107     107    0
R   3410  327  LEU  B   95     68  LEU  A   95       9.1051   1 0 0 1     61      61    0
R   3411  327  LEU  B   95    323  VAL  B   91       6.2106   1 0 0 1    102     102    0
R   3412  327  LEU  B   95    324  ALA  B   92       5.1788   1 0 0 0    -11      11    0
R   3413  327  LEU  B   95    325  ASP  B   93       5.6287   1 0 0 0      0       0    0
R   3414  327  LEU  B   95    326  ALA  B   94       3.7928   1 0 0 0    -17      17    0
R   3415  327  LEU  B   95    328  GLY  B   96       3.7732   1 0 0 0    -15      15    0
R   3416  327  LEU  B   95    329  GLY  B   97       5.1888   1 0 0 0      0       0    0
R   3417  327  LEU  B   95    330  GLY  B   98       4.9712   1 0 0 1    138     138    0
R   3418  327  LEU  B   95    331  ALA  B   99       4.4716   1 0 0 0    -56      56    0
R   3419  327  LEU  B   95    333  PRO  B  101       7.2721   1 0 0 1    118     118    0
R   3420  328  GLY  B   96    324  ALA  B   92       5.8923   1 0 0 1     48      48    0
R   3421  328  GLY  B   96    325  ASP  B   93       4.9544   1 0 0 0      0       0    0
R   3422  328  GLY  B   96    326  ALA  B   94       5.1836   1 0 0 0      0       0    0
R   3423  328  GLY  B   96    327  LEU  B   95       3.7732   1 0 0 0    -39      39    0
R   3424  328  GLY  B   96    329  GLY  B   97       3.7949   1 0 0 1     14      14    0
R   3425  328  GLY  B   96    330  GLY  B   98       5.3464   1 0 0 1     16      16    0
R   3426  329  GLY  B   97     34  ALA  A   61       5.7919   1 0 0 0    -75      75    0
R   3427  329  GLY  B   97    325  ASP  B   93       6.2953   1 0 0 1     54      54    0
R   3428  329  GLY  B   97    326  ALA  B   94       4.9011   1 0 0 1      4       4    0
R   3429  329  GLY  B   97    327  LEU  B   95       5.1888   1 0 0 0      0       0    0
R   3430  329  GLY  B   97    328  GLY  B   96       3.7949   1 0 0 0    -17      17    0
R   3431  329  GLY  B   97    330  GLY  B   98       3.7773   1 0 0 1      7       7    0
R   3432  329  GLY  B   97    331  ALA  B   99       5.8889   1 0 0 0      0       0    0
R   3433  329  GLY  B   97    370  ARG  B  138       8.8513   0 0 0 1     29      29    0
R   3435  330  GLY  B   98    326  ALA  B   94       6.5569   1 0 0 0      0       0    0
R   3436  330  GLY  B   98    327  LEU  B   95       4.9712   1 0 0 1     70      70    0
R   3437  330  GLY  B   98    328  GLY  B   96       5.3464   1 0 0 1      9       9    0
R   3438  330  GLY  B   98    329  GLY  B   97       3.7773   1 0 0 0     -1       1    0
R   3439  330  GLY  B   98    331  ALA  B   99       3.7783   1 0 0 1      7       7    0
R   3440  330  GLY  B   98    332  ASP  B  100       6.3924   1 0 0 1      3       3    0
R   3441  331  ALA  B   99     34  ALA  A   61       5.1405   1 0 0 0    -95      95    0
R   3442  331  ALA  B   99     35  GLN  A   62       4.8653   1 0 0 0    -24      24    0
R   3443  331  ALA  B   99     38  LEU  A   65       7.0297   1 0 0 1     59      59    0
R   3444  331  ALA  B   99    326  ALA  B   94       5.5546   1 0 0 0    -32      32    0
R   3445  331  ALA  B   99    327  LEU  B   95       4.4716   1 0 0 0   -102     102    0
R   3446  331  ALA  B   99    329  GLY  B   97       5.8889   1 0 0 1      3       3    0
R   3447  331  ALA  B   99    330  GLY  B   98       3.7783   1 0 0 0    -28      28    0
R   3448  331  ALA  B   99    332  ASP  B  100       3.7965   1 0 0 1      6       6    0
R   3449  331  ALA  B   99    333  PRO  B  101       6.5132   1 0 0 0    -17      17    0
R   3450  332  ASP  B  100     35  GLN  A   62       6.9013   1 0 0 0     -6       6    0
R   3453  332  ASP  B  100    330  GLY  B   98       6.3924   1 0 0 0     -3       3    0
R   3454  332  ASP  B  100    331  ALA  B   99       3.7965   1 0 0 0     -4       4    0
R   3455  332  ASP  B  100    333  PRO  B  101       3.8346   1 0 0 0    -83      83    0
R   3456  332  ASP  B  100    334  GLU  B  102       5.5371   1 0 0 0    -56      56    0
R   3457  332  ASP  B  100    335  THR  B  103       6.2816   1 0 0 0    -84      84    0
R   3458  333  PRO  B  101     38  LEU  A   65       8.5543   1 0 0 1      9       9    0
R   3460  333  PRO  B  101     61  ILE  A   88       6.2339   1 0 0 1     36      36    0
R   3461  333  PRO  B  101     62  LYS  A   89       5.5891   1 0 0 0    -21      21    0
R   3462  333  PRO  B  101     65  ALA  A   92       6.8320   1 0 0 1    148     148    0
R   3463  333  PRO  B  101    327  LEU  B   95       7.2721   1 0 0 1     71      71    0
R   3464  333  PRO  B  101    331  ALA  B   99       6.5132   1 0 0 0    -37      37    0
R   3465  333  PRO  B  101    332  ASP  B  100       3.8346   1 0 0 0    -48      48    0
R   3466  333  PRO  B  101    334  GLU  B  102       3.8029   1 0 0 0    -15      15    0
R   3467  333  PRO  B  101    335  THR  B  103       5.9481   1 0 0 0    -17      17    0
R   3468  333  PRO  B  101    336  ASN  B  104       8.0880   0 0 0 1     16      16    0
R   3469  334  GLU  B  102     62  LYS  A   89       6.9359   1 0 0 0    -89      89    0
R   3470  334  GLU  B  102    332  ASP  B  100       5.5371   1 0 0 0    -69      69    0
R   3471  334  GLU  B  102    333  PRO  B  101       3.8029   1 0 0 0    -64      64    0
R   3472  334  GLU  B  102    335  THR  B  103       3.8278   1 0 0 1     12      12    0
R   3473  334  GLU  B  102    336  ASN  B  104       7.2258   0 0 0 1     22      22    0
R   3474  335  THR  B  103     35  GLN  A   62       8.6524   0 0 0 1     82      82    0
R   3476  335  THR  B  103    332  ASP  B  100       6.2816   1 0 0 0    -60      60    0
R   3477  335  THR  B  103    333  PRO  B  101       5.9481   1 0 0 0    -13      13    0
R   3478  335  THR  B  103    334  GLU  B  102       3.8278   1 0 0 0     -2       2    0
R   3479  335  THR  B  103    336  ASN  B  104       3.8004   1 0 0 1    102     102    0
R   3480  335  THR  B  103    337  SER  B  105       6.4156   0 0 0 1     15      15    0
R   3482  336  ASN  B  104     42  ARG  A   69       9.7517   1 0 0 0    -28      28    0
R   3484  336  ASN  B  104    333  PRO  B  101       8.0880   0 0 0 1     16      16    0
R   3485  336  ASN  B  104    334  GLU  B  102       7.2258   0 0 0 1     21      21    0
R   3486  336  ASN  B  104    335  THR  B  103       3.8004   1 0 0 1    112     112    0
R   3487  336  ASN  B  104    337  SER  B  105       3.8432   1 0 0 1    126     126    0
R   3488  336  ASN  B  104    338  THR  B  106       6.9225   1 0 0 0      0       0    0
R   3490  337  SER  B  105     35  GLN  A   62       6.2387   1 0 0 0    -72      72    0
R   3492  337  SER  B  105    335  THR  B  103       6.4156   0 0 0 1      2       2    0
R   3493  337  SER  B  105    336  ASN  B  104       3.8432   1 0 0 1     66      66    0
R   3494  337  SER  B  105    338  THR  B  106       3.0866   1 0 0 1    156     156    0
R   3496  338  THR  B  106     36  ARG  A   63       6.9815   0 0 0 1     18      18    0
R   3497  338  THR  B  106    336  ASN  B  104       6.9225   1 0 0 0      0       0    0
R   3498  338  THR  B  106    337  SER  B  105       3.0866   1 0 0 1    236     236    0
R   3499  338  THR  B  106    339  SER  B  107       3.8011   1 0 0 1     40      40    0
R   3500  338  THR  B  106    340  ASN  B  108       7.0622   0 0 0 1      2       2    0
R   3501  338  THR  B  106    342  SER  B  110       8.7392   0 0 0 1     27      27    0
R   3502  339  SER  B  107     32  GLN  A   59       7.3249   1 0 0 0     -5       5    0
R   3503  339  SER  B  107    338  THR  B  106       3.8011   1 0 0 1     10      10    0
R   3504  339  SER  B  107    340  ASN  B  108       3.7962   1 0 0 1     62      62    0
R   3505  339  SER  B  107    341  SER  B  109       6.6140   0 0 0 1      7       7    0
R   3506  339  SER  B  107    342  SER  B  110       5.7018   1 0 0 1     65      65    0
R   3507  339  SER  B  107    343  HIS  B  111       8.3514   0 0 0 1     10      10    0
R   3508  340  ASN  B  108    338  THR  B  106       7.0622   0 0 0 1      4       4    0
R   3509  340  ASN  B  108    339  SER  B  107       3.7962   1 0 0 1     26      26    0
R   3510  340  ASN  B  108    341  SER  B  109       3.8783   1 0 0 0    -47      47    0
R   3511  340  ASN  B  108    342  SER  B  110       5.0174   1 0 0 0     -8       8    0
R   3512  341  SER  B  109    339  SER  B  107       6.6140   0 0 0 1      9       9    0
R   3513  341  SER  B  109    340  ASN  B  108       3.8783   1 0 0 0    -48      48    0
R   3514  341  SER  B  109    342  SER  B  110       3.6842   1 0 0 1      6       6    0
R   3515  341  SER  B  109    343  HIS  B  111       5.8548   1 0 0 1     77      77    0
R   3517  342  SER  B  110     32  GLN  A   59      10.6130   0 0 0 1     25      25    0
R   3518  342  SER  B  110    338  THR  B  106       8.7392   0 0 0 1     20      20    0
R   3519  342  SER  B  110    339  SER  B  107       5.7018   1 0 0 1     49      49    0
R   3520  342  SER  B  110    340  ASN  B  108       5.0174   1 0 0 0     -2       2    0
R   3521  342  SER  B  110    341  SER  B  109       3.6842   1 0 0 0     -1       1    0
R   3522  342  SER  B  110    343  HIS  B  111       3.8457   1 0 0 0    -83      83    0
R   3524  343  HIS  B  111     32  GLN  A   59      10.9372   0 0 0 1     37      37    0
R   3525  343  HIS  B  111    339  SER  B  107       8.3514   0 0 0 1     12      12    0
R   3526  343  HIS  B  111    341  SER  B  109       5.8548   1 0 0 1     29      29    0
R   3527  343  HIS  B  111    342  SER  B  110       3.8457   1 0 0 0    -88      88    0
R   3528  343  HIS  B  111    344  SER  B  112       3.8216   1 0 0 1     22      22    0
R   3529  343  HIS  B  111    345  ALA  B  113       6.9567   1 0 0 0     -8       8    0
R   3531  343  HIS  B  111    350  SER  B  118      10.5306   0 0 0 1      9       9    0
R   3532  343  HIS  B  111    480  ALA  B  248      11.0619   0 0 0 1     23      23    0
R   3533  343  HIS  B  111    481  ASP  B  249      10.6125   0 0 0 1      3       3    0
R   3534  343  HIS  B  111    482  PRO  B  250       7.1575   1 0 0 0   -111     111    0
R   3535  344  SER  B  112     28  GLN  A   55       7.6864   1 0 0 1     44      44    0
R   3536  344  SER  B  112     31  GLU  A   58       7.4575   1 0 0 1    113     113    0
R   3538  344  SER  B  112    343  HIS  B  111       3.8216   1 0 0 0    -16      16    0
R   3539  344  SER  B  112    345  ALA  B  113       3.8063   1 0 0 1     19      19    0
R   3540  344  SER  B  112    346  TRP  B  114       5.3401   1 0 0 1      6       6    0
R   3541  344  SER  B  112    347  ASP  B  115       5.0497   1 0 0 1     64      64    0
R   3542  344  SER  B  112    350  SER  B  118       8.0163   0 0 0 1     17      17    0
R   3543  345  ALA  B  113     31  GLU  A   58       7.0536   1 0 0 1     90      90    0
R   3544  345  ALA  B  113    343  HIS  B  111       6.9567   1 0 0 0     -6       6    0
R   3545  345  ALA  B  113    344  SER  B  112       3.8063   1 0 0 0      0       0    0
R   3546  345  ALA  B  113    346  TRP  B  114       3.8021   1 0 0 1      6       6    0
R   3547  345  ALA  B  113    347  ASP  B  115       5.6818   1 0 0 0      0       0    0
R   3548  345  ALA  B  113    350  SER  B  118       6.0623   1 0 0 0      0       0    0
R   3549  345  ALA  B  113    367  VAL  B  135       7.2711   1 0 0 1    118     118    0
R   3550  346  TRP  B  114     23  PHE  A   50       7.2993   1 0 0 1     96      96    0
R   3551  346  TRP  B  114     24  ARG  A   51       5.1745   1 0 0 0   -137     137    0
R   3552  346  TRP  B  114     27  GLU  A   54       6.7236   1 0 0 1     73      73    0
R   3553  346  TRP  B  114     28  GLN  A   55       5.4032   1 0 0 0    -51      51    0
R   3554  346  TRP  B  114     31  GLU  A   58       7.3131   1 0 0 1    112     112    0
R   3555  346  TRP  B  114    344  SER  B  112       5.3401   1 0 0 0     -1       1    0
R   3556  346  TRP  B  114    345  ALA  B  113       3.8021   1 0 0 0    -35      35    0
R   3557  346  TRP  B  114    347  ASP  B  115       3.8092   1 0 0 0    -29      29    0
R   3558  346  TRP  B  114    348  LEU  B  116       6.3428   1 0 0 0      0       0    0
R   3560  346  TRP  B  114    351  ALA  B  119       5.1651   1 0 0 1     27      27    0
R   3561  346  TRP  B  114    354  PHE  B  122       8.5625   1 0 0 1    184     184    0
R   3562  346  TRP  B  114    367  VAL  B  135       8.6493   1 0 0 1     15      15    0
R   3563  346  TRP  B  114    368  ALA  B  136      10.1156   1 0 0 0    -71      71    0
R   3564  346  TRP  B  114    369  LEU  B  137       9.9794   1 0 0 1     92      92    0
R   3566  347  ASP  B  115     24  ARG  A   51       6.3186   1 0 0 0      0       0    0
R   3567  347  ASP  B  115     28  GLN  A   55       7.4141   1 0 0 0     -5       5    0
R   3569  347  ASP  B  115    344  SER  B  112       5.0497   1 0 0 0    -21      21    0
R   3570  347  ASP  B  115    345  ALA  B  113       5.6818   1 0 0 0      0       0    0
R   3571  347  ASP  B  115    346  TRP  B  114       3.8092   1 0 0 0    -63      63    0
R   3572  347  ASP  B  115    348  LEU  B  116       3.7981   1 0 0 1      1       1    0
R   3573  347  ASP  B  115    349  GLY  B  117       5.6598   1 0 0 1      4       4    0
R   3574  347  ASP  B  115    350  SER  B  118       5.3943   1 0 0 1    184     184    0
R   3575  347  ASP  B  115    351  ALA  B  119       6.0771   1 0 0 1     80      80    0
R   3576  348  LEU  B  116     17  VAL  A   44       8.5088   0 0 0 1     48      48    0
R   3577  348  LEU  B  116     20  ALA  A   47       6.2048   1 0 0 1     87      87    0
R   3578  348  LEU  B  116     21  LEU  A   48       6.9505   1 0 0 1     85      85    0
R   3579  348  LEU  B  116     24  ARG  A   51       6.4717   1 0 0 0    -99      99    0
R   3580  348  LEU  B  116    346  TRP  B  114       6.3428   1 0 0 1      2       2    0
R   3581  348  LEU  B  116    347  ASP  B  115       3.7981   1 0 0 0    -19      19    0
R   3582  348  LEU  B  116    349  GLY  B  117       3.8118   1 0 0 0    -13      13    0
R   3583  348  LEU  B  116    350  SER  B  118       5.5461   1 0 0 0      0       0    0
R   3584  348  LEU  B  116    351  ALA  B  119       5.2482   1 0 0 0     -1       1    0
R   3585  348  LEU  B  116    352  PHE  B  120       6.1556   1 0 0 1    157     157    0
R   3586  349  GLY  B  117    347  ASP  B  115       5.6598   1 0 0 1      6       6    0
R   3587  349  GLY  B  117    348  LEU  B  116       3.8118   1 0 0 0    -39      39    0
R   3588  349  GLY  B  117    350  SER  B  118       3.7957   1 0 0 1      8       8    0
R   3589  349  GLY  B  117    351  ALA  B  119       5.5603   1 0 0 0      0       0    0
R   3590  349  GLY  B  117    352  PHE  B  120       5.2117   1 0 0 0    -32      32    0
R   3591  349  GLY  B  117    353  PHE  B  121       6.3481   1 0 0 1     74      74    0
R   3595  350  SER  B  118    343  HIS  B  111      10.5306   0 0 0 1      9       9    0
R   3596  350  SER  B  118    344  SER  B  112       8.0163   0 0 0 1     27      27    0
R   3597  350  SER  B  118    345  ALA  B  113       6.0623   1 0 0 1      2       2    0
R   3598  350  SER  B  118    347  ASP  B  115       5.3943   1 0 0 1     98      98    0
R   3599  350  SER  B  118    348  LEU  B  116       5.5461   1 0 0 0      0       0    0
R   3600  350  SER  B  118    349  GLY  B  117       3.7957   1 0 0 0    -18      18    0
R   3601  350  SER  B  118    351  ALA  B  119       3.8056   1 0 0 0      0       0    0
R   3602  350  SER  B  118    352  PHE  B  120       5.3705   1 0 0 0      0       0    0
R   3603  350  SER  B  118    353  PHE  B  121       4.9454   1 0 0 0    -11      11    0
R   3604  350  SER  B  118    354  PHE  B  122       6.1126   1 0 0 1    112     112    0
R   3605  350  SER  B  118    490  GLN  B  258       8.0307   0 0 0 1     50      50    0
R   3606  351  ALA  B  119     20  ALA  A   47       4.6374   1 0 0 0   -102     102    0
R   3607  351  ALA  B  119     23  PHE  A   50       6.3232   1 0 0 1     13      13    0
R   3608  351  ALA  B  119     24  ARG  A   51       6.0227   1 0 0 0    -26      26    0
R   3609  351  ALA  B  119    345  ALA  B  113       7.5481   0 0 0 1      3       3    0
R   3610  351  ALA  B  119    346  TRP  B  114       5.1651   1 0 0 0    -13      13    0
R   3611  351  ALA  B  119    347  ASP  B  115       6.0771   1 0 0 0    -20      20    0
R   3612  351  ALA  B  119    348  LEU  B  116       5.2482   1 0 0 0    -12      12    0
R   3613  351  ALA  B  119    349  GLY  B  117       5.5603   1 0 0 0      0       0    0
R   3614  351  ALA  B  119    350  SER  B  118       3.8056   1 0 0 0    -21      21    0
R   3615  351  ALA  B  119    352  PHE  B  120       3.7804   1 0 0 0    -26      26    0
R   3616  351  ALA  B  119    353  PHE  B  121       5.2076   1 0 0 0      0       0    0
R   3617  351  ALA  B  119    354  PHE  B  122       4.7739   1 0 0 1     45      45    0
R   3618  351  ALA  B  119    355  SER  B  123       6.3426   1 0 0 1     95      95    0
R   3619  352  PHE  B  120     13  LEU  A   40       9.2995   0 0 0 1     46      46    0
R   3620  352  PHE  B  120     16  LEU  A   43       5.8889   1 0 0 1    198     198    0
R   3621  352  PHE  B  120     17  VAL  A   44       6.0169   1 0 0 1     28      28    0
R   3622  352  PHE  B  120     20  ALA  A   47       4.4476   1 0 0 1      7       7    0
R   3623  352  PHE  B  120    348  LEU  B  116       6.1556   1 0 0 1      6       6    0
R   3624  352  PHE  B  120    349  GLY  B  117       5.2117   1 0 0 0    -44      44    0
R   3625  352  PHE  B  120    350  SER  B  118       5.3705   1 0 0 0      0       0    0
R   3626  352  PHE  B  120    351  ALA  B  119       3.7804   1 0 0 0    -67      67    0
R   3627  352  PHE  B  120    353  PHE  B  121       3.7888   1 0 0 0    -14      14    0
R   3628  352  PHE  B  120    354  PHE  B  122       5.4135   1 0 0 0      0       0    0
R   3629  352  PHE  B  120    355  SER  B  123       5.4073   1 0 0 1     51      51    0
R   3630  352  PHE  B  120    356  GLY  B  124       6.5518   1 0 0 1     59      59    0
R   3631  352  PHE  B  120    491  PRO  B  259       7.6046   1 0 0 1    137     137    0
R   3632  352  PHE  B  120    494  TRP  B  262       9.8638   0 0 0 1     68      68    0
R   3633  352  PHE  B  120    495  PHE  B  263      12.4103   0 0 0 1     11      11    0
R   3634  353  PHE  B  121    349  GLY  B  117       6.3481   1 0 0 0    -33      33    0
R   3635  353  PHE  B  121    350  SER  B  118       4.9454   1 0 0 0    -43      43    0
R   3636  353  PHE  B  121    351  ALA  B  119       5.2076   1 0 0 0      0       0    0
R   3637  353  PHE  B  121    352  PHE  B  120       3.7888   1 0 0 0    -58      58    0
R   3638  353  PHE  B  121    354  PHE  B  122       3.7829   1 0 0 0    -38      38    0
R   3639  353  PHE  B  121    355  SER  B  123       5.5015   1 0 0 0      0       0    0
R   3640  353  PHE  B  121    356  GLY  B  124       5.1789   1 0 0 1      7       7    0
R   3641  353  PHE  B  121    357  THR  B  125       6.4590   1 0 0 1    124     124    0
R   3642  353  PHE  B  121    364  TYR  B  132      10.3043   1 0 0 1    108     108    0
R   3644  353  PHE  B  121    477  VAL  B  245      10.7107   1 0 0 1     88      88    0
R   3646  353  PHE  B  121    490  GLN  B  258       7.3187   1 0 0 0    -92      92    0
R   3647  353  PHE  B  121    491  PRO  B  259       6.2524   0 0 0 1      3       3    0
R   3648  353  PHE  B  121    493  VAL  B  261       9.5387   0 0 0 1     16      16    0
R   3649  353  PHE  B  121    494  TRP  B  262       7.4970   0 0 0 1     32      32    0
R   3650  353  PHE  B  121    497  ILE  B  265      11.1261   0 0 0 1     67      67    0
R   3651  354  PHE  B  122     23  PHE  A   50       8.6416   1 0 0 1    185     185    0
R   3652  354  PHE  B  122    214  PHE  A  241      10.8063   1 0 0 1    167     167    0
R   3653  354  PHE  B  122    346  TRP  B  114       8.5625   1 0 0 1    122     122    0
R   3654  354  PHE  B  122    350  SER  B  118       6.1126   1 0 0 0     -5       5    0
R   3655  354  PHE  B  122    351  ALA  B  119       4.7739   1 0 0 0    -32      32    0
R   3656  354  PHE  B  122    352  PHE  B  120       5.4135   1 0 0 0      0       0    0
R   3657  354  PHE  B  122    353  PHE  B  121       3.7829   1 0 0 0    -31      31    0
R   3658  354  PHE  B  122    355  SER  B  123       3.8292   1 0 0 0     -5       5    0
R   3659  354  PHE  B  122    356  GLY  B  124       5.4553   1 0 0 0      0       0    0
R   3660  354  PHE  B  122    357  THR  B  125       5.1379   1 0 0 1    236     236    0
R   3661  354  PHE  B  122    358  ILE  B  126       6.8860   1 0 0 1     24      24    0
R   3663  354  PHE  B  122    367  VAL  B  135       8.2320   1 0 0 0    -81      81    0
R   3664  354  PHE  B  122    369  LEU  B  137      10.3395   1 0 0 1    105     105    0
R   3665  355  SER  B  123     16  LEU  A   43       6.0945   1 0 0 0      0       0    0
R   3666  355  SER  B  123     19  GLY  A   46       6.0671   1 0 0 0      0       0    0
R   3667  355  SER  B  123     20  ALA  A   47       6.5015   1 0 0 1    107     107    0
R   3668  355  SER  B  123     23  PHE  A   50       8.3757   1 0 0 0    -72      72    0
R   3669  355  SER  B  123    351  ALA  B  119       6.3426   1 0 0 1     65      65    0
R   3670  355  SER  B  123    352  PHE  B  120       5.4073   1 0 0 1      2       2    0
R   3671  355  SER  B  123    353  PHE  B  121       5.5015   1 0 0 0      0       0    0
R   3672  355  SER  B  123    354  PHE  B  122       3.8292   1 0 0 0    -34      34    0
R   3673  355  SER  B  123    356  GLY  B  124       3.8070   1 0 0 1     15      15    0
R   3674  355  SER  B  123    357  THR  B  125       5.2301   1 0 0 0      0       0    0
R   3675  355  SER  B  123    358  ILE  B  126       5.1455   1 0 0 1    115     115    0
R   3676  355  SER  B  123    359  ILE  B  127       6.7209   1 0 0 1      8       8    0
R   3677  355  SER  B  123    381  TYR  B  149       8.4087   1 0 0 0      0       0    0
R   3678  356  GLY  B  124     16  LEU  A   43       6.7230   1 0 0 0    -11      11    0
R   3679  356  GLY  B  124    352  PHE  B  120       6.5518   1 0 0 1     33      33    0
R   3680  356  GLY  B  124    353  PHE  B  121       5.1789   1 0 0 1      1       1    0
R   3681  356  GLY  B  124    354  PHE  B  122       5.4553   1 0 0 0      0       0    0
R   3682  356  GLY  B  124    355  SER  B  123       3.8070   1 0 0 0    -15      15    0
R   3683  356  GLY  B  124    357  THR  B  125       3.7990   1 0 0 1     10      10    0
R   3684  356  GLY  B  124    358  ILE  B  126       5.2267   1 0 0 1     11      11    0
R   3685  356  GLY  B  124    359  ILE  B  127       5.4991   1 0 0 0      0       0    0
R   3686  356  GLY  B  124    360  THR  B  128       6.0494   1 0 0 1    110     110    0
R   3687  356  GLY  B  124    494  TRP  B  262       7.6947   1 0 0 0      0       0    0
R   3690  357  THR  B  125    353  PHE  B  121       6.4590   1 0 0 1     44      44    0
R   3691  357  THR  B  125    354  PHE  B  122       5.1379   1 0 0 1    129     129    0
R   3692  357  THR  B  125    355  SER  B  123       5.2301   1 0 0 0      0       0    0
R   3693  357  THR  B  125    356  GLY  B  124       3.7990   1 0 0 0     -1       1    0
R   3694  357  THR  B  125    358  ILE  B  126       3.7751   1 0 0 0    -15      15    0
R   3695  357  THR  B  125    359  ILE  B  127       6.0153   1 0 0 0      0       0    0
R   3696  357  THR  B  125    360  THR  B  128       5.5335   1 0 0 1      4       4    0
R   3697  357  THR  B  125    361  THR  B  129       6.0708   1 0 0 0      0       0    0
R   3698  357  THR  B  125    362  ILE  B  130       5.1017   1 0 0 1     71      71    0
R   3699  357  THR  B  125    363  GLY  B  131       4.8188   1 0 0 1    137     137    0
R   3700  357  THR  B  125    364  TYR  B  132       6.6005   1 0 0 1     79      79    0
R   3704  358  ILE  B  126     23  PHE  A   50      12.1457   1 0 0 1     72      72    0
R   3705  358  ILE  B  126    212  VAL  A  239       6.2613   1 0 0 1     27      27    0
R   3706  358  ILE  B  126    214  PHE  A  241       9.0335   1 0 0 1     49      49    0
R   3707  358  ILE  B  126    354  PHE  B  122       6.8860   1 0 0 1     47      47    0
R   3708  358  ILE  B  126    355  SER  B  123       5.1455   1 0 0 1      2       2    0
R   3709  358  ILE  B  126    356  GLY  B  124       5.2267   1 0 0 0      0       0    0
R   3710  358  ILE  B  126    357  THR  B  125       3.7751   1 0 0 0    -16      16    0
R   3711  358  ILE  B  126    359  ILE  B  127       3.7876   1 0 0 0    -11      11    0
R   3712  358  ILE  B  126    360  THR  B  128       5.3685   1 0 0 0      0       0    0
R   3713  358  ILE  B  126    361  THR  B  129       4.8517   1 0 0 1    137     137    0
R   3714  358  ILE  B  126    378  CYS  B  146       8.3951   1 0 0 0     -1       1    0
R   3715  358  ILE  B  126    381  TYR  B  149       8.1788   1 0 0 1     63      63    0
R   3716  358  ILE  B  126    382  ALA  B  150       6.1307   1 0 0 1    141     141    0
R   3717  358  ILE  B  126    386  ILE  B  154       7.2990   1 0 0 0    -39      39    0
R   3718  359  ILE  B  127     12  VAL  A   39       9.6235   1 0 0 1     58      58    0
R   3719  359  ILE  B  127     15  TYR  A   42       9.8277   1 0 0 1     35      35    0
R   3720  359  ILE  B  127     16  LEU  A   43       9.0445   1 0 0 1    130     130    0
R   3721  359  ILE  B  127    355  SER  B  123       6.7209   1 0 0 0     -4       4    0
R   3722  359  ILE  B  127    356  GLY  B  124       5.4991   1 0 0 0    -38      38    0
R   3723  359  ILE  B  127    357  THR  B  125       6.0153   1 0 0 0      0       0    0
R   3724  359  ILE  B  127    358  ILE  B  126       3.7876   1 0 0 0    -11      11    0
R   3725  359  ILE  B  127    360  THR  B  128       3.8007   1 0 0 0    -12      12    0
R   3726  359  ILE  B  127    361  THR  B  129       5.2177   1 0 0 0    -12      12    0
R   3727  359  ILE  B  127    381  TYR  B  149       8.1322   1 0 0 1    102     102    0
R   3728  359  ILE  B  127    385  GLY  B  153       5.0025   1 0 0 0    -42      42    0
R   3729  359  ILE  B  127    386  ILE  B  154       4.2334   1 0 0 0    -21      21    0
R   3730  359  ILE  B  127    389  PHE  B  157       6.0248   1 0 0 1     61      61    0
R   3731  359  ILE  B  127    494  TRP  B  262      11.9228   0 0 0 1      8       8    0
R   3732  360  THR  B  128    356  GLY  B  124       6.0494   1 0 0 1     34      34    0
R   3733  360  THR  B  128    357  THR  B  125       5.5335   1 0 0 1     66      66    0
R   3734  360  THR  B  128    358  ILE  B  126       5.3685   1 0 0 0      0       0    0
R   3735  360  THR  B  128    359  ILE  B  127       3.8007   1 0 0 0    -20      20    0
R   3736  360  THR  B  128    361  THR  B  129       3.8306   1 0 0 1    100     100    0
R   3737  360  THR  B  128    362  ILE  B  130       5.2785   1 0 0 1     22      22    0
R   3738  360  THR  B  128    389  PHE  B  157       6.8403   1 0 0 1    110     110    0
R   3739  360  THR  B  128    470  THR  B  238       7.1450   1 0 0 0    -25      25    0
R   3740  360  THR  B  128    494  TRP  B  262      10.1971   1 0 0 0    -66      66    0
R   3741  360  THR  B  128    497  ILE  B  265       9.0892   0 0 0 1      6       6    0
R   3742  360  THR  B  128    501  LEU  B  269       8.5756   1 0 0 1     44      44    0
R   3743  361  THR  B  129    210  THR  A  237       6.7751   1 0 0 0    -51      51    0
R   3744  361  THR  B  129    211  THR  A  238       5.9702   1 0 0 0    -77      77    0
R   3745  361  THR  B  129    212  VAL  A  239       4.3007   1 0 0 0      0       0    0
R   3746  361  THR  B  129    357  THR  B  125       6.0708   1 0 0 0      0       0    0
R   3747  361  THR  B  129    358  ILE  B  126       4.8517   1 0 0 1     67      67    0
R   3748  361  THR  B  129    359  ILE  B  127       5.2177   1 0 0 0     -8       8    0
R   3749  361  THR  B  129    360  THR  B  128       3.8306   1 0 0 1     53      53    0
R   3750  361  THR  B  129    362  ILE  B  130       3.8292   1 0 0 0     -2       2    0
R   3751  361  THR  B  129    363  GLY  B  131       5.5606   1 0 0 0      0       0    0
R   3752  361  THR  B  129    386  ILE  B  154       7.0165   1 0 0 1    163     163    0
R   3753  361  THR  B  129    470  THR  B  238       6.2211   1 0 0 1     56      56    0
R   3754  362  ILE  B  130    212  VAL  A  239       5.6175   1 0 0 0    -32      32    0
R   3755  362  ILE  B  130    357  THR  B  125       5.1017   1 0 0 1      7       7    0
R   3756  362  ILE  B  130    360  THR  B  128       5.2785   1 0 0 0    -78      78    0
R   3757  362  ILE  B  130    361  THR  B  129       3.8292   1 0 0 0    -55      55    0
R   3758  362  ILE  B  130    363  GLY  B  131       3.8110   1 0 0 0    -26      26    0
R   3759  362  ILE  B  130    364  TYR  B  132       6.0000   1 0 0 1    115     115    0
R   3760  362  ILE  B  130    467  THR  B  235       6.5649   1 0 0 0    -35      35    0
R   3761  362  ILE  B  130    470  THR  B  238       4.2740   1 0 0 1      5       5    0
R   3762  362  ILE  B  130    471  VAL  B  239       5.7564   1 0 0 0    -38      38    0
R   3763  362  ILE  B  130    472  GLY  B  240       4.7423   1 0 0 0     -3       3    0
R   3764  362  ILE  B  130    497  ILE  B  265      10.2397   1 0 0 1    102     102    0
R   3765  362  ILE  B  130    501  LEU  B  269      10.2203   1 0 0 1     14      14    0
R   3766  363  GLY  B  131    212  VAL  A  239       4.7089   1 0 0 0      0       0    0
R   3767  363  GLY  B  131    213  GLY  A  240       5.7543   1 0 0 0    -95      95    0
R   3768  363  GLY  B  131    214  PHE  A  241       5.0927   1 0 0 0      0       0    0
R   3769  363  GLY  B  131    357  THR  B  125       4.8188   1 0 0 1     61      61    0
R   3770  363  GLY  B  131    361  THR  B  129       5.5606   1 0 0 0      0       0    0
R   3771  363  GLY  B  131    362  ILE  B  130       3.8110   1 0 0 0    -27      27    0
R   3772  363  GLY  B  131    364  TYR  B  132       3.8246   1 0 0 0     -3       3    0
R   3773  363  GLY  B  131    365  GLY  B  133       5.4306   1 0 0 1      7       7    0
R   3774  363  GLY  B  131    472  GLY  B  240       5.4876   1 0 0 0    -49      49    0
R   3776  364  TYR  B  132    353  PHE  B  121      10.3043   1 0 0 1    119     119    0
R   3777  364  TYR  B  132    357  THR  B  125       6.6005   1 0 0 1    102     102    0
R   3778  364  TYR  B  132    362  ILE  B  130       6.0000   1 0 0 1     95      95    0
R   3779  364  TYR  B  132    363  GLY  B  131       3.8246   1 0 0 0    -45      45    0
R   3780  364  TYR  B  132    365  GLY  B  133       3.7996   1 0 0 0    -17      17    0
R   3781  364  TYR  B  132    366  ASN  B  134       5.6269   1 0 0 0    -57      57    0
R   3782  364  TYR  B  132    463  PHE  B  231      10.6648   1 0 0 0     -2       2    0
R   3783  364  TYR  B  132    466  VAL  B  234       9.6419   0 0 0 1     12      12    0
R   3784  364  TYR  B  132    467  THR  B  235       8.4824   1 0 0 0      0       0    0
R   3785  364  TYR  B  132    472  GLY  B  240       4.6088   1 0 0 0     -1       1    0
R   3786  364  TYR  B  132    473  PHE  B  241       5.4572   1 0 0 0   -109     109    0
R   3787  364  TYR  B  132    474  GLY  B  242       4.0464   1 0 0 0    -44      44    0
R   3789  364  TYR  B  132    477  VAL  B  245       7.3176   1 0 0 1     68      68    0
R   3791  365  GLY  B  133    214  PHE  A  241       4.4944   1 0 0 0    -23      23    0
R   3793  365  GLY  B  133    357  THR  B  125       8.2634   0 0 0 1      2       2    0
R   3794  365  GLY  B  133    363  GLY  B  131       5.4306   1 0 0 0      0       0    0
R   3795  365  GLY  B  133    364  TYR  B  132       3.7996   1 0 0 0    -35      35    0
R   3796  365  GLY  B  133    366  ASN  B  134       3.7887   1 0 0 1      6       6    0
R   3797  365  GLY  B  133    367  VAL  B  135       5.0939   1 0 0 1     12      12    0
R   3800  366  ASN  B  134    364  TYR  B  132       5.6269   1 0 0 0    -70      70    0
R   3801  366  ASN  B  134    365  GLY  B  133       3.7887   1 0 0 0     -7       7    0
R   3802  366  ASN  B  134    367  VAL  B  135       3.8065   1 0 0 0    -45      45    0
R   3803  366  ASN  B  134    474  GLY  B  242       5.3314   1 0 0 0    -42      42    0
R   3804  366  ASN  B  134    477  VAL  B  245       7.6776   1 0 0 1      2       2    0
R   3805  366  ASN  B  134    480  ALA  B  248       8.4018   1 0 0 0   -148     148    0
R   3806  367  VAL  B  135    345  ALA  B  113       7.2711   1 0 0 1     95      95    0
R   3807  367  VAL  B  135    346  TRP  B  114       8.6493   1 0 0 1     97      97    0
R   3808  367  VAL  B  135    354  PHE  B  122       8.2320   1 0 0 0   -111     111    0
R   3809  367  VAL  B  135    365  GLY  B  133       5.0939   1 0 0 0    -15      15    0
R   3810  367  VAL  B  135    366  ASN  B  134       3.8065   1 0 0 0    -92      92    0
R   3811  367  VAL  B  135    368  ALA  B  136       3.8006   1 0 0 0    -15      15    0
R   3813  368  ALA  B  136    216  ASP  A  243       6.6093   1 0 0 1     99      99    0
R   3815  368  ALA  B  136    346  TRP  B  114      10.1156   1 0 0 0    -60      60    0
R   3818  368  ALA  B  136    367  VAL  B  135       3.8006   1 0 0 0    -23      23    0
R   3819  368  ALA  B  136    369  LEU  B  137       3.7790   1 0 0 0    -28      28    0
R   3820  368  ALA  B  136    370  ARG  B  138       6.3788   1 0 0 0    -31      31    0
R   3821  369  LEU  B  137     23  PHE  A   50       8.5790   1 0 0 1     75      75    0
R   3822  369  LEU  B  137     27  GLU  A   54       6.8481   1 0 0 1     81      81    0
R   3823  369  LEU  B  137    203  TYR  A  230      10.7827   1 0 0 0    -74      74    0
R   3824  369  LEU  B  137    214  PHE  A  241       9.7576   0 0 0 1      1       1    0
R   3825  369  LEU  B  137    216  ASP  A  243       8.4034   0 0 0 1      3       3    0
R   3826  369  LEU  B  137    346  TRP  B  114       9.9794   1 0 0 1     69      69    0
R   3827  369  LEU  B  137    354  PHE  B  122      10.3395   1 0 0 1     73      73    0
R   3828  369  LEU  B  137    368  ALA  B  136       3.7790   1 0 0 0    -39      39    0
R   3829  369  LEU  B  137    370  ARG  B  138       3.8063   1 0 0 1      1       1    0
R   3830  369  LEU  B  137    371  THR  B  139       5.9672   1 0 0 0     -2       2    0
R   3831  369  LEU  B  137    374  GLY  B  142       5.9851   1 0 0 0    -80      80    0
R   3832  369  LEU  B  137    375  ARG  B  143       6.5018   1 0 0 1     56      56    0
R   3833  369  LEU  B  137    378  CYS  B  146       9.0464   1 0 0 1     76      76    0
R   3834  370  ARG  B  138     27  GLU  A   54       6.9430   1 0 0 0    -14      14    0
R   3835  370  ARG  B  138     30  HIS  A   57       7.1815   1 0 0 1     46      46    0
R   3837  370  ARG  B  138     33  GLN  A   60       9.2273   1 0 0 0   -158     158    0
R   3839  370  ARG  B  138     37  GLU  A   64      13.6240   0 0 0 1     56      56    0
R   3840  370  ARG  B  138    329  GLY  B   97       8.8513   0 0 0 1     67      67    0
R   3842  370  ARG  B  138    368  ALA  B  136       6.3788   1 0 0 0    -32      32    0
R   3843  370  ARG  B  138    369  LEU  B  137       3.8063   1 0 0 0     -2       2    0
R   3844  370  ARG  B  138    371  THR  B  139       3.7945   1 0 0 0    -15      15    0
R   3845  370  ARG  B  138    372  ASP  B  140       6.6940   0 0 0 1      5       5    0
R   3846  370  ARG  B  138    375  ARG  B  143       7.7643   1 0 0 1     78      78    0
R   3847  371  THR  B  139     26  LEU  A   53       7.2448   1 0 0 0    -69      69    0
R   3848  371  THR  B  139     27  GLU  A   54       6.7448   1 0 0 1     70      70    0
R   3849  371  THR  B  139     30  HIS  A   57       8.0611   1 0 0 1     81      81    0
R   3850  371  THR  B  139    369  LEU  B  137       5.9672   1 0 0 0     -1       1    0
R   3851  371  THR  B  139    370  ARG  B  138       3.7945   1 0 0 0    -23      23    0
R   3852  371  THR  B  139    372  ASP  B  140       3.8106   1 0 0 1     20      20    0
R   3853  371  THR  B  139    373  ALA  B  141       5.2259   1 0 0 0     -7       7    0
R   3854  371  THR  B  139    374  GLY  B  142       4.9809   1 0 0 1    129     129    0
R   3855  371  THR  B  139    375  ARG  B  143       6.5627   1 0 0 1     58      58    0
R   3856  372  ASP  B  140    197  SER  A  224      10.0525   0 0 0 1     13      13    0
R   3857  372  ASP  B  140    199  LEU  A  226       7.4693   1 0 0 0    -30      30    0
R   3859  372  ASP  B  140    370  ARG  B  138       6.6940   0 0 0 1      4       4    0
R   3860  372  ASP  B  140    371  THR  B  139       3.8106   1 0 0 0      0       0    0
R   3861  372  ASP  B  140    373  ALA  B  141       3.7972   1 0 0 0     -5       5    0
R   3862  372  ASP  B  140    374  GLY  B  142       5.3277   1 0 0 0      0       0    0
R   3863  372  ASP  B  140    375  ARG  B  143       5.1484   1 0 0 1     99      99    0
R   3864  372  ASP  B  140    376  LEU  B  144       6.1827   1 0 0 1     76      76    0
R   3865  373  ALA  B  141     26  LEU  A   53       7.2664   1 0 0 1     88      88    0
R   3866  373  ALA  B  141    371  THR  B  139       5.2259   1 0 0 0    -17      17    0
R   3867  373  ALA  B  141    372  ASP  B  140       3.7972   1 0 0 0    -37      37    0
R   3868  373  ALA  B  141    374  GLY  B  142       3.8060   1 0 0 0     -9       9    0
R   3869  373  ALA  B  141    375  ARG  B  143       5.4234   1 0 0 0      0       0    0
R   3870  373  ALA  B  141    376  LEU  B  144       5.0531   1 0 0 1      2       2    0
R   3871  373  ALA  B  141    377  PHE  B  145       6.0884   1 0 0 1     99      99    0
R   3873  374  GLY  B  142     26  LEU  A   53       6.1406   1 0 0 0     -2       2    0
R   3874  374  GLY  B  142     27  GLU  A   54       6.9941   1 0 0 0      0       0    0
R   3875  374  GLY  B  142    369  LEU  B  137       5.9851   1 0 0 0    -18      18    0
R   3876  374  GLY  B  142    371  THR  B  139       4.9809   1 0 0 1     53      53    0
R   3877  374  GLY  B  142    372  ASP  B  140       5.3277   1 0 0 0      0       0    0
R   3878  374  GLY  B  142    373  ALA  B  141       3.8060   1 0 0 0    -40      40    0
R   3879  374  GLY  B  142    375  ARG  B  143       3.7982   1 0 0 1     12      12    0
R   3880  374  GLY  B  142    376  LEU  B  144       5.5350   1 0 0 0      0       0    0
R   3881  374  GLY  B  142    377  PHE  B  145       5.4105   1 0 0 0     -2       2    0
R   3882  374  GLY  B  142    378  CYS  B  146       6.0502   1 0 0 1     72      72    0
R   3883  375  ARG  B  143    199  LEU  A  226       7.9422   1 0 0 1     50      50    0
R   3884  375  ARG  B  143    200  GLU  A  227       7.7450   0 0 0 1     10      10    0
R   3885  375  ARG  B  143    203  TYR  A  230       6.2784   1 0 0 1    132     132    0
R   3887  375  ARG  B  143    217  TYR  A  244      11.5331   1 0 0 1     78      78    0
R   3888  375  ARG  B  143    369  LEU  B  137       6.5018   1 0 0 1    137     137    0
R   3889  375  ARG  B  143    370  ARG  B  138       7.7643   1 0 0 1     68      68    0
R   3890  375  ARG  B  143    371  THR  B  139       6.5627   1 0 0 1     30      30    0
R   3891  375  ARG  B  143    372  ASP  B  140       5.1484   1 0 0 1     62      62    0
R   3892  375  ARG  B  143    373  ALA  B  141       5.4234   1 0 0 0      0       0    0
R   3893  375  ARG  B  143    374  GLY  B  142       3.7982   1 0 0 0    -16      16    0
R   3894  375  ARG  B  143    376  LEU  B  144       3.7771   1 0 0 0    -16      16    0
R   3895  375  ARG  B  143    377  PHE  B  145       5.5792   1 0 0 0      0       0    0
R   3896  375  ARG  B  143    378  CYS  B  146       5.0075   1 0 0 0     -5       5    0
R   3897  375  ARG  B  143    379  ILE  B  147       6.4734   1 0 0 1     62      62    0
R   3898  376  LEU  B  144    199  LEU  A  226       7.4392   1 0 0 1     77      77    0
R   3899  376  LEU  B  144    372  ASP  B  140       6.1827   1 0 0 0    -28      28    0
R   3900  376  LEU  B  144    373  ALA  B  141       5.0531   1 0 0 0    -13      13    0
R   3901  376  LEU  B  144    374  GLY  B  142       5.5350   1 0 0 0      0       0    0
R   3902  376  LEU  B  144    375  ARG  B  143       3.7771   1 0 0 0    -49      49    0
R   3903  376  LEU  B  144    377  PHE  B  145       3.8023   1 0 0 0    -13      13    0
R   3904  376  LEU  B  144    378  CYS  B  146       5.3497   1 0 0 0      0       0    0
R   3905  376  LEU  B  144    379  ILE  B  147       5.4253   1 0 0 1     39      39    0
R   3906  376  LEU  B  144    380  PHE  B  148       7.1179   1 0 0 1     70      70    0
R   3909  377  PHE  B  145     22  VAL  A   49       8.5875   1 0 0 1    198     198    0
R   3910  377  PHE  B  145     23  PHE  A   50       8.6108   1 0 0 1    143     143    0
R   3911  377  PHE  B  145     26  LEU  A   53       9.6102   1 0 0 1     38      38    0
R   3912  377  PHE  B  145    373  ALA  B  141       6.0884   1 0 0 0    -22      22    0
R   3913  377  PHE  B  145    374  GLY  B  142       5.4105   1 0 0 0     -8       8    0
R   3914  377  PHE  B  145    375  ARG  B  143       5.5792   1 0 0 0      0       0    0
R   3915  377  PHE  B  145    376  LEU  B  144       3.8023   1 0 0 0    -28      28    0
R   3916  377  PHE  B  145    378  CYS  B  146       3.8001   1 0 0 0     -2       2    0
R   3917  377  PHE  B  145    379  ILE  B  147       5.4468   1 0 0 0      0       0    0
R   3918  377  PHE  B  145    380  PHE  B  148       5.5459   1 0 0 1     22      22    0
R   3919  377  PHE  B  145    381  TYR  B  149       5.9576   1 0 0 1    289     289    0
R   3920  378  CYS  B  146     23  PHE  A   50       8.6366   1 0 0 1     17      17    0
R   3921  378  CYS  B  146    203  TYR  A  230       8.1178   1 0 0 1      5       5    0
R   3923  378  CYS  B  146    214  PHE  A  241      11.4037   1 0 0 0      0       0    0
R   3924  378  CYS  B  146    358  ILE  B  126       8.3951   1 0 0 0      0       0    0
R   3925  378  CYS  B  146    369  LEU  B  137       9.0464   1 0 0 1     44      44    0
R   3926  378  CYS  B  146    374  GLY  B  142       6.0502   1 0 0 0    -44      44    0
R   3927  378  CYS  B  146    375  ARG  B  143       5.0075   1 0 0 0    -29      29    0
R   3928  378  CYS  B  146    376  LEU  B  144       5.3497   1 0 0 0      0       0    0
R   3929  378  CYS  B  146    377  PHE  B  145       3.8001   1 0 0 0    -37      37    0
R   3930  378  CYS  B  146    379  ILE  B  147       3.8093   1 0 0 0     -4       4    0
R   3931  378  CYS  B  146    380  PHE  B  148       5.5652   1 0 0 0      0       0    0
R   3932  378  CYS  B  146    381  TYR  B  149       4.8488   1 0 0 0      0       0    0
R   3933  378  CYS  B  146    382  ALA  B  150       6.1382   1 0 0 1     96      96    0
R   3934  379  ILE  B  147    199  LEU  A  226      10.1958   0 0 0 1      8       8    0
R   3935  379  ILE  B  147    202  ILE  A  229       8.4406   1 0 0 1    109     109    0
R   3936  379  ILE  B  147    203  TYR  A  230       6.4303   1 0 0 1     15      15    0
R   3937  379  ILE  B  147    206  ILE  A  233       6.7730   1 0 0 1    138     138    0
R   3938  379  ILE  B  147    207  VAL  A  234       7.4615   0 0 0 1      2       2    0
R   3939  379  ILE  B  147    375  ARG  B  143       6.4734   1 0 0 0    -54      54    0
R   3940  379  ILE  B  147    376  LEU  B  144       5.4253   1 0 0 0      0       0    0
R   3941  379  ILE  B  147    377  PHE  B  145       5.4468   1 0 0 0      0       0    0
R   3942  379  ILE  B  147    378  CYS  B  146       3.8093   1 0 0 0    -58      58    0
R   3943  379  ILE  B  147    380  PHE  B  148       3.8054   1 0 0 1     64      64    0
R   3944  379  ILE  B  147    381  TYR  B  149       5.4860   1 0 0 0      0       0    0
R   3945  379  ILE  B  147    382  ALA  B  150       5.5009   1 0 0 0    -13      13    0
R   3946  379  ILE  B  147    383  LEU  B  151       6.3123   1 0 0 1    105     105    0
R   3947  380  PHE  B  148    376  LEU  B  144       7.1179   1 0 0 1     93      93    0
R   3948  380  PHE  B  148    377  PHE  B  145       5.5459   1 0 0 1      4       4    0
R   3949  380  PHE  B  148    378  CYS  B  146       5.5652   1 0 0 0      0       0    0
R   3950  380  PHE  B  148    379  ILE  B  147       3.8054   1 0 0 1     47      47    0
R   3951  380  PHE  B  148    381  TYR  B  149       3.7804   1 0 0 0     -9       9    0
R   3952  380  PHE  B  148    382  ALA  B  150       5.3113   1 0 0 1      2       2    0
R   3953  380  PHE  B  148    383  LEU  B  151       5.0399   1 0 0 1     40      40    0
R   3954  380  PHE  B  148    384  VAL  B  152       6.1169   1 0 0 1     79      79    0
R   3955  381  TYR  B  149     15  TYR  A   42       8.9877   1 0 0 1    222     222    0
R   3956  381  TYR  B  149     16  LEU  A   43       9.7050   1 0 0 0    -12      12    0
R   3958  381  TYR  B  149     19  GLY  A   46       7.4920   1 0 0 0     -2       2    0
R   3959  381  TYR  B  149     23  PHE  A   50      10.5404   0 0 0 1     17      17    0
R   3960  381  TYR  B  149    355  SER  B  123       8.4087   1 0 0 0     -4       4    0
R   3961  381  TYR  B  149    358  ILE  B  126       8.1788   1 0 0 1     88      88    0
R   3962  381  TYR  B  149    359  ILE  B  127       8.1322   1 0 0 1     54      54    0
R   3963  381  TYR  B  149    377  PHE  B  145       5.9576   1 0 0 1     94      94    0
R   3964  381  TYR  B  149    378  CYS  B  146       4.8488   1 0 0 0    -22      22    0
R   3965  381  TYR  B  149    379  ILE  B  147       5.4860   1 0 0 0      0       0    0
R   3966  381  TYR  B  149    380  PHE  B  148       3.7804   1 0 0 0    -29      29    0
R   3967  381  TYR  B  149    382  ALA  B  150       3.8026   1 0 0 0     -8       8    0
R   3968  381  TYR  B  149    383  LEU  B  151       5.8295   1 0 0 0      0       0    0
R   3969  381  TYR  B  149    385  GLY  B  153       5.5716   1 0 0 1     67      67    0
R   3970  382  ALA  B  150    206  ILE  A  233       8.8541   0 0 0 1     15      15    0
R   3971  382  ALA  B  150    210  THR  A  237       7.9391   0 0 0 1     30      30    0
R   3972  382  ALA  B  150    212  VAL  A  239       8.8528   0 0 0 1     15      15    0
R   3973  382  ALA  B  150    358  ILE  B  126       6.1307   1 0 0 1     98      98    0
R   3975  382  ALA  B  150    378  CYS  B  146       6.1382   1 0 0 0    -20      20    0
R   3976  382  ALA  B  150    379  ILE  B  147       5.5009   1 0 0 0    -17      17    0
R   3977  382  ALA  B  150    380  PHE  B  148       5.3113   1 0 0 0      0       0    0
R   3978  382  ALA  B  150    381  TYR  B  149       3.8026   1 0 0 0    -35      35    0
R   3979  382  ALA  B  150    383  LEU  B  151       3.8111   1 0 0 0    -11      11    0
R   3980  382  ALA  B  150    384  VAL  B  152       5.2393   1 0 0 0      0       0    0
R   3981  382  ALA  B  150    385  GLY  B  153       4.5146   1 0 0 1      6       6    0
R   3982  382  ALA  B  150    386  ILE  B  154       5.4906   1 0 0 1    176     176    0
R   3983  382  ALA  B  150    387  PRO  B  155       8.3479   1 0 0 0      0       0    0
R   3984  383  LEU  B  151    206  ILE  A  233       8.5496   1 0 0 1     80      80    0
R   3985  383  LEU  B  151    210  THR  A  237       7.9510   1 0 0 1     55      55    0
R   3986  383  LEU  B  151    245  PHE  A  272      10.5388   1 0 0 1    104     104    0
R   3987  383  LEU  B  151    249  LEU  A  276       9.5147   0 0 0 1      3       3    0
R   3989  383  LEU  B  151    379  ILE  B  147       6.3123   1 0 0 1     26      26    0
R   3990  383  LEU  B  151    380  PHE  B  148       5.0399   1 0 0 1     27      27    0
R   3991  383  LEU  B  151    381  TYR  B  149       5.8295   1 0 0 0      0       0    0
R   3992  383  LEU  B  151    382  ALA  B  150       3.8111   1 0 0 0    -42      42    0
R   3993  383  LEU  B  151    384  VAL  B  152       3.8005   1 0 0 1      8       8    0
R   3994  383  LEU  B  151    385  GLY  B  153       5.6934   1 0 0 0      0       0    0
R   3996  383  LEU  B  151    387  PRO  B  155       7.2304   1 0 0 0   -138     138    0
R   3997  384  VAL  B  152     15  TYR  A   42       9.7974   1 0 0 0    -15      15    0
R   3998  384  VAL  B  152    380  PHE  B  148       6.1169   1 0 0 0    -41      41    0
R   3999  384  VAL  B  152    382  ALA  B  150       5.2393   1 0 0 0      0       0    0
R   4000  384  VAL  B  152    383  LEU  B  151       3.8005   1 0 0 1      4       4    0
R   4001  384  VAL  B  152    385  GLY  B  153       3.8052   1 0 0 0    -13      13    0
R   4002  384  VAL  B  152    386  ILE  B  154       5.9264   1 0 0 0      0       0    0
R   4003  384  VAL  B  152    387  PRO  B  155       6.2095   1 0 0 0    -49      49    0
R   4004  384  VAL  B  152    388  LEU  B  156       6.4185   1 0 0 0    -75      75    0
R   4005  385  GLY  B  153     15  TYR  A   42       7.7460   1 0 0 0      0       0    0
R   4006  385  GLY  B  153    359  ILE  B  127       5.0025   1 0 0 0    -20      20    0
R   4007  385  GLY  B  153    381  TYR  B  149       5.5716   1 0 0 1     34      34    0
R   4008  385  GLY  B  153    382  ALA  B  150       4.5146   1 0 0 1     31      31    0
R   4009  385  GLY  B  153    383  LEU  B  151       5.6934   1 0 0 0      0       0    0
R   4010  385  GLY  B  153    384  VAL  B  152       3.8052   1 0 0 0    -33      33    0
R   4011  385  GLY  B  153    386  ILE  B  154       3.7956   1 0 0 1     19      19    0
R   4012  385  GLY  B  153    387  PRO  B  155       5.7786   1 0 0 0      0       0    0
R   4013  385  GLY  B  153    388  LEU  B  156       5.1332   1 0 0 0     -8       8    0
R   4014  385  GLY  B  153    389  PHE  B  157       6.0842   1 0 0 1     99      99    0
R   4015  386  ILE  B  154    210  THR  A  237       8.1589   1 0 0 1    140     140    0
R   4016  386  ILE  B  154    212  VAL  A  239       9.6908   1 0 0 1     10      10    0
R   4017  386  ILE  B  154    249  LEU  A  276       8.8405   0 0 0 1     55      55    0
R   4018  386  ILE  B  154    358  ILE  B  126       7.2990   1 0 0 0    -53      53    0
R   4019  386  ILE  B  154    359  ILE  B  127       4.2334   1 0 0 0    -54      54    0
R   4020  386  ILE  B  154    361  THR  B  129       7.0165   1 0 0 1    119     119    0
R   4021  386  ILE  B  154    382  ALA  B  150       5.4906   1 0 0 1     35      35    0
R   4023  386  ILE  B  154    384  VAL  B  152       5.9264   1 0 0 0      0       0    0
R   4024  386  ILE  B  154    385  GLY  B  153       3.7956   1 0 0 0     -6       6    0
R   4025  386  ILE  B  154    387  PRO  B  155       3.8112   1 0 0 0    -38      38    0
R   4026  386  ILE  B  154    388  LEU  B  156       5.3159   1 0 0 0      0       0    0
R   4027  386  ILE  B  154    389  PHE  B  157       5.0164   1 0 0 1      7       7    0
R   4028  386  ILE  B  154    390  GLY  B  158       5.9775   1 0 0 1    146     146    0
R   4029  387  PRO  B  155    249  LEU  A  276       6.6445   1 0 0 1    111     111    0
R   4030  387  PRO  B  155    252  ILE  A  279       7.3728   1 0 0 1     71      71    0
R   4032  387  PRO  B  155    256  LEU  A  283       8.3474   1 0 0 1     90      90    0
R   4033  387  PRO  B  155    382  ALA  B  150       8.3479   1 0 0 0      0       0    0
R   4034  387  PRO  B  155    383  LEU  B  151       7.2304   1 0 0 0   -117     117    0
R   4035  387  PRO  B  155    384  VAL  B  152       6.2095   1 0 0 0    -37      37    0
R   4036  387  PRO  B  155    385  GLY  B  153       5.7786   1 0 0 0      0       0    0
R   4037  387  PRO  B  155    386  ILE  B  154       3.8112   1 0 0 0    -54      54    0
R   4038  387  PRO  B  155    388  LEU  B  156       3.7965   1 0 0 0     -3       3    0
R   4039  387  PRO  B  155    389  PHE  B  157       5.3306   1 0 0 0      0       0    0
R   4040  387  PRO  B  155    390  GLY  B  158       4.8508   1 0 0 1      4       4    0
R   4041  387  PRO  B  155    391  ILE  B  159       6.2592   1 0 0 1     51      51    0
R   4042  388  LEU  B  156      8  LEU  A   35       8.9907   1 0 0 1     58      58    0
R   4043  388  LEU  B  156     11  LEU  A   38       9.2788   1 0 0 1    121     121    0
R   4044  388  LEU  B  156     12  VAL  A   39       7.4546   1 0 0 1    115     115    0
R   4045  388  LEU  B  156     15  TYR  A   42       9.4099   1 0 0 1    152     152    0
R   4047  388  LEU  B  156    384  VAL  B  152       6.4185   1 0 0 0    -64      64    0
R   4048  388  LEU  B  156    385  GLY  B  153       5.1332   1 0 0 0    -19      19    0
R   4049  388  LEU  B  156    386  ILE  B  154       5.3159   1 0 0 0      0       0    0
R   4050  388  LEU  B  156    387  PRO  B  155       3.7965   1 0 0 0    -97      97    0
R   4051  388  LEU  B  156    389  PHE  B  157       3.7979   1 0 0 0     -3       3    0
R   4052  388  LEU  B  156    390  GLY  B  158       5.5519   1 0 0 0      0       0    0
R   4053  388  LEU  B  156    391  ILE  B  159       5.4321   1 0 0 0     -6       6    0
R   4054  388  LEU  B  156    392  LEU  B  160       6.5782   1 0 0 1     81      81    0
R   4055  389  PHE  B  157     12  VAL  A   39       7.1725   0 0 0 1     11      11    0
R   4056  389  PHE  B  157    359  ILE  B  127       6.0248   1 0 0 1     13      13    0
R   4057  389  PHE  B  157    360  THR  B  128       6.8403   1 0 0 1    107     107    0
R   4058  389  PHE  B  157    385  GLY  B  153       6.0842   1 0 0 0    -22      22    0
R   4059  389  PHE  B  157    386  ILE  B  154       5.0164   1 0 0 0    -15      15    0
R   4060  389  PHE  B  157    387  PRO  B  155       5.3306   1 0 0 0      0       0    0
R   4061  389  PHE  B  157    388  LEU  B  156       3.7979   1 0 0 0    -35      35    0
R   4062  389  PHE  B  157    390  GLY  B  158       3.8149   1 0 0 0    -10      10    0
R   4063  389  PHE  B  157    391  ILE  B  159       5.2919   1 0 0 0      0       0    0
R   4064  389  PHE  B  157    392  LEU  B  160       4.9823   1 0 0 1     56      56    0
R   4065  389  PHE  B  157    393  LEU  B  161       5.9580   1 0 0 1    298     298    0
R   4066  389  PHE  B  157    494  TRP  B  262      13.1157   1 0 0 1    112     112    0
R   4067  389  PHE  B  157    498  LEU  B  266       9.8747   1 0 0 1    120     120    0
R   4068  389  PHE  B  157    501  LEU  B  269      11.1212   1 0 0 1     43      43    0
R   4069  390  GLY  B  158    386  ILE  B  154       5.9775   1 0 0 1     69      69    0
R   4070  390  GLY  B  158    387  PRO  B  155       4.8508   1 0 0 1      2       2    0
R   4071  390  GLY  B  158    388  LEU  B  156       5.5519   1 0 0 0      0       0    0
R   4072  390  GLY  B  158    389  PHE  B  157       3.8149   1 0 0 0    -14      14    0
R   4073  390  GLY  B  158    391  ILE  B  159       3.7928   1 0 0 1      5       5    0
R   4074  390  GLY  B  158    392  LEU  B  160       5.5118   1 0 0 0      0       0    0
R   4075  390  GLY  B  158    393  LEU  B  161       4.9323   1 0 0 0     -3       3    0
R   4076  390  GLY  B  158    394  ALA  B  162       6.2132   1 0 0 1    118     118    0
R   4078  391  ILE  B  159      8  LEU  A   35       8.8114   1 0 0 1     81      81    0
R   4079  391  ILE  B  159    253  GLY  A  280       6.8849   1 0 0 0    -44      44    0
R   4080  391  ILE  B  159    256  LEU  A  283       7.2315   1 0 0 1    155     155    0
R   4081  391  ILE  B  159    257  ARG  A  284       6.6501   1 0 0 0     -9       9    0
R   4082  391  ILE  B  159    387  PRO  B  155       6.2592   1 0 0 0    -59      59    0
R   4083  391  ILE  B  159    388  LEU  B  156       5.4321   1 0 0 0    -25      25    0
R   4084  391  ILE  B  159    389  PHE  B  157       5.2919   1 0 0 0      0       0    0
R   4085  391  ILE  B  159    390  GLY  B  158       3.7928   1 0 0 0    -29      29    0
R   4086  391  ILE  B  159    392  LEU  B  160       3.8077   1 0 0 0     -3       3    0
R   4087  391  ILE  B  159    393  LEU  B  161       5.2559   1 0 0 1      2       2    0
R   4088  391  ILE  B  159    394  ALA  B  162       5.2081   1 0 0 1      3       3    0
R   4089  391  ILE  B  159    395  GLY  B  163       6.1975   1 0 0 1    111     111    0
R   4091  392  LEU  B  160      8  LEU  A   35       6.4716   1 0 0 1     49      49    0
R   4092  392  LEU  B  160      9  LEU  A   36       6.8403   1 0 0 0     -2       2    0
R   4093  392  LEU  B  160     12  VAL  A   39       8.1248   1 0 0 1    145     145    0
R   4094  392  LEU  B  160    388  LEU  B  156       6.5782   1 0 0 0    -21      21    0
R   4095  392  LEU  B  160    389  PHE  B  157       4.9823   1 0 0 1     36      36    0
R   4096  392  LEU  B  160    390  GLY  B  158       5.5118   1 0 0 0      0       0    0
R   4097  392  LEU  B  160    391  ILE  B  159       3.8077   1 0 0 0    -37      37    0
R   4098  392  LEU  B  160    393  LEU  B  161       3.7714   1 0 0 0    -10      10    0
R   4099  392  LEU  B  160    394  ALA  B  162       5.5929   1 0 0 0      0       0    0
R   4100  392  LEU  B  160    395  GLY  B  163       4.9654   1 0 0 1      5       5    0
R   4101  392  LEU  B  160    396  VAL  B  164       6.1546   1 0 0 1    130     130    0
R   4102  392  LEU  B  160    494  TRP  B  262      14.1799   0 0 0 1      7       7    0
R   4103  392  LEU  B  160    498  LEU  B  266       9.4997   1 0 0 1     42      42    0
R   4104  393  LEU  B  161    389  PHE  B  157       5.9580   1 0 0 1     76      76    0
R   4105  393  LEU  B  161    390  GLY  B  158       4.9323   1 0 0 0    -39      39    0
R   4106  393  LEU  B  161    391  ILE  B  159       5.2559   1 0 0 0      0       0    0
R   4107  393  LEU  B  161    392  LEU  B  160       3.7714   1 0 0 0    -37      37    0
R   4108  393  LEU  B  161    394  ALA  B  162       3.8055   1 0 0 0     -7       7    0
R   4109  393  LEU  B  161    395  GLY  B  163       5.2004   1 0 0 0      0       0    0
R   4110  393  LEU  B  161    396  VAL  B  164       5.0533   1 0 0 1     11      11    0
R   4111  393  LEU  B  161    397  GLY  B  165       5.9386   1 0 0 1    185     185    0
R   4112  393  LEU  B  161    498  LEU  B  266       7.5440   1 0 0 1     91      91    0
R   4113  393  LEU  B  161    501  LEU  B  269       7.8369   1 0 0 1     53      53    0
R   4114  393  LEU  B  161    502  ALA  B  270       6.0021   1 0 0 0    -67      67    0
R   4115  393  LEU  B  161    505  ALA  B  273       8.9228   0 0 0 1     45      45    0
R   4116  394  ALA  B  162    257  ARG  A  284       8.7951   0 0 0 1      1       1    0
R   4117  394  ALA  B  162    390  GLY  B  158       6.2132   1 0 0 0    -18      18    0
R   4118  394  ALA  B  162    391  ILE  B  159       5.2081   1 0 0 0    -12      12    0
R   4119  394  ALA  B  162    392  LEU  B  160       5.5929   1 0 0 0      0       0    0
R   4120  394  ALA  B  162    393  LEU  B  161       3.8055   1 0 0 0    -34      34    0
R   4121  394  ALA  B  162    395  GLY  B  163       3.7988   1 0 0 0     -7       7    0
R   4122  394  ALA  B  162    396  VAL  B  164       5.5330   1 0 0 0      0       0    0
R   4123  394  ALA  B  162    397  GLY  B  165       4.9670   1 0 0 1      1       1    0
R   4124  394  ALA  B  162    398  ASP  B  166       6.1828   1 0 0 1    105     105    0
R   4125  395  GLY  B  163      5  LEU  A   32       6.3486   1 0 0 0    -62      62    0
R   4126  395  GLY  B  163    391  ILE  B  159       6.1975   1 0 0 1     51      51    0
R   4127  395  GLY  B  163    392  LEU  B  160       4.9654   1 0 0 0      0       0    0
R   4128  395  GLY  B  163    393  LEU  B  161       5.2004   1 0 0 0      0       0    0
R   4129  395  GLY  B  163    394  ALA  B  162       3.7988   1 0 0 0    -47      47    0
R   4130  395  GLY  B  163    396  VAL  B  164       3.7921   1 0 0 1     13      13    0
R   4131  395  GLY  B  163    397  GLY  B  165       5.4406   1 0 0 0      0       0    0
R   4132  395  GLY  B  163    398  ASP  B  166       5.3176   1 0 0 0    -11      11    0
R   4133  395  GLY  B  163    399  ARG  B  167       6.1951   1 0 0 1    130     130    0
R   4134  396  VAL  B  164      5  LEU  A   32       7.4579   1 0 0 1     16      16    0
R   4135  396  VAL  B  164      9  LEU  A   36       9.2819   0 0 0 1      1       1    0
R   4136  396  VAL  B  164    392  LEU  B  160       6.1546   1 0 0 1     16      16    0
R   4137  396  VAL  B  164    393  LEU  B  161       5.0533   1 0 0 0    -13      13    0
R   4138  396  VAL  B  164    394  ALA  B  162       5.5330   1 0 0 0      0       0    0
R   4139  396  VAL  B  164    395  GLY  B  163       3.7921   1 0 0 0    -14      14    0
R   4140  396  VAL  B  164    397  GLY  B  165       3.8108   1 0 0 0    -12      12    0
R   4141  396  VAL  B  164    398  ASP  B  166       5.3985   1 0 0 0      0       0    0
R   4142  396  VAL  B  164    399  ARG  B  167       4.9179   1 0 0 1      5       5    0
R   4143  396  VAL  B  164    400  LEU  B  168       5.7927   1 0 0 1    187     187    0
R   4144  396  VAL  B  164    498  LEU  B  266       8.3287   1 0 0 1    122     122    0
R   4145  396  VAL  B  164    499  LEU  B  267       7.7513   0 0 0 1     68      68    0
R   4146  396  VAL  B  164    502  ALA  B  270       6.6055   1 0 0 1     62      62    0
R   4147  397  GLY  B  165    393  LEU  B  161       5.9386   1 0 0 1     70      70    0
R   4148  397  GLY  B  165    394  ALA  B  162       4.9670   1 0 0 0      0       0    0
R   4149  397  GLY  B  165    395  GLY  B  163       5.4406   1 0 0 0      0       0    0
R   4150  397  GLY  B  165    396  VAL  B  164       3.8108   1 0 0 0    -19      19    0
R   4151  397  GLY  B  165    398  ASP  B  166       3.8004   1 0 0 1     11      11    0
R   4152  397  GLY  B  165    399  ARG  B  167       5.5312   1 0 0 0      0       0    0
R   4153  397  GLY  B  165    400  LEU  B  168       5.2817   1 0 0 0     -4       4    0
R   4154  397  GLY  B  165    401  GLY  B  169       6.0472   1 0 0 1    117     117    0
R   4155  397  GLY  B  165    502  ALA  B  270       4.8799   1 0 0 0     -5       5    0
R   4156  397  GLY  B  165    506  SER  B  274       7.2569   0 0 0 1     20      20    0
R   4157  398  ASP  B  166      5  LEU  A   32      10.3310   0 0 0 1      4       4    0
R   4158  398  ASP  B  166    257  ARG  A  284      12.2893   0 0 0 1     37      37    0
R   4159  398  ASP  B  166    394  ALA  B  162       6.1828   1 0 0 0    -47      47    0
R   4160  398  ASP  B  166    395  GLY  B  163       5.3176   1 0 0 0    -18      18    0
R   4161  398  ASP  B  166    396  VAL  B  164       5.3985   1 0 0 0      0       0    0
R   4162  398  ASP  B  166    397  GLY  B  165       3.8004   1 0 0 0    -24      24    0
R   4163  398  ASP  B  166    399  ARG  B  167       3.8163   1 0 0 0    -13      13    0
R   4164  398  ASP  B  166    400  LEU  B  168       5.6055   1 0 0 0      0       0    0
R   4165  398  ASP  B  166    401  GLY  B  169       5.2754   1 0 0 1      1       1    0
R   4166  398  ASP  B  166    402  SER  B  170       6.1199   1 0 0 1    140     140    0
R   4167  399  ARG  B  167      2  SER  A   29       7.2024   1 0 0 1     69      69    0
R   4168  399  ARG  B  167      5  LEU  A   32       8.8028   1 0 0 1     47      47    0
R   4169  399  ARG  B  167    395  GLY  B  163       6.1951   1 0 0 0    -25      25    0
R   4170  399  ARG  B  167    396  VAL  B  164       4.9179   1 0 0 0    -13      13    0
R   4171  399  ARG  B  167    397  GLY  B  165       5.5312   1 0 0 0      0       0    0
R   4172  399  ARG  B  167    398  ASP  B  166       3.8163   1 0 0 0    -27      27    0
R   4173  399  ARG  B  167    400  LEU  B  168       3.8217   1 0 0 0    -13      13    0
R   4174  399  ARG  B  167    401  GLY  B  169       5.5476   1 0 0 0      0       0    0
R   4175  399  ARG  B  167    402  SER  B  170       5.0880   1 0 0 1     94      94    0
R   4176  399  ARG  B  167    403  SER  B  171       6.2766   1 0 0 1    124     124    0
R   4177  400  LEU  B  168    396  VAL  B  164       5.7927   1 0 0 1      5       5    0
R   4178  400  LEU  B  168    397  GLY  B  165       5.2817   1 0 0 0    -12      12    0
R   4179  400  LEU  B  168    398  ASP  B  166       5.6055   1 0 0 0      0       0    0
R   4180  400  LEU  B  168    399  ARG  B  167       3.8217   1 0 0 0    -18      18    0
R   4181  400  LEU  B  168    401  GLY  B  169       3.8193   1 0 0 0     -5       5    0
R   4182  400  LEU  B  168    402  SER  B  170       5.3207   1 0 0 0      0       0    0
R   4183  400  LEU  B  168    403  SER  B  171       5.1162   1 0 0 1     11      11    0
R   4184  400  LEU  B  168    404  LEU  B  172       6.0089   1 0 0 1    210     210    0
R   4185  400  LEU  B  168    441  PHE  B  209      12.5021   1 0 0 1    140     140    0
R   4186  400  LEU  B  168    499  LEU  B  267       8.1636   0 0 0 1     28      28    0
R   4187  400  LEU  B  168    502  ALA  B  270       8.1069   0 0 0 1     27      27    0
R   4188  400  LEU  B  168    503  TYR  B  271       7.9568   1 0 0 1     39      39    0
R   4189  401  GLY  B  169    397  GLY  B  165       6.0472   1 0 0 1     50      50    0
R   4190  401  GLY  B  169    398  ASP  B  166       5.2754   1 0 0 0      0       0    0
R   4191  401  GLY  B  169    399  ARG  B  167       5.5476   1 0 0 0      0       0    0
R   4192  401  GLY  B  169    400  LEU  B  168       3.8193   1 0 0 0    -33      33    0
R   4193  401  GLY  B  169    402  SER  B  170       3.7982   1 0 0 1      5       5    0
R   4194  401  GLY  B  169    403  SER  B  171       5.5226   1 0 0 0      0       0    0
R   4195  401  GLY  B  169    404  LEU  B  172       4.9255   1 0 0 0     -3       3    0
R   4196  401  GLY  B  169    405  ARG  B  173       5.8409   1 0 0 1    145     145    0
R   4198  402  SER  B  170    398  ASP  B  166       6.1199   1 0 0 1     30      30    0
R   4199  402  SER  B  170    399  ARG  B  167       5.0880   1 0 0 1     99      99    0
R   4200  402  SER  B  170    400  LEU  B  168       5.3207   1 0 0 0      0       0    0
R   4201  402  SER  B  170    401  GLY  B  169       3.7982   1 0 0 0    -25      25    0
R   4202  402  SER  B  170    403  SER  B  171       3.8068   1 0 0 1     31      31    0
R   4203  402  SER  B  170    404  LEU  B  172       5.3360   1 0 0 0      0       0    0
R   4204  402  SER  B  170    405  ARG  B  173       4.9763   1 0 0 1      8       8    0
R   4205  402  SER  B  170    406  HIS  B  174       6.1196   1 0 0 1    121     121    0
R   4206  403  SER  B  171    399  ARG  B  167       6.2766   1 0 0 1     15      15    0
R   4207  403  SER  B  171    400  LEU  B  168       5.1162   1 0 0 0      0       0    0
R   4208  403  SER  B  171    401  GLY  B  169       5.5226   1 0 0 0      0       0    0
R   4209  403  SER  B  171    402  SER  B  170       3.8068   1 0 0 0    -15      15    0
R   4210  403  SER  B  171    404  LEU  B  172       3.7956   1 0 0 1      1       1    0
R   4211  403  SER  B  171    405  ARG  B  173       5.5057   1 0 0 0      0       0    0
R   4212  403  SER  B  171    406  HIS  B  174       5.2565   1 0 0 0    -14      14    0
R   4213  403  SER  B  171    407  GLY  B  175       6.2024   1 0 0 1    111     111    0
R   4214  404  LEU  B  172    400  LEU  B  168       6.0089   1 0 0 1     61      61    0
R   4215  404  LEU  B  172    401  GLY  B  169       4.9255   1 0 0 0    -18      18    0
R   4216  404  LEU  B  172    402  SER  B  170       5.3360   1 0 0 0      0       0    0
R   4217  404  LEU  B  172    403  SER  B  171       3.7956   1 0 0 0    -31      31    0
R   4218  404  LEU  B  172    405  ARG  B  173       3.8297   1 0 0 0     -2       2    0
R   4219  404  LEU  B  172    406  HIS  B  174       5.5403   1 0 0 0      0       0    0
R   4220  404  LEU  B  172    407  GLY  B  175       5.1159   1 0 0 1     11      11    0
R   4221  404  LEU  B  172    408  ILE  B  176       6.1461   1 0 0 0    -50      50    0
R   4222  404  LEU  B  172    433  PHE  B  201       7.5821   1 0 0 1    139     139    0
R   4223  404  LEU  B  172    436  ILE  B  204      10.0135   0 0 0 1     66      66    0
R   4225  404  LEU  B  172    440  LEU  B  208      12.2265   0 0 0 1     23      23    0
R   4226  404  LEU  B  172    441  PHE  B  209      13.5106   0 0 0 1      8       8    0
R   4227  404  LEU  B  172    503  TYR  B  271      10.6035   0 0 0 1     34      34    0
R   4228  405  ARG  B  173    401  GLY  B  169       5.8409   1 0 0 0    -11      11    0
R   4229  405  ARG  B  173    402  SER  B  170       4.9763   1 0 0 0    -12      12    0
R   4230  405  ARG  B  173    403  SER  B  171       5.5057   1 0 0 0      0       0    0
R   4231  405  ARG  B  173    404  LEU  B  172       3.8297   1 0 0 0    -18      18    0
R   4232  405  ARG  B  173    406  HIS  B  174       3.8380   1 0 0 1      4       4    0
R   4233  405  ARG  B  173    407  GLY  B  175       5.4050   1 0 0 0      0       0    0
R   4234  405  ARG  B  173    408  ILE  B  176       5.0904   1 0 0 0     -2       2    0
R   4235  405  ARG  B  173    409  GLY  B  177       6.1974   1 0 0 1    112     112    0
R   4237  406  HIS  B  174    402  SER  B  170       6.1196   1 0 0 0     -5       5    0
R   4238  406  HIS  B  174    403  SER  B  171       5.2565   1 0 0 0    -20      20    0
R   4239  406  HIS  B  174    404  LEU  B  172       5.5403   1 0 0 0      0       0    0
R   4240  406  HIS  B  174    405  ARG  B  173       3.8380   1 0 0 0    -13      13    0
R   4241  406  HIS  B  174    407  GLY  B  175       3.8053   1 0 0 0    -22      22    0
R   4242  406  HIS  B  174    408  ILE  B  176       5.5153   1 0 0 0      0       0    0
R   4243  406  HIS  B  174    409  GLY  B  177       5.1624   1 0 0 1     61      61    0
R   4244  406  HIS  B  174    410  HIS  B  178       7.2611   1 0 0 0   -131     131    0
R   4245  407  GLY  B  175    403  SER  B  171       6.2024   1 0 0 1     49      49    0
R   4246  407  GLY  B  175    404  LEU  B  172       5.1159   1 0 0 1      1       1    0
R   4247  407  GLY  B  175    405  ARG  B  173       5.4050   1 0 0 0      0       0    0
R   4248  407  GLY  B  175    406  HIS  B  174       3.8053   1 0 0 0    -47      47    0
R   4249  407  GLY  B  175    408  ILE  B  176       3.8168   1 0 0 1     10      10    0
R   4250  407  GLY  B  175    409  GLY  B  177       5.4198   1 0 0 1      9       9    0
R   4251  407  GLY  B  175    410  HIS  B  178       5.9876   1 0 0 1      6       6    0
R   4253  408  ILE  B  176    404  LEU  B  172       6.1461   1 0 0 0    -52      52    0
R   4254  408  ILE  B  176    405  ARG  B  173       5.0904   1 0 0 0    -18      18    0
R   4255  408  ILE  B  176    406  HIS  B  174       5.5153   1 0 0 0      0       0    0
R   4256  408  ILE  B  176    407  GLY  B  175       3.8168   1 0 0 0    -16      16    0
R   4257  408  ILE  B  176    409  GLY  B  177       3.8210   1 0 0 0    -12      12    0
R   4258  408  ILE  B  176    410  HIS  B  178       5.5297   1 0 0 0      0       0    0
R   4259  408  ILE  B  176    411  ILE  B  179       5.3985   1 0 0 1     39      39    0
R   4260  408  ILE  B  176    412  GLU  B  180       5.7879   1 0 0 1    205     205    0
R   4261  408  ILE  B  176    429  SER  B  197       7.0226   1 0 0 0    -19      19    0
R   4262  408  ILE  B  176    432  LEU  B  200       8.6969   0 0 0 1     10      10    0
R   4263  408  ILE  B  176    433  PHE  B  201       7.4397   1 0 0 1    147     147    0
R   4264  408  ILE  B  176    436  ILE  B  204      10.9762   0 0 0 1     10      10    0
R   4265  409  GLY  B  177    405  ARG  B  173       6.1974   1 0 0 1     48      48    0
R   4266  409  GLY  B  177    406  HIS  B  174       5.1624   1 0 0 1      4       4    0
R   4267  409  GLY  B  177    407  GLY  B  175       5.4198   1 0 0 0      0       0    0
R   4268  409  GLY  B  177    408  ILE  B  176       3.8210   1 0 0 0    -31      31    0
R   4269  409  GLY  B  177    410  HIS  B  178       3.8108   1 0 0 1     11      11    0
R   4270  409  GLY  B  177    411  ILE  B  179       5.5265   1 0 0 0      0       0    0
R   4271  409  GLY  B  177    412  GLU  B  180       4.6582   1 0 0 0    -13      13    0
R   4272  409  GLY  B  177    413  ALA  B  181       6.0516   1 0 0 1    122     122    0
R   4273  410  HIS  B  178    406  HIS  B  174       7.2611   1 0 0 0   -172     172    0
R   4274  410  HIS  B  178    407  GLY  B  175       5.9876   1 0 0 0    -13      13    0
R   4275  410  HIS  B  178    408  ILE  B  176       5.5297   1 0 0 0      0       0    0
R   4276  410  HIS  B  178    409  GLY  B  177       3.8108   1 0 0 0    -19      19    0
R   4277  410  HIS  B  178    411  ILE  B  179       3.8158   1 0 0 0     -2       2    0
R   4278  410  HIS  B  178    412  GLU  B  180       5.3321   1 0 0 0      0       0    0
R   4279  410  HIS  B  178    413  ALA  B  181       5.1560   1 0 0 0   -106     106    0
R   4280  410  HIS  B  178    414  ILE  B  182       6.9919   1 0 0 0    -26      26    0
R   4282  411  ILE  B  179    408  ILE  B  176       5.3985   1 0 0 0    -10      10    0
R   4283  411  ILE  B  179    409  GLY  B  177       5.5265   1 0 0 0      0       0    0
R   4284  411  ILE  B  179    410  HIS  B  178       3.8158   1 0 0 0    -11      11    0
R   4285  411  ILE  B  179    412  GLU  B  180       3.8225   1 0 0 0     -6       6    0
R   4286  411  ILE  B  179    413  ALA  B  181       5.2266   1 0 0 0      0       0    0
R   4287  411  ILE  B  179    414  ILE  B  182       5.1541   1 0 0 1     98      98    0
R   4288  411  ILE  B  179    415  PHE  B  183       6.7453   1 0 0 1    157     157    0
R   4289  411  ILE  B  179    432  LEU  B  200      10.2341   0 0 0 1     34      34    0
R   4290  412  GLU  B  180    408  ILE  B  176       5.7879   1 0 0 0    -17      17    0
R   4291  412  GLU  B  180    409  GLY  B  177       4.6582   1 0 0 0    -30      30    0
R   4292  412  GLU  B  180    410  HIS  B  178       5.3321   1 0 0 0      0       0    0
R   4293  412  GLU  B  180    411  ILE  B  179       3.8225   1 0 0 0    -19      19    0
R   4294  412  GLU  B  180    413  ALA  B  181       3.8226   1 0 0 0     -3       3    0
R   4295  412  GLU  B  180    414  ILE  B  182       5.3381   1 0 0 0      0       0    0
R   4296  412  GLU  B  180    415  PHE  B  183       5.1354   1 0 0 1     56      56    0
R   4297  412  GLU  B  180    416  LEU  B  184       6.4355   1 0 0 1     50      50    0
R   4298  412  GLU  B  180    425  VAL  B  193       6.9411   1 0 0 1     26      26    0
R   4299  412  GLU  B  180    426  ARG  B  194       7.7098   1 0 0 1    118     118    0
R   4300  412  GLU  B  180    429  SER  B  197       7.0993   0 0 0 1     16      16    0
R   4301  413  ALA  B  181    409  GLY  B  177       6.0516   1 0 0 0     -3       3    0
R   4302  413  ALA  B  181    410  HIS  B  178       5.1560   1 0 0 0    -55      55    0
R   4303  413  ALA  B  181    411  ILE  B  179       5.2266   1 0 0 0      0       0    0
R   4304  413  ALA  B  181    412  GLU  B  180       3.8226   1 0 0 0    -35      35    0
R   4305  413  ALA  B  181    414  ILE  B  182       3.8273   1 0 0 1      5       5    0
R   4306  413  ALA  B  181    415  PHE  B  183       5.5216   1 0 0 0      0       0    0
R   4307  413  ALA  B  181    416  LEU  B  184       5.2741   1 0 0 0     -2       2    0
R   4308  413  ALA  B  181    417  LYS  B  185       6.5319   1 0 0 1     43      43    0
R   4309  414  ILE  B  182    410  HIS  B  178       6.9919   1 0 0 0    -53      53    0
R   4310  414  ILE  B  182    411  ILE  B  179       5.1541   1 0 0 0      0       0    0
R   4311  414  ILE  B  182    412  GLU  B  180       5.3381   1 0 0 0      0       0    0
R   4312  414  ILE  B  182    413  ALA  B  181       3.8273   1 0 0 0    -31      31    0
R   4313  414  ILE  B  182    415  PHE  B  183       3.8546   1 0 0 1     25      25    0
R   4314  414  ILE  B  182    416  LEU  B  184       5.5175   1 0 0 0      0       0    0
R   4315  414  ILE  B  182    417  LYS  B  185       5.2969   1 0 0 1     11      11    0
R   4316  414  ILE  B  182    418  TRP  B  186       6.4583   1 0 0 0   -196     196    0
R   4317  415  PHE  B  183    411  ILE  B  179       6.7453   1 0 0 1     76      76    0
R   4318  415  PHE  B  183    412  GLU  B  180       5.1354   1 0 0 0      0       0    0
R   4319  415  PHE  B  183    413  ALA  B  181       5.5216   1 0 0 0      0       0    0
R   4320  415  PHE  B  183    414  ILE  B  182       3.8546   1 0 0 0     -3       3    0
R   4321  415  PHE  B  183    416  LEU  B  184       3.8330   1 0 0 0     -6       6    0
R   4322  415  PHE  B  183    417  LYS  B  185       5.4427   1 0 0 0      0       0    0
R   4323  415  PHE  B  183    418  TRP  B  186       5.0243   1 0 0 1     53      53    0
R   4324  415  PHE  B  183    419  HIS  B  187       6.6987   1 0 0 1     49      49    0
R   4325  415  PHE  B  183    420  VAL  B  188       6.2767   1 0 0 1     48      48    0
R   4326  415  PHE  B  183    425  VAL  B  193       6.2502   1 0 0 1    145     145    0
R   4327  415  PHE  B  183    428  LEU  B  196       9.4099   0 0 0 1     69      69    0
R   4329  415  PHE  B  183    432  LEU  B  200      12.3797   1 0 0 1    130     130    0
R   4330  416  LEU  B  184    412  GLU  B  180       6.4355   1 0 0 1      5       5    0
R   4331  416  LEU  B  184    413  ALA  B  181       5.2741   1 0 0 0    -24      24    0
R   4332  416  LEU  B  184    414  ILE  B  182       5.5175   1 0 0 0      0       0    0
R   4333  416  LEU  B  184    415  PHE  B  183       3.8330   1 0 0 0    -25      25    0
R   4334  416  LEU  B  184    417  LYS  B  185       3.8105   1 0 0 0    -13      13    0
R   4335  416  LEU  B  184    418  TRP  B  186       5.3566   1 0 0 0      0       0    0
R   4336  416  LEU  B  184    419  HIS  B  187       5.2463   1 0 0 1     79      79    0
R   4338  416  LEU  B  184    422  PRO  B  190       6.7272   1 0 0 1    134     134    0
R   4339  416  LEU  B  184    425  VAL  B  193       7.1960   1 0 0 1     31      31    0
R   4340  416  LEU  B  184    426  ARG  B  194       9.7784   1 0 0 0    -68      68    0
R   4341  417  LYS  B  185    413  ALA  B  181       6.5319   1 0 0 0    -43      43    0
R   4342  417  LYS  B  185    414  ILE  B  182       5.2969   1 0 0 0    -31      31    0
R   4343  417  LYS  B  185    415  PHE  B  183       5.4427   1 0 0 0      0       0    0
R   4344  417  LYS  B  185    416  LEU  B  184       3.8105   1 0 0 0    -34      34    0
R   4345  417  LYS  B  185    418  TRP  B  186       3.8293   1 0 0 1      7       7    0
R   4346  417  LYS  B  185    419  HIS  B  187       5.2551   1 0 0 0    -46      46    0
R   4347  418  TRP  B  186    414  ILE  B  182       6.4583   1 0 0 0   -137     137    0
R   4348  418  TRP  B  186    415  PHE  B  183       5.0243   1 0 0 0    -27      27    0
R   4349  418  TRP  B  186    416  LEU  B  184       5.3566   1 0 0 0      0       0    0
R   4350  418  TRP  B  186    417  LYS  B  185       3.8293   1 0 0 0    -24      24    0
R   4351  418  TRP  B  186    419  HIS  B  187       3.8216   1 0 0 0    -28      28    0
R   4352  418  TRP  B  186    420  VAL  B  188       5.7473   1 0 0 1     50      50    0
R   4353  419  HIS  B  187    415  PHE  B  183       6.6987   1 0 0 1      6       6    0
R   4354  419  HIS  B  187    416  LEU  B  184       5.2463   1 0 0 1     26      26    0
R   4355  419  HIS  B  187    417  LYS  B  185       5.2551   1 0 0 0    -31      31    0
R   4356  419  HIS  B  187    418  TRP  B  186       3.8216   1 0 0 0    -47      47    0
R   4357  419  HIS  B  187    420  VAL  B  188       3.8186   1 0 0 1      5       5    0
R   4358  419  HIS  B  187    421  PRO  B  189       6.1083   1 0 0 0    -22      22    0
R   4359  420  VAL  B  188    415  PHE  B  183       6.2767   1 0 0 0    -17      17    0
R   4361  420  VAL  B  188    418  TRP  B  186       5.7473   1 0 0 0     -9       9    0
R   4362  420  VAL  B  188    419  HIS  B  187       3.8186   1 0 0 0    -26      26    0
R   4363  420  VAL  B  188    421  PRO  B  189       3.8756   1 0 0 0    -13      13    0
R   4364  420  VAL  B  188    422  PRO  B  190       6.6775   1 0 0 0     -6       6    0
R   4365  420  VAL  B  188    424  LEU  B  192       6.8846   1 0 0 1     83      83    0
R   4366  420  VAL  B  188    425  VAL  B  193       6.2736   1 0 0 1     16      16    0
R   4367  420  VAL  B  188    428  LEU  B  196      10.1232   1 0 0 1     67      67    0
R   4368  421  PRO  B  189    419  HIS  B  187       6.1083   1 0 0 0    -23      23    0
R   4369  421  PRO  B  189    420  VAL  B  188       3.8756   1 0 0 1     46      46    0
R   4370  421  PRO  B  189    422  PRO  B  190       3.8381   1 0 0 0    -20      20    0
R   4371  421  PRO  B  189    423  GLU  B  191       5.2773   1 0 0 0    -82      82    0
R   4372  421  PRO  B  189    424  LEU  B  192       5.4425   1 0 0 1    115     115    0
R   4373  421  PRO  B  189    425  VAL  B  193       5.9929   1 0 0 1    113     113    0
R   4374  422  PRO  B  190    416  LEU  B  184       6.7272   1 0 0 1    114     114    0
R   4375  422  PRO  B  190    420  VAL  B  188       6.6775   1 0 0 0     -5       5    0
R   4376  422  PRO  B  190    421  PRO  B  189       3.8381   1 0 0 1     45      45    0
R   4377  422  PRO  B  190    423  GLU  B  191       3.8355   1 0 0 0    -54      54    0
R   4378  422  PRO  B  190    424  LEU  B  192       5.6772   1 0 0 0      0       0    0
R   4379  422  PRO  B  190    425  VAL  B  193       5.1002   1 0 0 1      6       6    0
R   4380  422  PRO  B  190    426  ARG  B  194       6.1680   1 0 0 0   -185     185    0
R   4381  423  GLU  B  191    421  PRO  B  189       5.2773   1 0 0 0   -113     113    0
R   4382  423  GLU  B  191    422  PRO  B  190       3.8355   1 0 0 0   -126     126    0
R   4383  423  GLU  B  191    424  LEU  B  192       3.8420   1 0 0 1     19      19    0
R   4384  423  GLU  B  191    425  VAL  B  193       5.6815   1 0 0 0      0       0    0
R   4385  423  GLU  B  191    426  ARG  B  194       5.5432   1 0 0 0    -24      24    0
R   4386  423  GLU  B  191    427  VAL  B  195       6.7173   1 0 0 0    -88      88    0
R   4387  424  LEU  B  192    420  VAL  B  188       6.8846   1 0 0 1     59      59    0
R   4388  424  LEU  B  192    421  PRO  B  189       5.4425   1 0 0 1    108     108    0
R   4389  424  LEU  B  192    422  PRO  B  190       5.6772   1 0 0 0      0       0    0
R   4390  424  LEU  B  192    423  GLU  B  191       3.8420   1 0 0 1      3       3    0
R   4391  424  LEU  B  192    425  VAL  B  193       3.8262   1 0 0 0    -15      15    0
R   4392  424  LEU  B  192    426  ARG  B  194       5.2100   1 0 0 0      0       0    0
R   4393  424  LEU  B  192    427  VAL  B  195       4.8129   1 0 0 1     48      48    0
R   4394  424  LEU  B  192    428  LEU  B  196       6.1208   1 0 0 1    154     154    0
R   4395  425  VAL  B  193    412  GLU  B  180       6.9411   1 0 0 0    -12      12    0
R   4396  425  VAL  B  193    415  PHE  B  183       6.2502   1 0 0 1    181     181    0
R   4397  425  VAL  B  193    416  LEU  B  184       7.1960   1 0 0 1     26      26    0
R   4398  425  VAL  B  193    420  VAL  B  188       6.2736   1 0 0 0    -40      40    0
R   4399  425  VAL  B  193    421  PRO  B  189       5.9929   1 0 0 0    -22      22    0
R   4400  425  VAL  B  193    422  PRO  B  190       5.1002   1 0 0 0      0       0    0
R   4401  425  VAL  B  193    423  GLU  B  191       5.6815   1 0 0 0      0       0    0
R   4402  425  VAL  B  193    424  LEU  B  192       3.8262   1 0 0 0    -10      10    0
R   4403  425  VAL  B  193    426  ARG  B  194       3.8069   1 0 0 0    -75      75    0
R   4404  425  VAL  B  193    427  VAL  B  195       5.4084   1 0 0 0      0       0    0
R   4405  425  VAL  B  193    428  LEU  B  196       5.2441   1 0 0 0     -6       6    0
R   4406  425  VAL  B  193    429  SER  B  197       6.1132   1 0 0 1    131     131    0
R   4407  426  ARG  B  194    412  GLU  B  180       7.7098   1 0 0 1     27      27    0
R   4408  426  ARG  B  194    416  LEU  B  184       9.7784   1 0 0 0    -92      92    0
R   4409  426  ARG  B  194    422  PRO  B  190       6.1680   1 0 0 0   -120     120    0
R   4410  426  ARG  B  194    423  GLU  B  191       5.5432   1 0 0 0    -29      29    0
R   4411  426  ARG  B  194    424  LEU  B  192       5.2100   1 0 0 0      0       0    0
R   4412  426  ARG  B  194    425  VAL  B  193       3.8069   1 0 0 0    -98      98    0
R   4413  426  ARG  B  194    427  VAL  B  195       3.8207   1 0 0 1      7       7    0
R   4414  426  ARG  B  194    428  LEU  B  196       5.6725   1 0 0 0      0       0    0
R   4415  426  ARG  B  194    429  SER  B  197       5.1858   1 0 0 1    143     143    0
R   4416  426  ARG  B  194    430  ALA  B  198       6.4506   1 0 0 1     13      13    0
R   4417  427  VAL  B  195    423  GLU  B  191       6.7173   1 0 0 0    -71      71    0
R   4418  427  VAL  B  195    424  LEU  B  192       4.8129   1 0 0 1     15      15    0
R   4419  427  VAL  B  195    425  VAL  B  193       5.4084   1 0 0 0      0       0    0
R   4420  427  VAL  B  195    426  ARG  B  194       3.8207   1 0 0 0    -27      27    0
R   4421  427  VAL  B  195    428  LEU  B  196       3.8328   1 0 0 1     22      22    0
R   4422  427  VAL  B  195    429  SER  B  197       5.3461   1 0 0 0      0       0    0
R   4423  427  VAL  B  195    430  ALA  B  198       5.1005   1 0 0 1     25      25    0
R   4424  427  VAL  B  195    431  MET  B  199       6.6311   1 0 0 1     78      78    0
R   4425  428  LEU  B  196    415  PHE  B  183       9.4099   0 0 0 1     89      89    0
R   4426  428  LEU  B  196    420  VAL  B  188      10.1232   1 0 0 1     92      92    0
R   4427  428  LEU  B  196    424  LEU  B  192       6.1208   1 0 0 1      2       2    0
R   4428  428  LEU  B  196    425  VAL  B  193       5.2441   1 0 0 0    -13      13    0
R   4429  428  LEU  B  196    426  ARG  B  194       5.6725   1 0 0 0      0       0    0
R   4430  428  LEU  B  196    427  VAL  B  195       3.8328   1 0 0 1     11      11    0
R   4431  428  LEU  B  196    429  SER  B  197       3.7991   1 0 0 0    -11      11    0
R   4432  428  LEU  B  196    430  ALA  B  198       5.2805   1 0 0 0      0       0    0
R   4433  428  LEU  B  196    431  MET  B  199       4.9896   1 0 0 1    105     105    0
R   4434  428  LEU  B  196    432  LEU  B  200       6.3614   1 0 0 1     44      44    0
R   4435  429  SER  B  197    408  ILE  B  176       7.0226   1 0 0 0    -15      15    0
R   4436  429  SER  B  197    412  GLU  B  180       7.0993   0 0 0 1      5       5    0
R   4438  429  SER  B  197    425  VAL  B  193       6.1132   1 0 0 1     24      24    0
R   4439  429  SER  B  197    426  ARG  B  194       5.1858   1 0 0 1    153     153    0
R   4440  429  SER  B  197    427  VAL  B  195       5.3461   1 0 0 0      0       0    0
R   4441  429  SER  B  197    428  LEU  B  196       3.7991   1 0 0 0    -28      28    0
R   4442  429  SER  B  197    430  ALA  B  198       3.7951   1 0 0 1     14      14    0
R   4443  429  SER  B  197    431  MET  B  199       5.2803   1 0 0 0      0       0    0
R   4444  429  SER  B  197    432  LEU  B  200       4.9481   1 0 0 0     -4       4    0
R   4445  429  SER  B  197    433  PHE  B  201       5.5416   1 0 0 1    157     157    0
R   4446  430  ALA  B  198    426  ARG  B  194       6.4506   1 0 0 0    -29      29    0
R   4447  430  ALA  B  198    427  VAL  B  195       5.1005   1 0 0 0    -53      53    0
R   4448  430  ALA  B  198    428  LEU  B  196       5.2805   1 0 0 0      0       0    0
R   4449  430  ALA  B  198    429  SER  B  197       3.7951   1 0 0 1     10      10    0
R   4450  430  ALA  B  198    431  MET  B  199       3.7896   1 0 0 1     50      50    0
R   4451  430  ALA  B  198    432  LEU  B  200       5.4011   1 0 0 0      0       0    0
R   4452  430  ALA  B  198    433  PHE  B  201       4.5185   1 0 0 1      7       7    0
R   4453  430  ALA  B  198    434  LEU  B  202       6.0365   1 0 0 1    141     141    0
R   4454  431  MET  B  199    427  VAL  B  195       6.6311   1 0 0 0     -8       8    0
R   4455  431  MET  B  199    428  LEU  B  196       4.9896   1 0 0 0     -6       6    0
R   4456  431  MET  B  199    429  SER  B  197       5.2803   1 0 0 0      0       0    0
R   4457  431  MET  B  199    430  ALA  B  198       3.7896   1 0 0 0    -10      10    0
R   4458  431  MET  B  199    432  LEU  B  200       3.7939   1 0 0 1      2       2    0
R   4459  431  MET  B  199    433  PHE  B  201       5.3086   1 0 0 0      0       0    0
R   4460  431  MET  B  199    434  LEU  B  202       5.6225   1 0 0 1     70      70    0
R   4461  431  MET  B  199    435  LEU  B  203       5.7671   1 0 0 0   -109     109    0
R   4462  432  LEU  B  200    408  ILE  B  176       8.6969   0 0 0 1     13      13    0
R   4463  432  LEU  B  200    411  ILE  B  179      10.2341   0 0 0 1     38      38    0
R   4464  432  LEU  B  200    415  PHE  B  183      12.3797   1 0 0 1    148     148    0
R   4465  432  LEU  B  200    428  LEU  B  196       6.3614   1 0 0 0    -17      17    0
R   4466  432  LEU  B  200    429  SER  B  197       4.9481   1 0 0 0    -20      20    0
R   4467  432  LEU  B  200    430  ALA  B  198       5.4011   1 0 0 0      0       0    0
R   4468  432  LEU  B  200    431  MET  B  199       3.7939   1 0 0 0    -10      10    0
R   4469  432  LEU  B  200    433  PHE  B  201       3.8130   1 0 0 0    -10      10    0
R   4470  432  LEU  B  200    434  LEU  B  202       5.7389   1 0 0 0      0       0    0
R   4471  432  LEU  B  200    435  LEU  B  203       4.9649   1 0 0 1     31      31    0
R   4472  432  LEU  B  200    436  ILE  B  204       6.0310   1 0 0 1     80      80    0
R   4474  433  PHE  B  201    404  LEU  B  172       7.5821   1 0 0 1    152     152    0
R   4476  433  PHE  B  201    408  ILE  B  176       7.4397   1 0 0 1    105     105    0
R   4477  433  PHE  B  201    429  SER  B  197       5.5416   1 0 0 1     10      10    0
R   4478  433  PHE  B  201    430  ALA  B  198       4.5185   1 0 0 0    -16      16    0
R   4479  433  PHE  B  201    431  MET  B  199       5.3086   1 0 0 0      0       0    0
R   4480  433  PHE  B  201    432  LEU  B  200       3.8130   1 0 0 0    -19      19    0
R   4481  433  PHE  B  201    434  LEU  B  202       3.8270   1 0 0 0     -8       8    0
R   4482  433  PHE  B  201    435  LEU  B  203       5.5765   1 0 0 0      0       0    0
R   4483  433  PHE  B  201    436  ILE  B  204       5.7314   1 0 0 0   -130     130    0
R   4484  433  PHE  B  201    437  GLY  B  205       6.2748   1 0 0 1     23      23    0
R   4485  433  PHE  B  201    503  TYR  B  271      10.7401   0 0 0 1     62      62    0
R   4487  434  LEU  B  202    430  ALA  B  198       6.0365   1 0 0 0    -18      18    0
R   4488  434  LEU  B  202    431  MET  B  199       5.6225   1 0 0 1     76      76    0
R   4489  434  LEU  B  202    432  LEU  B  200       5.7389   1 0 0 0      0       0    0
R   4490  434  LEU  B  202    433  PHE  B  201       3.8270   1 0 0 1      9       9    0
R   4491  434  LEU  B  202    435  LEU  B  203       3.7955   1 0 0 0    -22      22    0
R   4492  434  LEU  B  202    436  ILE  B  204       5.3741   1 0 0 0      0       0    0
R   4493  434  LEU  B  202    437  GLY  B  205       4.6047   1 0 0 1      7       7    0
R   4494  434  LEU  B  202    438  CYS  B  206       5.6158   1 0 0 1    205     205    0
R   4495  434  LEU  B  202    503  TYR  B  271       8.7333   1 0 0 0    -25      25    0
R   4496  434  LEU  B  202    507  VAL  B  275       8.7705   0 0 0 1     14      14    0
R   4497  435  LEU  B  203    431  MET  B  199       5.7671   1 0 0 0    -57      57    0
R   4498  435  LEU  B  203    432  LEU  B  200       4.9649   1 0 0 1      5       5    0
R   4499  435  LEU  B  203    433  PHE  B  201       5.5765   1 0 0 0      0       0    0
R   4500  435  LEU  B  203    434  LEU  B  202       3.7955   1 0 0 1      5       5    0
R   4501  435  LEU  B  203    436  ILE  B  204       3.7822   1 0 0 0     -8       8    0
R   4502  435  LEU  B  203    437  GLY  B  205       5.4008   1 0 0 0      0       0    0
R   4503  435  LEU  B  203    438  CYS  B  206       4.9952   1 0 0 1      9       9    0
R   4504  435  LEU  B  203    439  LEU  B  207       5.7864   1 0 0 1    123     123    0
R   4506  436  ILE  B  204    404  LEU  B  172      10.0135   0 0 0 1     68      68    0
R   4507  436  ILE  B  204    408  ILE  B  176      10.9762   0 0 0 1     10      10    0
R   4508  436  ILE  B  204    432  LEU  B  200       6.0310   1 0 0 0    -33      33    0
R   4509  436  ILE  B  204    433  PHE  B  201       5.7314   1 0 0 0   -112     112    0
R   4510  436  ILE  B  204    434  LEU  B  202       5.3741   1 0 0 0      0       0    0
R   4511  436  ILE  B  204    435  LEU  B  203       3.7822   1 0 0 0    -36      36    0
R   4512  436  ILE  B  204    437  GLY  B  205       3.7869   1 0 0 0     -5       5    0
R   4513  436  ILE  B  204    438  CYS  B  206       5.2485   1 0 0 0      0       0    0
R   4514  436  ILE  B  204    439  LEU  B  207       4.4442   1 0 0 1     38      38    0
R   4515  436  ILE  B  204    440  LEU  B  208       5.8827   1 0 0 1    294     294    0
R   4517  437  GLY  B  205    433  PHE  B  201       6.2748   1 0 0 1      4       4    0
R   4518  437  GLY  B  205    434  LEU  B  202       4.6047   1 0 0 1     14      14    0
R   4519  437  GLY  B  205    435  LEU  B  203       5.4008   1 0 0 0      0       0    0
R   4520  437  GLY  B  205    436  ILE  B  204       3.7869   1 0 0 0    -74      74    0
R   4521  437  GLY  B  205    438  CYS  B  206       3.7756   1 0 0 1     10      10    0
R   4522  437  GLY  B  205    439  LEU  B  207       5.2355   1 0 0 0      0       0    0
R   4523  437  GLY  B  205    440  LEU  B  208       5.0556   1 0 0 1     18      18    0
R   4524  437  GLY  B  205    441  PHE  B  209       5.8305   1 0 0 1    160     160    0
R   4525  437  GLY  B  205    503  TYR  B  271       7.2159   1 0 0 0      0       0    0
R   4526  438  CYS  B  206    434  LEU  B  202       5.6158   1 0 0 1     13      13    0
R   4527  438  CYS  B  206    435  LEU  B  203       4.9952   1 0 0 0    -16      16    0
R   4528  438  CYS  B  206    436  ILE  B  204       5.2485   1 0 0 0      0       0    0
R   4529  438  CYS  B  206    437  GLY  B  205       3.7756   1 0 0 0      0       0    0
R   4530  438  CYS  B  206    439  LEU  B  207       3.7940   1 0 0 0     -2       2    0
R   4531  438  CYS  B  206    440  LEU  B  208       5.4214   1 0 0 0      0       0    0
R   4532  438  CYS  B  206    441  PHE  B  209       5.1336   1 0 0 0      0       0    0
R   4533  438  CYS  B  206    442  VAL  B  210       4.7073   1 0 0 1    146     146    0
R   4534  438  CYS  B  206    443  LEU  B  211       6.0010   1 0 0 1     65      65    0
R   4535  438  CYS  B  206    503  TYR  B  271       8.5883   1 0 0 0     -7       7    0
R   4536  439  LEU  B  207    435  LEU  B  203       5.7864   1 0 0 0     -6       6    0
R   4537  439  LEU  B  207    436  ILE  B  204       4.4442   1 0 0 0    -11      11    0
R   4538  439  LEU  B  207    437  GLY  B  205       5.2355   1 0 0 0      0       0    0
R   4539  439  LEU  B  207    438  CYS  B  206       3.7940   1 0 0 0    -22      22    0
R   4540  439  LEU  B  207    440  LEU  B  208       3.8079   1 0 0 1     37      37    0
R   4541  439  LEU  B  207    441  PHE  B  209       5.8509   1 0 0 0      0       0    0
R   4542  439  LEU  B  207    443  LEU  B  211       4.6799   1 0 0 1     88      88    0
R   4543  439  LEU  B  207    444  THR  B  212       5.6516   1 0 0 1    226     226    0
R   4544  440  LEU  B  208    404  LEU  B  172      12.2265   0 0 0 1     23      23    0
R   4545  440  LEU  B  208    436  ILE  B  204       5.8827   1 0 0 1    110     110    0
R   4546  440  LEU  B  208    437  GLY  B  205       5.0556   1 0 0 0    -14      14    0
R   4547  440  LEU  B  208    438  CYS  B  206       5.4214   1 0 0 0      0       0    0
R   4548  440  LEU  B  208    439  LEU  B  207       3.8079   1 0 0 1     28      28    0
R   4549  440  LEU  B  208    441  PHE  B  209       3.8172   1 0 0 1     51      51    0
R   4550  440  LEU  B  208    442  VAL  B  210       6.1080   1 0 0 0      0       0    0
R   4551  440  LEU  B  208    444  THR  B  212       5.1131   1 0 0 0    -25      25    0
R   4552  440  LEU  B  208    445  PRO  B  213       7.2812   1 0 0 0    -96      96    0
R   4554  441  PHE  B  209    400  LEU  B  168      12.5021   1 0 0 1    106     106    0
R   4555  441  PHE  B  209    404  LEU  B  172      13.5106   0 0 0 1     11      11    0
R   4556  441  PHE  B  209    437  GLY  B  205       5.8305   1 0 0 1      1       1    0
R   4557  441  PHE  B  209    438  CYS  B  206       5.1336   1 0 0 0      0       0    0
R   4558  441  PHE  B  209    439  LEU  B  207       5.8509   1 0 0 0      0       0    0
R   4559  441  PHE  B  209    440  LEU  B  208       3.8172   1 0 0 1     78      78    0
R   4560  441  PHE  B  209    442  VAL  B  210       3.8057   1 0 0 0    -11      11    0
R   4561  441  PHE  B  209    443  LEU  B  211       6.1600   1 0 0 0      0       0    0
R   4562  441  PHE  B  209    445  PRO  B  213       6.1353   1 0 0 0    -94      94    0
R   4564  441  PHE  B  209    468  LEU  B  236       9.3345   1 0 0 0    -17      17    0
R   4565  441  PHE  B  209    496  TRP  B  264       7.3006   1 0 0 1     30      30    0
R   4566  441  PHE  B  209    499  LEU  B  267       7.2854   1 0 0 1    164     164    0
R   4567  441  PHE  B  209    500  GLY  B  268       5.2561   1 0 0 0     -2       2    0
R   4568  441  PHE  B  209    503  TYR  B  271       7.8610   1 0 0 1    222     222    0
R   4569  442  VAL  B  210    438  CYS  B  206       4.7073   1 0 0 1     25      25    0
R   4570  442  VAL  B  210    440  LEU  B  208       6.1080   1 0 0 0      0       0    0
R   4571  442  VAL  B  210    441  PHE  B  209       3.8057   1 0 0 0     -7       7    0
R   4572  442  VAL  B  210    443  LEU  B  211       3.8237   1 0 0 1      9       9    0
R   4573  442  VAL  B  210    444  THR  B  212       5.8641   1 0 0 0      0       0    0
R   4574  442  VAL  B  210    445  PRO  B  213       5.8475   1 0 0 0    -21      21    0
R   4575  442  VAL  B  210    446  THR  B  214       6.3514   1 0 0 0    -84      84    0
R   4576  442  VAL  B  210    461  ILE  B  229       7.4704   0 0 0 1     34      34    0
R   4577  442  VAL  B  210    464  VAL  B  232       6.7246   1 0 0 1     59      59    0
R   4578  442  VAL  B  210    465  ILE  B  233       7.6938   0 0 0 1     49      49    0
R   4579  442  VAL  B  210    468  LEU  B  236       8.9628   0 0 0 1     15      15    0
R   4580  442  VAL  B  210    503  TYR  B  271       9.8815   0 0 0 1     36      36    0
R   4581  442  VAL  B  210    504  PHE  B  272       9.3584   1 0 0 1     93      93    0
R   4583  443  LEU  B  211    438  CYS  B  206       6.0010   1 0 0 1     41      41    0
R   4584  443  LEU  B  211    439  LEU  B  207       4.6799   1 0 0 1     40      40    0
R   4585  443  LEU  B  211    441  PHE  B  209       6.1600   1 0 0 0      0       0    0
R   4586  443  LEU  B  211    442  VAL  B  210       3.8237   1 0 0 1      8       8    0
R   4587  443  LEU  B  211    444  THR  B  212       3.8038   1 0 0 0     -9       9    0
R   4588  443  LEU  B  211    445  PRO  B  213       5.6254   1 0 0 0      0       0    0
R   4589  443  LEU  B  211    446  THR  B  214       5.2537   1 0 0 1     97      97    0
R   4590  443  LEU  B  211    447  PHE  B  215       6.2433   1 0 0 1     63      63    0
R   4591  444  THR  B  212    439  LEU  B  207       5.6516   1 0 0 1    119     119    0
R   4592  444  THR  B  212    440  LEU  B  208       5.1131   1 0 0 0    -18      18    0
R   4593  444  THR  B  212    442  VAL  B  210       5.8641   1 0 0 0      0       0    0
R   4594  444  THR  B  212    443  LEU  B  211       3.8038   1 0 0 0    -27      27    0
R   4595  444  THR  B  212    445  PRO  B  213       3.8281   1 0 0 0    -47      47    0
R   4596  444  THR  B  212    446  THR  B  214       5.5543   1 0 0 0      0       0    0
R   4597  444  THR  B  212    447  PHE  B  215       5.2749   1 0 0 0    -10      10    0
R   4598  444  THR  B  212    448  VAL  B  216       6.0897   1 0 0 1    145     145    0
R   4599  445  PRO  B  213    440  LEU  B  208       7.2812   1 0 0 0    -45      45    0
R   4600  445  PRO  B  213    441  PHE  B  209       6.1353   1 0 0 0    -99      99    0
R   4601  445  PRO  B  213    442  VAL  B  210       5.8475   1 0 0 0    -44      44    0
R   4602  445  PRO  B  213    443  LEU  B  211       5.6254   1 0 0 0      0       0    0
R   4603  445  PRO  B  213    444  THR  B  212       3.8281   1 0 0 0    -73      73    0
R   4604  445  PRO  B  213    446  THR  B  214       3.8220   1 0 0 1      1       1    0
R   4605  445  PRO  B  213    447  PHE  B  215       5.3834   1 0 0 0      0       0    0
R   4606  445  PRO  B  213    448  VAL  B  216       4.7323   1 0 0 1     48      48    0
R   4607  445  PRO  B  213    449  PHE  B  217       5.9062   1 0 0 1    225     225    0
R   4608  445  PRO  B  213    464  VAL  B  232       7.3627   1 0 0 1      9       9    0
R   4609  445  PRO  B  213    496  TRP  B  264       8.1512   1 0 0 0     -1       1    0
R   4610  446  THR  B  214    442  VAL  B  210       6.3514   1 0 0 0    -35      35    0
R   4611  446  THR  B  214    443  LEU  B  211       5.2537   1 0 0 1    115     115    0
R   4612  446  THR  B  214    444  THR  B  212       5.5543   1 0 0 0      0       0    0
R   4613  446  THR  B  214    445  PRO  B  213       3.8220   1 0 0 0    -54      54    0
R   4614  446  THR  B  214    447  PHE  B  215       3.8116   1 0 0 0    -11      11    0
R   4615  446  THR  B  214    448  VAL  B  216       5.3400   1 0 0 0      0       0    0
R   4616  446  THR  B  214    449  PHE  B  217       5.1033   1 0 0 0      0       0    0
R   4617  446  THR  B  214    450  CYS  B  218       6.1757   1 0 0 1     96      96    0
R   4619  446  THR  B  214    460  ALA  B  228       4.9953   1 0 0 0    -46      46    0
R   4620  446  THR  B  214    461  ILE  B  229       5.4206   1 0 0 1     16      16    0
R   4621  446  THR  B  214    464  VAL  B  232       6.6392   1 0 0 1    101     101    0
R   4622  447  PHE  B  215    443  LEU  B  211       6.2433   1 0 0 1      7       7    0
R   4623  447  PHE  B  215    444  THR  B  212       5.2749   1 0 0 0    -32      32    0
R   4624  447  PHE  B  215    445  PRO  B  213       5.3834   1 0 0 0      0       0    0
R   4625  447  PHE  B  215    446  THR  B  214       3.8116   1 0 0 0    -11      11    0
R   4626  447  PHE  B  215    448  VAL  B  216       3.8137   1 0 0 0    -18      18    0
R   4627  447  PHE  B  215    449  PHE  B  217       5.5371   1 0 0 1      5       5    0
R   4628  447  PHE  B  215    450  CYS  B  218       5.3947   1 0 0 1     16      16    0
R   4629  447  PHE  B  215    451  TYR  B  219       6.8121   1 0 0 1     14      14    0
R   4630  448  VAL  B  216    444  THR  B  212       6.0897   1 0 0 1      3       3    0
R   4631  448  VAL  B  216    445  PRO  B  213       4.7323   1 0 0 0     -6       6    0
R   4632  448  VAL  B  216    446  THR  B  214       5.3400   1 0 0 0      0       0    0
R   4633  448  VAL  B  216    447  PHE  B  215       3.8137   1 0 0 0    -50      50    0
R   4634  448  VAL  B  216    449  PHE  B  217       3.8034   1 0 0 1     30      30    0
R   4635  448  VAL  B  216    450  CYS  B  218       5.6711   1 0 0 0      0       0    0
R   4636  448  VAL  B  216    451  TYR  B  219       5.7523   1 0 0 0    -10      10    0
R   4637  448  VAL  B  216    452  MET  B  220       6.2817   1 0 0 1    161     161    0
R   4638  448  VAL  B  216    489  TYR  B  257      11.2452   0 0 0 1     28      28    0
R   4639  449  PHE  B  217    445  PRO  B  213       5.9062   1 0 0 1     41      41    0
R   4640  449  PHE  B  217    446  THR  B  214       5.1033   1 0 0 0    -18      18    0
R   4641  449  PHE  B  217    447  PHE  B  215       5.5371   1 0 0 0      0       0    0
R   4642  449  PHE  B  217    448  VAL  B  216       3.8034   1 0 0 1     23      23    0
R   4643  449  PHE  B  217    450  CYS  B  218       3.7860   1 0 0 0    -16      16    0
R   4644  449  PHE  B  217    451  TYR  B  219       5.4100   1 0 0 0      0       0    0
R   4645  449  PHE  B  217    452  MET  B  220       4.9770   1 0 0 1      2       2    0
R   4646  449  PHE  B  217    453  GLU  B  221       5.4474   1 0 0 1    109     109    0
R   4647  449  PHE  B  217    454  ASP  B  222       7.4943   0 0 0 1      1       1    0
R   4648  449  PHE  B  217    455  TRP  B  223       6.9191   1 0 0 1     98      98    0
R   4649  449  PHE  B  217    460  ALA  B  228       6.0379   1 0 0 1     19      19    0
R   4650  449  PHE  B  217    463  PHE  B  231       9.1287   1 0 0 1    107     107    0
R   4651  449  PHE  B  217    464  VAL  B  232       8.9719   1 0 0 1     72      72    0
R   4652  449  PHE  B  217    478  ALA  B  246       7.3430   1 0 0 1     72      72    0
R   4653  449  PHE  B  217    489  TYR  B  257      10.9740   1 0 0 0   -111     111    0
R   4654  449  PHE  B  217    493  VAL  B  261      10.0111   1 0 0 1    122     122    0
R   4655  449  PHE  B  217    496  TRP  B  264      11.9458   1 0 0 1     44      44    0
R   4656  450  CYS  B  218    446  THR  B  214       6.1757   1 0 0 0    -25      25    0
R   4657  450  CYS  B  218    447  PHE  B  215       5.3947   1 0 0 0    -26      26    0
R   4658  450  CYS  B  218    448  VAL  B  216       5.6711   1 0 0 0      0       0    0
R   4659  450  CYS  B  218    449  PHE  B  217       3.7860   1 0 0 0    -58      58    0
R   4660  450  CYS  B  218    451  TYR  B  219       3.8091   1 0 0 0     -3       3    0
R   4661  450  CYS  B  218    452  MET  B  220       5.7128   1 0 0 0      0       0    0
R   4662  450  CYS  B  218    454  ASP  B  222       5.5488   1 0 0 1     92      92    0
R   4663  450  CYS  B  218    455  TRP  B  223       4.7562   1 0 0 1      6       6    0
R   4664  450  CYS  B  218    456  SER  B  224       5.7556   1 0 0 0     -3       3    0
R   4665  450  CYS  B  218    457  LYS  B  225       5.9748   1 0 0 0     -3       3    0
R   4666  450  CYS  B  218    460  ALA  B  228       5.9729   1 0 0 1     13      13    0
R   4667  451  TYR  B  219    447  PHE  B  215       6.8121   1 0 0 0    -25      25    0
R   4668  451  TYR  B  219    448  VAL  B  216       5.7523   1 0 0 0    -21      21    0
R   4669  451  TYR  B  219    449  PHE  B  217       5.4100   1 0 0 0      0       0    0
R   4670  451  TYR  B  219    450  CYS  B  218       3.8091   1 0 0 0    -49      49    0
R   4671  451  TYR  B  219    452  MET  B  220       3.8241   1 0 0 1     80      80    0
R   4672  451  TYR  B  219    453  GLU  B  221       5.9741   1 0 0 1      1       1    0
R   4673  451  TYR  B  219    454  ASP  B  222       5.8310   0 0 0 1     17      17    0
R   4674  452  MET  B  220    448  VAL  B  216       6.2817   1 0 0 0     -9       9    0
R   4675  452  MET  B  220    449  PHE  B  217       4.9770   1 0 0 0     -4       4    0
R   4676  452  MET  B  220    450  CYS  B  218       5.7128   1 0 0 0      0       0    0
R   4677  452  MET  B  220    451  TYR  B  219       3.8241   1 0 0 1     41      41    0
R   4678  452  MET  B  220    453  GLU  B  221       3.8343   1 0 0 0      0       0    0
R   4679  452  MET  B  220    454  ASP  B  222       5.9446   1 0 0 1      4       4    0
R   4680  452  MET  B  220    484  GLN  B  252       9.2533   1 0 0 1    161     161    0
R   4681  452  MET  B  220    489  TYR  B  257       9.8360   1 0 0 0    -10      10    0
R   4682  453  GLU  B  221    449  PHE  B  217       5.4474   1 0 0 1     11      11    0
R   4683  453  GLU  B  221    451  TYR  B  219       5.9741   1 0 0 0      0       0    0
R   4684  453  GLU  B  221    452  MET  B  220       3.8343   1 0 0 0      0       0    0
R   4685  453  GLU  B  221    454  ASP  B  222       3.8303   1 0 0 0    -34      34    0
R   4686  453  GLU  B  221    455  TRP  B  223       5.4565   1 0 0 1     66      66    0
R   4688  453  GLU  B  221    478  ALA  B  246       6.7599   1 0 0 0      0       0    0
R   4689  453  GLU  B  221    479  GLY  B  247       7.2993   1 0 0 1    159     159    0
R   4691  453  GLU  B  221    484  GLN  B  252       8.8843   1 0 0 0    -24      24    0
R   4692  453  GLU  B  221    489  TYR  B  257      11.2154   1 0 0 0    -36      36    0
R   4693  454  ASP  B  222    450  CYS  B  218       5.5488   1 0 0 1     23      23    0
R   4694  454  ASP  B  222    451  TYR  B  219       5.8310   0 0 0 1     11      11    0
R   4695  454  ASP  B  222    452  MET  B  220       5.9446   1 0 0 1      3       3    0
R   4696  454  ASP  B  222    453  GLU  B  221       3.8303   1 0 0 0    -71      71    0
R   4697  454  ASP  B  222    455  TRP  B  223       3.7979   1 0 0 0    -10      10    0
R   4698  454  ASP  B  222    456  SER  B  224       6.7717   0 0 0 1      2       2    0
R   4700  455  TRP  B  223    449  PHE  B  217       6.9191   1 0 0 1     67      67    0
R   4701  455  TRP  B  223    450  CYS  B  218       4.7562   1 0 0 1      5       5    0
R   4702  455  TRP  B  223    453  GLU  B  221       5.4565   1 0 0 0     -1       1    0
R   4703  455  TRP  B  223    454  ASP  B  222       3.7979   1 0 0 0    -36      36    0
R   4704  455  TRP  B  223    456  SER  B  224       3.7928   1 0 0 0    -16      16    0
R   4705  455  TRP  B  223    459  GLU  B  227       5.7087   1 0 0 1     14      14    0
R   4706  455  TRP  B  223    460  ALA  B  228       6.0207   1 0 0 0     -6       6    0
R   4707  455  TRP  B  223    463  PHE  B  231       9.5771   1 0 0 1    170     170    0
R   4708  455  TRP  B  223    476  TYR  B  244       9.2654   1 0 0 1     65      65    0
R   4709  455  TRP  B  223    477  VAL  B  245      10.6434   1 0 0 0    -79      79    0
R   4710  455  TRP  B  223    478  ALA  B  246       9.7607   1 0 0 0    -99      99    0
R   4711  456  SER  B  224    113  ASP  A  140       9.9717   0 0 0 1     20      20    0
R   4712  456  SER  B  224    450  CYS  B  218       5.7556   1 0 0 0      0       0    0
R   4713  456  SER  B  224    454  ASP  B  222       6.7717   0 0 0 1      1       1    0
R   4714  456  SER  B  224    455  TRP  B  223       3.7928   1 0 0 0     -2       2    0
R   4715  456  SER  B  224    457  LYS  B  225       3.7813   1 0 0 0     -2       2    0
R   4716  456  SER  B  224    458  LEU  B  226       5.3130   1 0 0 1      1       1    0
R   4717  456  SER  B  224    459  GLU  B  227       5.0551   1 0 0 1     97      97    0
R   4718  456  SER  B  224    460  ALA  B  228       6.2326   1 0 0 1     73      73    0
R   4720  457  LYS  B  225    450  CYS  B  218       5.9748   1 0 0 0      0       0    0
R   4721  457  LYS  B  225    455  TRP  B  223       6.5978   0 0 0 1      4       4    0
R   4722  457  LYS  B  225    456  SER  B  224       3.7813   1 0 0 0    -32      32    0
R   4723  457  LYS  B  225    458  LEU  B  226       3.8029   1 0 0 0    -49      49    0
R   4724  457  LYS  B  225    459  GLU  B  227       5.6427   1 0 0 0      0       0    0
R   4725  457  LYS  B  225    460  ALA  B  228       5.4233   1 0 0 1     31      31    0
R   4726  457  LYS  B  225    461  ILE  B  229       6.5409   1 0 0 1     52      52    0
R   4727  458  LEU  B  226    113  ASP  A  140       7.4801   1 0 0 0   -108     108    0
R   4728  458  LEU  B  226    116  ARG  A  143       7.9736   1 0 0 1    129     129    0
R   4729  458  LEU  B  226    117  LEU  A  144       7.4331   1 0 0 1    116     116    0
R   4730  458  LEU  B  226    120  ILE  A  147      10.2382   0 0 0 1     13      13    0
R   4731  458  LEU  B  226    456  SER  B  224       5.3130   1 0 0 0    -17      17    0
R   4732  458  LEU  B  226    457  LYS  B  225       3.8029   1 0 0 0    -33      33    0
R   4733  458  LEU  B  226    459  GLU  B  227       3.7917   1 0 0 0     -8       8    0
R   4734  458  LEU  B  226    460  ALA  B  228       5.3888   1 0 0 1      2       2    0
R   4735  458  LEU  B  226    461  ILE  B  229       5.2839   1 0 0 0     -4       4    0
R   4736  458  LEU  B  226    462  TYR  B  230       6.0674   1 0 0 1     88      88    0
R   4738  459  GLU  B  227    116  ARG  A  143       7.6548   1 0 0 0    -30      30    0
R   4740  459  GLU  B  227    455  TRP  B  223       5.7087   1 0 0 1     15      15    0
R   4741  459  GLU  B  227    456  SER  B  224       5.0551   1 0 0 1    129     129    0
R   4742  459  GLU  B  227    457  LYS  B  225       5.6427   1 0 0 0      0       0    0
R   4743  459  GLU  B  227    458  LEU  B  226       3.7917   1 0 0 0    -33      33    0
R   4744  459  GLU  B  227    460  ALA  B  228       3.8280   1 0 0 0     -1       1    0
R   4745  459  GLU  B  227    461  ILE  B  229       5.6283   1 0 0 0      0       0    0
R   4746  459  GLU  B  227    462  TYR  B  230       5.0555   1 0 0 0    -13      13    0
R   4747  459  GLU  B  227    463  PHE  B  231       6.1380   1 0 0 1    113     113    0
R   4748  459  GLU  B  227    476  TYR  B  244       8.1738   1 0 0 1     77      77    0
R   4749  460  ALA  B  228    446  THR  B  214       4.9953   1 0 0 0   -106     106    0
R   4750  460  ALA  B  228    449  PHE  B  217       6.0379   1 0 0 1     59      59    0
R   4751  460  ALA  B  228    450  CYS  B  218       5.9729   1 0 0 0    -21      21    0
R   4752  460  ALA  B  228    455  TRP  B  223       6.0207   1 0 0 1     16      16    0
R   4753  460  ALA  B  228    456  SER  B  224       6.2326   1 0 0 0     -4       4    0
R   4754  460  ALA  B  228    457  LYS  B  225       5.4233   1 0 0 0    -38      38    0
R   4755  460  ALA  B  228    458  LEU  B  226       5.3888   1 0 0 0      0       0    0
R   4756  460  ALA  B  228    459  GLU  B  227       3.8280   1 0 0 0    -35      35    0
R   4757  460  ALA  B  228    461  ILE  B  229       3.7989   1 0 0 0     -4       4    0
R   4758  460  ALA  B  228    462  TYR  B  230       5.3347   1 0 0 0      0       0    0
R   4759  460  ALA  B  228    463  PHE  B  231       4.9706   1 0 0 0     -6       6    0
R   4760  460  ALA  B  228    464  VAL  B  232       6.1278   1 0 0 1     95      95    0
R   4761  461  ILE  B  229    120  ILE  A  147       8.4855   1 0 0 1     80      80    0
R   4762  461  ILE  B  229    442  VAL  B  210       7.4704   0 0 0 1     35      35    0
R   4763  461  ILE  B  229    446  THR  B  214       5.4206   1 0 0 1     74      74    0
R   4764  461  ILE  B  229    457  LYS  B  225       6.5409   1 0 0 0    -25      25    0
R   4765  461  ILE  B  229    458  LEU  B  226       5.2839   1 0 0 0    -20      20    0
R   4766  461  ILE  B  229    459  GLU  B  227       5.6283   1 0 0 0      0       0    0
R   4767  461  ILE  B  229    460  ALA  B  228       3.7989   1 0 0 0    -22      22    0
R   4768  461  ILE  B  229    462  TYR  B  230       3.7864   1 0 0 0    -16      16    0
R   4769  461  ILE  B  229    463  PHE  B  231       5.2814   1 0 0 1      2       2    0
R   4770  461  ILE  B  229    464  VAL  B  232       5.0220   1 0 0 0     -2       2    0
R   4771  461  ILE  B  229    465  ILE  B  233       6.0691   1 0 0 1    177     177    0
R   4772  462  TYR  B  230    110  LEU  A  137      10.8309   1 0 0 0    -43      43    0
R   4773  462  TYR  B  230    116  ARG  A  143       6.2007   1 0 0 1    152     152    0
R   4774  462  TYR  B  230    119  CYS  A  146       8.1056   1 0 0 1      1       1    0
R   4775  462  TYR  B  230    120  ILE  A  147       6.4171   1 0 0 1     21      21    0
R   4776  462  TYR  B  230    458  LEU  B  226       6.0674   1 0 0 0    -39      39    0
R   4777  462  TYR  B  230    459  GLU  B  227       5.0555   1 0 0 0    -24      24    0
R   4778  462  TYR  B  230    460  ALA  B  228       5.3347   1 0 0 0      0       0    0
R   4779  462  TYR  B  230    461  ILE  B  229       3.7864   1 0 0 0    -49      49    0
R   4780  462  TYR  B  230    463  PHE  B  231       3.8047   1 0 0 0     -9       9    0
R   4781  462  TYR  B  230    464  VAL  B  232       5.6284   1 0 0 0      0       0    0
R   4782  462  TYR  B  230    465  ILE  B  233       5.4134   1 0 0 0     -3       3    0
R   4783  462  TYR  B  230    466  VAL  B  234       5.9718   1 0 0 1    175     175    0
R   4784  462  TYR  B  230    473  PHE  B  241      10.3137   1 0 0 0   -117     117    0
R   4785  462  TYR  B  230    475  ASP  B  243      10.2392   1 0 0 1      4       4    0
R   4786  462  TYR  B  230    476  TYR  B  244       8.7032   1 0 0 1     80      80    0
R   4787  463  PHE  B  231    364  TYR  B  132      10.6648   1 0 0 0   -107     107    0
R   4788  463  PHE  B  231    449  PHE  B  217       9.1287   1 0 0 1    117     117    0
R   4789  463  PHE  B  231    455  TRP  B  223       9.5771   1 0 0 1    103     103    0
R   4790  463  PHE  B  231    459  GLU  B  227       6.1380   1 0 0 0     -8       8    0
R   4791  463  PHE  B  231    460  ALA  B  228       4.9706   1 0 0 0    -31      31    0
R   4792  463  PHE  B  231    461  ILE  B  229       5.2814   1 0 0 0      0       0    0
R   4793  463  PHE  B  231    462  TYR  B  230       3.8047   1 0 0 0    -42      42    0
R   4794  463  PHE  B  231    464  VAL  B  232       3.7961   1 0 0 0    -18      18    0
R   4795  463  PHE  B  231    465  ILE  B  233       5.5022   1 0 0 1      3       3    0
R   4796  463  PHE  B  231    466  VAL  B  234       5.1711   1 0 0 0     -1       1    0
R   4797  463  PHE  B  231    467  THR  B  235       5.9723   1 0 0 1    164     164    0
R   4798  463  PHE  B  231    476  TYR  B  244       6.0865   1 0 0 0    -90      90    0
R   4799  463  PHE  B  231    477  VAL  B  245       7.4138   1 0 0 0      0       0    0
R   4800  463  PHE  B  231    478  ALA  B  246       8.3008   1 0 0 0     -2       2    0
R   4801  463  PHE  B  231    493  VAL  B  261      12.6767   0 0 0 1      8       8    0
R   4802  463  PHE  B  231    496  TRP  B  264      13.3259   0 0 0 1     33      33    0
R   4803  463  PHE  B  231    497  ILE  B  265      11.7576   0 0 0 1      4       4    0
R   4805  464  VAL  B  232    442  VAL  B  210       6.7246   1 0 0 1     14      14    0
R   4806  464  VAL  B  232    445  PRO  B  213       7.3627   1 0 0 1     30      30    0
R   4807  464  VAL  B  232    446  THR  B  214       6.6392   1 0 0 1     94      94    0
R   4808  464  VAL  B  232    449  PHE  B  217       8.9719   1 0 0 1    119     119    0
R   4809  464  VAL  B  232    460  ALA  B  228       6.1278   1 0 0 0    -25      25    0
R   4810  464  VAL  B  232    461  ILE  B  229       5.0220   1 0 0 0    -20      20    0
R   4811  464  VAL  B  232    462  TYR  B  230       5.6284   1 0 0 0      0       0    0
R   4812  464  VAL  B  232    463  PHE  B  231       3.7961   1 0 0 0    -31      31    0
R   4813  464  VAL  B  232    465  ILE  B  233       3.7746   1 0 0 1      9       9    0
R   4814  464  VAL  B  232    466  VAL  B  234       5.6519   1 0 0 0      0       0    0
R   4815  464  VAL  B  232    467  THR  B  235       5.0712   1 0 0 1      1       1    0
R   4816  464  VAL  B  232    468  LEU  B  236       6.1452   1 0 0 1    174     174    0
R   4817  464  VAL  B  232    496  TRP  B  264      10.4353   1 0 0 1     72      72    0
R   4818  465  ILE  B  233    120  ILE  A  147       6.7253   1 0 0 1    164     164    0
R   4819  465  ILE  B  233    123  ALA  A  150       8.8377   0 0 0 1     14      14    0
R   4820  465  ILE  B  233    124  LEU  A  151       8.5171   1 0 0 1     82      82    0
R   4821  465  ILE  B  233    442  VAL  B  210       7.6938   0 0 0 1     38      38    0
R   4822  465  ILE  B  233    461  ILE  B  229       6.0691   1 0 0 1     54      54    0
R   4823  465  ILE  B  233    462  TYR  B  230       5.4134   1 0 0 0     -5       5    0
R   4824  465  ILE  B  233    463  PHE  B  231       5.5022   1 0 0 0      0       0    0
R   4825  465  ILE  B  233    464  VAL  B  232       3.7746   1 0 0 1     13      13    0
R   4826  465  ILE  B  233    466  VAL  B  234       3.8216   1 0 0 0    -15      15    0
R   4827  465  ILE  B  233    467  THR  B  235       5.0773   1 0 0 1      3       3    0
R   4828  465  ILE  B  233    468  LEU  B  236       5.0971   1 0 0 1      1       1    0
R   4829  465  ILE  B  233    469  THR  B  237       5.9348   1 0 0 1    284     284    0
R   4830  465  ILE  B  233    504  PHE  B  272       9.4304   0 0 0 1     64      64    0
R   4832  466  VAL  B  234    120  ILE  A  147       7.3626   0 0 0 1      3       3    0
R   4833  466  VAL  B  234    364  TYR  B  132       9.6419   0 0 0 1     10      10    0
R   4834  466  VAL  B  234    462  TYR  B  230       5.9718   1 0 0 1     79      79    0
R   4835  466  VAL  B  234    463  PHE  B  231       5.1711   1 0 0 0    -11      11    0
R   4836  466  VAL  B  234    464  VAL  B  232       5.6519   1 0 0 0      0       0    0
R   4837  466  VAL  B  234    465  ILE  B  233       3.8216   1 0 0 0    -18      18    0
R   4838  466  VAL  B  234    467  THR  B  235       3.7853   1 0 0 0     -9       9    0
R   4839  466  VAL  B  234    468  LEU  B  236       5.8874   1 0 0 0      0       0    0
R   4840  466  VAL  B  234    469  THR  B  237       5.5457   1 0 0 1     16      16    0
R   4841  466  VAL  B  234    470  THR  B  238       6.3061   1 0 0 0      0       0    0
R   4842  466  VAL  B  234    471  VAL  B  239       5.2361   1 0 0 1    183     183    0
R   4843  466  VAL  B  234    472  GLY  B  240       5.4989   1 0 0 1     24      24    0
R   4844  466  VAL  B  234    473  PHE  B  241       6.8757   1 0 0 0    -47      47    0
R   4847  467  THR  B  235    362  ILE  B  130       6.5649   1 0 0 1     24      24    0
R   4848  467  THR  B  235    364  TYR  B  132       8.4824   1 0 0 0    -25      25    0
R   4849  467  THR  B  235    463  PHE  B  231       5.9723   1 0 0 1     29      29    0
R   4850  467  THR  B  235    464  VAL  B  232       5.0712   1 0 0 0      0       0    0
R   4851  467  THR  B  235    465  ILE  B  233       5.0773   1 0 0 0      0       0    0
R   4852  467  THR  B  235    466  VAL  B  234       3.7853   1 0 0 0    -34      34    0
R   4853  467  THR  B  235    468  LEU  B  236       3.8076   1 0 0 1     29      29    0
R   4854  467  THR  B  235    469  THR  B  237       5.4970   1 0 0 0      0       0    0
R   4855  467  THR  B  235    470  THR  B  238       4.9492   1 0 0 1     94      94    0
R   4857  467  THR  B  235    496  TRP  B  264      11.0094   1 0 0 1     82      82    0
R   4858  467  THR  B  235    497  ILE  B  265       8.0518   1 0 0 1     32      32    0
R   4860  468  LEU  B  236    441  PHE  B  209       9.3345   1 0 0 0    -39      39    0
R   4861  468  LEU  B  236    442  VAL  B  210       8.9628   0 0 0 1     13      13    0
R   4862  468  LEU  B  236    464  VAL  B  232       6.1452   1 0 0 1     37      37    0
R   4863  468  LEU  B  236    465  ILE  B  233       5.0971   1 0 0 0     -4       4    0
R   4864  468  LEU  B  236    466  VAL  B  234       5.8874   1 0 0 0      0       0    0
R   4865  468  LEU  B  236    467  THR  B  235       3.8076   1 0 0 1     16      16    0
R   4866  468  LEU  B  236    469  THR  B  237       3.7912   1 0 0 0     -2       2    0
R   4867  468  LEU  B  236    470  THR  B  238       5.0560   1 0 0 0     -1       1    0
R   4868  468  LEU  B  236    496  TRP  B  264      10.1318   1 0 0 1    140     140    0
R   4870  468  LEU  B  236    500  GLY  B  268       6.4053   1 0 0 0      0       0    0
R   4871  468  LEU  B  236    501  LEU  B  269       5.3221   1 0 0 0   -152     152    0
R   4872  468  LEU  B  236    503  TYR  B  271       9.1035   0 0 0 1      2       2    0
R   4873  468  LEU  B  236    504  PHE  B  272       6.5085   1 0 0 1     95      95    0
R   4875  469  THR  B  237    102  THR  A  129       6.8204   1 0 0 0    -86      86    0
R   4876  469  THR  B  237    123  ALA  A  150       7.8172   0 0 0 1     21      21    0
R   4877  469  THR  B  237    124  LEU  A  151       7.8133   1 0 0 1     38      38    0
R   4878  469  THR  B  237    127  ILE  A  154       8.0691   1 0 0 1     77      77    0
R   4879  469  THR  B  237    465  ILE  B  233       5.9348   1 0 0 1    121     121    0
R   4880  469  THR  B  237    466  VAL  B  234       5.5457   1 0 0 1     65      65    0
R   4881  469  THR  B  237    467  THR  B  235       5.4970   1 0 0 0      0       0    0
R   4882  469  THR  B  237    468  LEU  B  236       3.7912   1 0 0 0    -15      15    0
R   4883  469  THR  B  237    470  THR  B  238       3.8349   1 0 0 1     98      98    0
R   4884  469  THR  B  237    471  VAL  B  239       5.3822   1 0 0 0    -53      53    0
R   4885  469  THR  B  237    504  PHE  B  272       7.4263   1 0 0 1     80      80    0
R   4886  469  THR  B  237    508  LEU  B  276       8.3280   1 0 0 0     -6       6    0
R   4887  470  THR  B  238    102  THR  A  129       5.9655   1 0 0 0    -58      58    0
R   4888  470  THR  B  238    360  THR  B  128       7.1450   1 0 0 0    -37      37    0
R   4889  470  THR  B  238    361  THR  B  129       6.2211   1 0 0 0    -29      29    0
R   4890  470  THR  B  238    362  ILE  B  130       4.2740   1 0 0 0     -6       6    0
R   4891  470  THR  B  238    466  VAL  B  234       6.3061   1 0 0 0      0       0    0
R   4892  470  THR  B  238    467  THR  B  235       4.9492   1 0 0 1     25      25    0
R   4893  470  THR  B  238    468  LEU  B  236       5.0560   1 0 0 0    -10      10    0
R   4894  470  THR  B  238    469  THR  B  237       3.8349   1 0 0 1     16      16    0
R   4895  470  THR  B  238    471  VAL  B  239       3.7949   1 0 0 1      4       4    0
R   4896  470  THR  B  238    472  GLY  B  240       5.3755   1 0 0 1      3       3    0
R   4897  470  THR  B  238    501  LEU  B  269       8.0991   1 0 0 1    144     144    0
R   4898  470  THR  B  238    508  LEU  B  276      11.3288   0 0 0 1      1       1    0
R   4900  471  VAL  B  239     99  ILE  A  126       6.2502   1 0 0 0    -42      42    0
R   4901  471  VAL  B  239    102  THR  A  129       4.3123   1 0 0 0      0       0    0
R   4902  471  VAL  B  239    103  ILE  A  130       5.6605   1 0 0 0    -36      36    0
R   4903  471  VAL  B  239    104  GLY  A  131       4.7515   1 0 0 0      0       0    0
R   4904  471  VAL  B  239    123  ALA  A  150       8.8035   0 0 0 1     12      12    0
R   4905  471  VAL  B  239    127  ILE  A  154       9.6038   1 0 0 1     27      27    0
R   4906  471  VAL  B  239    362  ILE  B  130       5.7564   1 0 0 0    -24      24    0
R   4907  471  VAL  B  239    466  VAL  B  234       5.2361   1 0 0 1      9       9    0
R   4908  471  VAL  B  239    469  THR  B  237       5.3822   1 0 0 0    -73      73    0
R   4909  471  VAL  B  239    470  THR  B  238       3.7949   1 0 0 0    -28      28    0
R   4910  471  VAL  B  239    472  GLY  B  240       3.8371   1 0 0 0    -30      30    0
R   4911  471  VAL  B  239    473  PHE  B  241       5.9432   1 0 0 1    128     128    0
R   4912  472  GLY  B  240    104  GLY  A  131       5.7633   1 0 0 0    -28      28    0
R   4913  472  GLY  B  240    362  ILE  B  130       4.7423   1 0 0 0     -2       2    0
R   4914  472  GLY  B  240    363  GLY  B  131       5.4876   1 0 0 0   -119     119    0
R   4915  472  GLY  B  240    364  TYR  B  132       4.6088   1 0 0 0      0       0    0
R   4916  472  GLY  B  240    466  VAL  B  234       5.4989   1 0 0 1     49      49    0
R   4917  472  GLY  B  240    470  THR  B  238       5.3755   1 0 0 0      0       0    0
R   4918  472  GLY  B  240    471  VAL  B  239       3.8371   1 0 0 0    -59      59    0
R   4919  472  GLY  B  240    473  PHE  B  241       3.7932   1 0 0 1      2       2    0
R   4920  472  GLY  B  240    474  GLY  B  242       5.5297   1 0 0 1      7       7    0
R   4921  473  PHE  B  241     95  PHE  A  122      10.8030   1 0 0 1    162     162    0
R   4923  473  PHE  B  241     99  ILE  A  126       8.9603   1 0 0 1     63      63    0
R   4924  473  PHE  B  241    104  GLY  A  131       5.0726   1 0 0 0    -14      14    0
R   4926  473  PHE  B  241    106  GLY  A  133       4.5030   1 0 0 0     -8       8    0
R   4929  473  PHE  B  241    110  LEU  A  137       9.5981   0 0 0 1      1       1    0
R   4930  473  PHE  B  241    119  CYS  A  146      11.3289   1 0 0 0      0       0    0
R   4931  473  PHE  B  241    364  TYR  B  132       5.4572   1 0 0 0    -56      56    0
R   4932  473  PHE  B  241    462  TYR  B  230      10.3137   1 0 0 0   -108     108    0
R   4933  473  PHE  B  241    466  VAL  B  234       6.8757   1 0 0 1     51      51    0
R   4934  473  PHE  B  241    471  VAL  B  239       5.9432   1 0 0 1    106     106    0
R   4935  473  PHE  B  241    472  GLY  B  240       3.7932   1 0 0 0    -21      21    0
R   4936  473  PHE  B  241    474  GLY  B  242       3.8133   1 0 0 0     -9       9    0
R   4937  473  PHE  B  241    475  ASP  B  243       5.7247   1 0 0 0    -66      66    0
R   4938  474  GLY  B  242    364  TYR  B  132       4.0464   1 0 0 0    -18      18    0
R   4939  474  GLY  B  242    366  ASN  B  134       5.3314   1 0 0 0    -59      59    0
R   4941  474  GLY  B  242    472  GLY  B  240       5.5297   1 0 0 0      0       0    0
R   4942  474  GLY  B  242    473  PHE  B  241       3.8133   1 0 0 0    -29      29    0
R   4943  474  GLY  B  242    475  ASP  B  243       3.7988   1 0 0 0      0       0    0
R   4944  474  GLY  B  242    476  TYR  B  244       5.1344   1 0 0 1      8       8    0
R   4945  474  GLY  B  242    477  VAL  B  245       6.0612   1 0 0 0    -57      57    0
R   4946  475  ASP  B  243    109  ALA  A  136       6.3785   1 0 0 1     43      43    0
R   4947  475  ASP  B  243    110  LEU  A  137       8.2871   0 0 0 1      3       3    0
R   4949  475  ASP  B  243    116  ARG  A  143      10.9071   0 0 0 1      2       2    0
R   4950  475  ASP  B  243    462  TYR  B  230      10.2392   1 0 0 1     91      91    0
R   4952  475  ASP  B  243    473  PHE  B  241       5.7247   1 0 0 0    -85      85    0
R   4953  475  ASP  B  243    474  GLY  B  242       3.7988   1 0 0 0    -15      15    0
R   4954  475  ASP  B  243    476  TYR  B  244       3.8242   1 0 0 1     42      42    0
R   4955  475  ASP  B  243    477  VAL  B  245       6.7596   0 0 0 1      1       1    0
R   4957  476  TYR  B  244    116  ARG  A  143      11.3740   1 0 0 1     76      76    0
R   4959  476  TYR  B  244    455  TRP  B  223       9.2654   1 0 0 1     86      86    0
R   4960  476  TYR  B  244    459  GLU  B  227       8.1738   1 0 0 1    111     111    0
R   4961  476  TYR  B  244    462  TYR  B  230       8.7032   1 0 0 1     84      84    0
R   4962  476  TYR  B  244    463  PHE  B  231       6.0865   1 0 0 1     12      12    0
R   4963  476  TYR  B  244    474  GLY  B  242       5.1344   1 0 0 1      2       2    0
R   4964  476  TYR  B  244    475  ASP  B  243       3.8242   1 0 0 0    -15      15    0
R   4965  476  TYR  B  244    477  VAL  B  245       3.7757   1 0 0 0    -30      30    0
R   4966  477  VAL  B  245    353  PHE  B  121      10.7107   1 0 0 1    120     120    0
R   4967  477  VAL  B  245    364  TYR  B  132       7.3176   1 0 0 1     96      96    0
R   4968  477  VAL  B  245    366  ASN  B  134       7.6776   1 0 0 0    -14      14    0
R   4970  477  VAL  B  245    455  TRP  B  223      10.6434   1 0 0 0    -56      56    0
R   4971  477  VAL  B  245    463  PHE  B  231       7.4138   1 0 0 0      0       0    0
R   4972  477  VAL  B  245    474  GLY  B  242       6.0612   1 0 0 0    -66      66    0
R   4973  477  VAL  B  245    476  TYR  B  244       3.7757   1 0 0 0    -44      44    0
R   4974  477  VAL  B  245    478  ALA  B  246       3.7781   1 0 0 0    -39      39    0
R   4975  477  VAL  B  245    479  GLY  B  247       6.3032   1 0 0 1     18      18    0
R   4976  477  VAL  B  245    480  ALA  B  248       5.6607   1 0 0 1    115     115    0
R   4977  477  VAL  B  245    481  ASP  B  249       7.8461   0 0 0 1      3       3    0
R   4980  478  ALA  B  246    449  PHE  B  217       7.3430   1 0 0 1    144     144    0
R   4981  478  ALA  B  246    453  GLU  B  221       6.7599   1 0 0 0      0       0    0
R   4982  478  ALA  B  246    455  TRP  B  223       9.7607   1 0 0 1      1       1    0
R   4983  478  ALA  B  246    463  PHE  B  231       8.3008   1 0 0 1     34      34    0
R   4984  478  ALA  B  246    477  VAL  B  245       3.7781   1 0 0 0    -29      29    0
R   4985  478  ALA  B  246    479  GLY  B  247       3.8085   1 0 0 1     12      12    0
R   4986  478  ALA  B  246    480  ALA  B  248       5.6510   1 0 0 1     29      29    0
R   4987  478  ALA  B  246    489  TYR  B  257       9.0629   1 0 0 0    -21      21    0
R   4988  478  ALA  B  246    490  GLN  B  258       7.0133   1 0 0 1     41      41    0
R   4989  478  ALA  B  246    493  VAL  B  261       7.9924   0 0 0 1     40      40    0
R   4990  479  GLY  B  247    453  GLU  B  221       7.2993   1 0 0 1     66      66    0
R   4991  479  GLY  B  247    477  VAL  B  245       6.3032   1 0 0 1      3       3    0
R   4992  479  GLY  B  247    478  ALA  B  246       3.8085   1 0 0 0     -6       6    0
R   4993  479  GLY  B  247    480  ALA  B  248       3.8031   1 0 0 1     10      10    0
R   4994  479  GLY  B  247    481  ASP  B  249       5.3610   1 0 0 0    -36      36    0
R   4995  479  GLY  B  247    484  GLN  B  252       7.4985   1 0 0 0    -30      30    0
R   4996  479  GLY  B  247    489  TYR  B  257       7.1034   1 0 0 0     -5       5    0
R   4997  479  GLY  B  247    490  GLN  B  258       5.3291   1 0 0 0    -16      16    0
R   4998  480  ALA  B  248    343  HIS  B  111      11.0619   0 0 0 1     31      31    0
R   4999  480  ALA  B  248    366  ASN  B  134       8.4018   1 0 0 0   -120     120    0
R   5000  480  ALA  B  248    477  VAL  B  245       5.6607   1 0 0 0    -11      11    0
R   5001  480  ALA  B  248    478  ALA  B  246       5.6510   1 0 0 1     10      10    0
R   5002  480  ALA  B  248    479  GLY  B  247       3.8031   1 0 0 0    -27      27    0
R   5003  480  ALA  B  248    481  ASP  B  249       3.8128   1 0 0 0     -9       9    0
R   5004  480  ALA  B  248    482  PRO  B  250       6.1116   1 0 0 0    -34      34    0
R   5005  480  ALA  B  248    490  GLN  B  258       8.0258   1 0 0 0    -15      15    0
R   5006  481  ASP  B  249    343  HIS  B  111      10.6125   0 0 0 1      3       3    0
R   5008  481  ASP  B  249    477  VAL  B  245       7.8461   0 0 0 1     13      13    0
R   5009  481  ASP  B  249    479  GLY  B  247       5.3610   1 0 0 0    -40      40    0
R   5010  481  ASP  B  249    480  ALA  B  248       3.8128   1 0 0 0    -59      59    0
R   5011  481  ASP  B  249    482  PRO  B  250       3.8208   1 0 0 0   -112     112    0
R   5012  481  ASP  B  249    483  ARG  B  251       5.8343   1 0 0 1      8       8    0
R   5013  481  ASP  B  249    484  GLN  B  252       6.2619   1 0 0 0   -153     153    0
R   5014  482  PRO  B  250    343  HIS  B  111       7.1575   1 0 0 0   -128     128    0
R   5015  482  PRO  B  250    480  ALA  B  248       6.1116   1 0 0 0    -35      35    0
R   5016  482  PRO  B  250    481  ASP  B  249       3.8208   1 0 0 0    -63      63    0
R   5017  482  PRO  B  250    483  ARG  B  251       3.8357   1 0 0 0     -3       3    0
R   5018  482  PRO  B  250    484  GLN  B  252       5.8814   1 0 0 0    -24      24    0
R   5020  483  ARG  B  251    481  ASP  B  249       5.8343   1 0 0 0    -41      41    0
R   5021  483  ARG  B  251    482  PRO  B  250       3.8357   1 0 0 0    -81      81    0
R   5022  483  ARG  B  251    484  GLN  B  252       3.8114   1 0 0 0     -7       7    0
R   5023  483  ARG  B  251    485  ASP  B  253       6.4989   1 0 0 0    -21      21    0
R   5024  484  GLN  B  252    452  MET  B  220       9.2533   1 0 0 1    140     140    0
R   5025  484  GLN  B  252    453  GLU  B  221       8.8843   1 0 0 0    -26      26    0
R   5026  484  GLN  B  252    479  GLY  B  247       7.4985   1 0 0 0    -56      56    0
R   5027  484  GLN  B  252    481  ASP  B  249       6.2619   1 0 0 0   -116     116    0
R   5028  484  GLN  B  252    482  PRO  B  250       5.8814   1 0 0 0    -36      36    0
R   5029  484  GLN  B  252    483  ARG  B  251       3.8114   1 0 0 0    -24      24    0
R   5030  484  GLN  B  252    485  ASP  B  253       3.7978   1 0 0 1      2       2    0
R   5031  484  GLN  B  252    486  SER  B  254       5.5069   1 0 0 0    -39      39    0
R   5034  485  ASP  B  253    483  ARG  B  251       6.4989   1 0 0 0    -22      22    0
R   5035  485  ASP  B  253    484  GLN  B  252       3.7978   1 0 0 0    -11      11    0
R   5036  485  ASP  B  253    486  SER  B  254       3.8100   1 0 0 1     51      51    0
R   5037  485  ASP  B  253    487  PRO  B  255       6.2618   1 0 0 0    -17      17    0
R   5038  486  SER  B  254    484  GLN  B  252       5.5069   1 0 0 0    -25      25    0
R   5039  486  SER  B  254    485  ASP  B  253       3.8100   1 0 0 1     29      29    0
R   5040  486  SER  B  254    487  PRO  B  255       3.8145   1 0 0 0    -53      53    0
R   5041  486  SER  B  254    488  ALA  B  256       5.8804   1 0 0 0      0       0    0
R   5042  486  SER  B  254    489  TYR  B  257       5.4652   1 0 0 0    -63      63    0
R   5045  487  PRO  B  255    485  ASP  B  253       6.2618   1 0 0 0     -6       6    0
R   5046  487  PRO  B  255    486  SER  B  254       3.8145   1 0 0 0    -37      37    0
R   5047  487  PRO  B  255    488  ALA  B  256       3.8277   1 0 0 0     -5       5    0
R   5048  487  PRO  B  255    489  TYR  B  257       5.4868   1 0 0 1      5       5    0
R   5050  487  PRO  B  255    491  PRO  B  259       7.8526   1 0 0 0   -129     129    0
R   5051  488  ALA  B  256    486  SER  B  254       5.8804   1 0 0 0      0       0    0
R   5052  488  ALA  B  256    487  PRO  B  255       3.8277   1 0 0 0    -65      65    0
R   5053  488  ALA  B  256    489  TYR  B  257       3.8039   1 0 0 0    -14      14    0
R   5054  488  ALA  B  256    490  GLN  B  258       5.9320   1 0 0 1      5       5    0
R   5055  488  ALA  B  256    491  PRO  B  259       6.1453   1 0 0 0    -22      22    0
R   5056  488  ALA  B  256    492  LEU  B  260       6.0440   1 0 0 1     94      94    0
R   5057  489  TYR  B  257    448  VAL  B  216      11.2452   0 0 0 1     28      28    0
R   5058  489  TYR  B  257    449  PHE  B  217      10.9740   1 0 0 0   -154     154    0
R   5059  489  TYR  B  257    452  MET  B  220       9.8360   1 0 0 1     91      91    0
R   5060  489  TYR  B  257    453  GLU  B  221      11.2154   1 0 0 1     21      21    0
R   5061  489  TYR  B  257    478  ALA  B  246       9.0629   1 0 0 0     -5       5    0
R   5062  489  TYR  B  257    479  GLY  B  247       7.1034   1 0 0 0     -5       5    0
R   5064  489  TYR  B  257    486  SER  B  254       5.4652   1 0 0 0    -58      58    0
R   5065  489  TYR  B  257    487  PRO  B  255       5.4868   1 0 0 0      0       0    0
R   5066  489  TYR  B  257    488  ALA  B  256       3.8039   1 0 0 0    -39      39    0
R   5067  489  TYR  B  257    490  GLN  B  258       3.8438   1 0 0 0    -21      21    0
R   5068  489  TYR  B  257    491  PRO  B  259       5.8819   1 0 0 0      0       0    0
R   5069  489  TYR  B  257    492  LEU  B  260       5.0923   1 0 0 1     15      15    0
R   5070  489  TYR  B  257    493  VAL  B  261       6.0014   1 0 0 1    230     230    0
R   5072  490  GLN  B  258    350  SER  B  118       8.0307   0 0 0 1     84      84    0
R   5073  490  GLN  B  258    353  PHE  B  121       7.3187   1 0 0 0   -112     112    0
R   5075  490  GLN  B  258    478  ALA  B  246       7.0133   1 0 0 1      9       9    0
R   5076  490  GLN  B  258    479  GLY  B  247       5.3291   1 0 0 0     -8       8    0
R   5077  490  GLN  B  258    480  ALA  B  248       8.0258   1 0 0 0    -56      56    0
R   5080  490  GLN  B  258    488  ALA  B  256       5.9320   1 0 0 0      0       0    0
R   5081  490  GLN  B  258    489  TYR  B  257       3.8438   1 0 0 0    -26      26    0
R   5082  490  GLN  B  258    491  PRO  B  259       3.8014   1 0 0 0    -34      34    0
R   5083  490  GLN  B  258    492  LEU  B  260       5.2948   1 0 0 0      0       0    0
R   5084  490  GLN  B  258    493  VAL  B  261       4.9646   1 0 0 0     -4       4    0
R   5085  490  GLN  B  258    494  TRP  B  262       6.4886   1 0 0 1     76      76    0
R   5087  491  PRO  B  259    352  PHE  B  120       7.6046   1 0 0 1    111     111    0
R   5088  491  PRO  B  259    353  PHE  B  121       6.2524   0 0 0 1     17      17    0
R   5089  491  PRO  B  259    487  PRO  B  255       7.8526   1 0 0 0    -83      83    0
R   5090  491  PRO  B  259    488  ALA  B  256       6.1453   1 0 0 0    -26      26    0
R   5091  491  PRO  B  259    489  TYR  B  257       5.8819   1 0 0 0      0       0    0
R   5092  491  PRO  B  259    490  GLN  B  258       3.8014   1 0 0 0     -9       9    0
R   5093  491  PRO  B  259    492  LEU  B  260       3.8274   1 0 0 1      4       4    0
R   5094  491  PRO  B  259    493  VAL  B  261       5.2641   1 0 0 0      0       0    0
R   5095  491  PRO  B  259    494  TRP  B  262       4.8144   1 0 0 1     95      95    0
R   5096  491  PRO  B  259    495  PHE  B  263       6.6955   1 0 0 1      2       2    0
R   5097  492  LEU  B  260    488  ALA  B  256       6.0440   1 0 0 0    -24      24    0
R   5098  492  LEU  B  260    489  TYR  B  257       5.0923   1 0 0 0    -14      14    0
R   5099  492  LEU  B  260    490  GLN  B  258       5.2948   1 0 0 0      0       0    0
R   5100  492  LEU  B  260    491  PRO  B  259       3.8274   1 0 0 0    -61      61    0
R   5101  492  LEU  B  260    493  VAL  B  261       3.7846   1 0 0 0    -10      10    0
R   5102  492  LEU  B  260    494  TRP  B  262       5.0944   1 0 0 0      0       0    0
R   5103  492  LEU  B  260    495  PHE  B  263       4.8867   1 0 0 1     99      99    0
R   5104  492  LEU  B  260    496  TRP  B  264       6.7913   1 0 0 1     24      24    0
R   5105  493  VAL  B  261    353  PHE  B  121       9.5387   0 0 0 1     18      18    0
R   5106  493  VAL  B  261    449  PHE  B  217      10.0111   1 0 0 1     89      89    0
R   5107  493  VAL  B  261    463  PHE  B  231      12.6767   0 0 0 1      8       8    0
R   5108  493  VAL  B  261    478  ALA  B  246       7.9924   0 0 0 1     38      38    0
R   5109  493  VAL  B  261    489  TYR  B  257       6.0014   1 0 0 1    120     120    0
R   5110  493  VAL  B  261    490  GLN  B  258       4.9646   1 0 0 0    -35      35    0
R   5111  493  VAL  B  261    491  PRO  B  259       5.2641   1 0 0 0      0       0    0
R   5112  493  VAL  B  261    492  LEU  B  260       3.7846   1 0 0 1      6       6    0
R   5113  493  VAL  B  261    494  TRP  B  262       3.7943   1 0 0 0     -7       7    0
R   5114  493  VAL  B  261    495  PHE  B  263       5.1159   1 0 0 0      0       0    0
R   5115  493  VAL  B  261    496  TRP  B  264       4.9458   1 0 0 1    179     179    0
R   5116  493  VAL  B  261    497  ILE  B  265       6.2828   1 0 0 1     93      93    0
R   5117  494  TRP  B  262      9  LEU  A   36      12.9094   0 0 0 1     22      22    0
R   5118  494  TRP  B  262     12  VAL  A   39      12.8298   0 0 0 1     25      25    0
R   5119  494  TRP  B  262     13  LEU  A   40      11.2016   1 0 0 1     81      81    0
R   5120  494  TRP  B  262     16  LEU  A   43      11.4827   1 0 0 1    115     115    0
R   5121  494  TRP  B  262    352  PHE  B  120       9.8638   0 0 0 1     55      55    0
R   5122  494  TRP  B  262    353  PHE  B  121       7.4970   0 0 0 1     27      27    0
R   5123  494  TRP  B  262    356  GLY  B  124       7.6947   1 0 0 0      0       0    0
R   5124  494  TRP  B  262    359  ILE  B  127      11.9228   0 0 0 1     14      14    0
R   5125  494  TRP  B  262    360  THR  B  128      10.1971   1 0 0 0    -58      58    0
R   5126  494  TRP  B  262    389  PHE  B  157      13.1157   1 0 0 1    119     119    0
R   5127  494  TRP  B  262    392  LEU  B  160      14.1799   0 0 0 1      6       6    0
R   5128  494  TRP  B  262    490  GLN  B  258       6.4886   1 0 0 0     -4       4    0
R   5129  494  TRP  B  262    491  PRO  B  259       4.8144   1 0 0 0     -7       7    0
R   5130  494  TRP  B  262    492  LEU  B  260       5.0944   1 0 0 0      0       0    0
R   5131  494  TRP  B  262    493  VAL  B  261       3.7943   1 0 0 0    -20      20    0
R   5132  494  TRP  B  262    495  PHE  B  263       3.8059   1 0 0 1    137     137    0
R   5133  494  TRP  B  262    496  TRP  B  264       5.2324   1 0 0 0      0       0    0
R   5134  494  TRP  B  262    497  ILE  B  265       4.6914   1 0 0 1    105     105    0
R   5135  494  TRP  B  262    498  LEU  B  266       6.3250   1 0 0 1    179     179    0
R   5136  495  PHE  B  263      9  LEU  A   36      11.1822   0 0 0 1     25      25    0
R   5137  495  PHE  B  263     13  LEU  A   40      11.0217   0 0 0 1     79      79    0
R   5138  495  PHE  B  263    352  PHE  B  120      12.4103   0 0 0 1     11      11    0
R   5139  495  PHE  B  263    491  PRO  B  259       6.6955   1 0 0 1      7       7    0
R   5140  495  PHE  B  263    492  LEU  B  260       4.8867   1 0 0 1     11      11    0
R   5141  495  PHE  B  263    493  VAL  B  261       5.1159   1 0 0 0      0       0    0
R   5142  495  PHE  B  263    494  TRP  B  262       3.8059   1 0 0 1     93      93    0
R   5143  495  PHE  B  263    496  TRP  B  264       3.7814   1 0 0 0     -2       2    0
R   5144  495  PHE  B  263    497  ILE  B  265       5.3439   1 0 0 0      0       0    0
R   5145  495  PHE  B  263    498  LEU  B  266       5.3028   1 0 0 1     19      19    0
R   5146  495  PHE  B  263    499  LEU  B  267       6.8052   1 0 0 0     -5       5    0
R   5148  496  TRP  B  264    441  PHE  B  209       7.3006   1 0 0 1     65      65    0
R   5149  496  TRP  B  264    445  PRO  B  213       8.1512   1 0 0 1     79      79    0
R   5150  496  TRP  B  264    449  PHE  B  217      11.9458   1 0 0 1     76      76    0
R   5151  496  TRP  B  264    463  PHE  B  231      13.3259   0 0 0 1     21      21    0
R   5152  496  TRP  B  264    464  VAL  B  232      10.4353   1 0 0 1     88      88    0
R   5153  496  TRP  B  264    467  THR  B  235      11.0094   1 0 0 1     44      44    0
R   5154  496  TRP  B  264    468  LEU  B  236      10.1318   1 0 0 1    134     134    0
R   5155  496  TRP  B  264    492  LEU  B  260       6.7913   1 0 0 1     19      19    0
R   5156  496  TRP  B  264    493  VAL  B  261       4.9458   1 0 0 1     28      28    0
R   5157  496  TRP  B  264    494  TRP  B  262       5.2324   1 0 0 0      0       0    0
R   5158  496  TRP  B  264    495  PHE  B  263       3.7814   1 0 0 0    -19      19    0
R   5159  496  TRP  B  264    497  ILE  B  265       3.7941   1 0 0 1    149     149    0
R   5160  496  TRP  B  264    498  LEU  B  266       5.3728   1 0 0 0      0       0    0
R   5161  496  TRP  B  264    499  LEU  B  267       5.3049   1 0 0 1     87      87    0
R   5162  496  TRP  B  264    500  GLY  B  268       6.1371   1 0 0 1     69      69    0
R   5163  497  ILE  B  265    353  PHE  B  121      11.1261   0 0 0 1     53      53    0
R   5164  497  ILE  B  265    360  THR  B  128       9.0892   0 0 0 1     25      25    0
R   5165  497  ILE  B  265    362  ILE  B  130      10.2397   1 0 0 1     75      75    0
R   5167  497  ILE  B  265    389  PHE  B  157      12.4091   0 0 0 1      1       1    0
R   5168  497  ILE  B  265    463  PHE  B  231      11.7576   0 0 0 1      3       3    0
R   5169  497  ILE  B  265    467  THR  B  235       8.0518   1 0 0 1     77      77    0
R   5170  497  ILE  B  265    468  LEU  B  236       7.1893   0 0 0 1      2       2    0
R   5171  497  ILE  B  265    493  VAL  B  261       6.2828   1 0 0 1     35      35    0
R   5172  497  ILE  B  265    494  TRP  B  262       4.6914   1 0 0 1     10      10    0
R   5173  497  ILE  B  265    495  PHE  B  263       5.3439   1 0 0 0      0       0    0
R   5174  497  ILE  B  265    496  TRP  B  264       3.7941   1 0 0 1     74      74    0
R   5175  497  ILE  B  265    498  LEU  B  266       3.7641   1 0 0 0     -8       8    0
R   5176  497  ILE  B  265    499  LEU  B  267       5.5068   1 0 0 0      0       0    0
R   5177  497  ILE  B  265    500  GLY  B  268       5.1273   1 0 0 0      0       0    0
R   5178  497  ILE  B  265    501  LEU  B  269       5.8216   1 0 0 1    233     233    0
R   5179  498  LEU  B  266      9  LEU  A   36      10.5773   1 0 0 1    106     106    0
R   5180  498  LEU  B  266    389  PHE  B  157       9.8747   1 0 0 1    124     124    0
R   5181  498  LEU  B  266    392  LEU  B  160       9.4997   1 0 0 1     35      35    0
R   5182  498  LEU  B  266    393  LEU  B  161       7.5440   1 0 0 1     52      52    0
R   5183  498  LEU  B  266    396  VAL  B  164       8.3287   1 0 0 1    124     124    0
R   5184  498  LEU  B  266    494  TRP  B  262       6.3250   1 0 0 1     60      60    0
R   5185  498  LEU  B  266    495  PHE  B  263       5.3028   1 0 0 0    -42      42    0
R   5186  498  LEU  B  266    496  TRP  B  264       5.3728   1 0 0 0      0       0    0
R   5187  498  LEU  B  266    497  ILE  B  265       3.7641   1 0 0 0    -43      43    0
R   5188  498  LEU  B  266    499  LEU  B  267       3.8041   1 0 0 0     -6       6    0
R   5189  498  LEU  B  266    500  GLY  B  268       5.5875   1 0 0 0      0       0    0
R   5190  498  LEU  B  266    501  LEU  B  269       5.3615   1 0 0 0     -7       7    0
R   5191  498  LEU  B  266    502  ALA  B  270       6.3744   1 0 0 1     55      55    0
R   5192  499  LEU  B  267    396  VAL  B  164       7.7513   0 0 0 1     71      71    0
R   5193  499  LEU  B  267    400  LEU  B  168       8.1636   0 0 0 1     51      51    0
R   5194  499  LEU  B  267    441  PHE  B  209       7.2854   1 0 0 1    143     143    0
R   5195  499  LEU  B  267    495  PHE  B  263       6.8052   1 0 0 0    -53      53    0
R   5196  499  LEU  B  267    496  TRP  B  264       5.3049   1 0 0 0     -7       7    0
R   5197  499  LEU  B  267    497  ILE  B  265       5.5068   1 0 0 0      0       0    0
R   5198  499  LEU  B  267    498  LEU  B  266       3.8041   1 0 0 0    -17      17    0
R   5199  499  LEU  B  267    500  GLY  B  268       3.8048   1 0 0 0     -5       5    0
R   5200  499  LEU  B  267    501  LEU  B  269       5.5996   1 0 0 0      0       0    0
R   5201  499  LEU  B  267    502  ALA  B  270       5.3545   1 0 0 1     16      16    0
R   5202  499  LEU  B  267    503  TYR  B  271       6.1682   1 0 0 1     95      95    0
R   5203  500  GLY  B  268    441  PHE  B  209       5.2561   1 0 0 0     -7       7    0
R   5204  500  GLY  B  268    468  LEU  B  236       6.4053   1 0 0 0     -1       1    0
R   5205  500  GLY  B  268    496  TRP  B  264       6.1371   1 0 0 1     54      54    0
R   5206  500  GLY  B  268    497  ILE  B  265       5.1273   1 0 0 0      0       0    0
R   5207  500  GLY  B  268    498  LEU  B  266       5.5875   1 0 0 0      0       0    0
R   5208  500  GLY  B  268    499  LEU  B  267       3.8048   1 0 0 0    -35      35    0
R   5209  500  GLY  B  268    501  LEU  B  269       3.7938   1 0 0 1     13      13    0
R   5210  500  GLY  B  268    502  ALA  B  270       5.3742   1 0 0 0      0       0    0
R   5211  500  GLY  B  268    503  TYR  B  271       4.9642   1 0 0 1      1       1    0
R   5212  500  GLY  B  268    504  PHE  B  272       5.6500   1 0 0 1    163     163    0
R   5213  501  LEU  B  269    360  THR  B  128       8.5756   1 0 0 1     84      84    0
R   5214  501  LEU  B  269    362  ILE  B  130      10.2203   1 0 0 1     12      12    0
R   5215  501  LEU  B  269    389  PHE  B  157      11.1212   1 0 0 1     48      48    0
R   5216  501  LEU  B  269    393  LEU  B  161       7.8369   1 0 0 1     64      64    0
R   5218  501  LEU  B  269    468  LEU  B  236       5.3221   1 0 0 0    -33      33    0
R   5219  501  LEU  B  269    470  THR  B  238       8.0991   1 0 0 1    150     150    0
R   5220  501  LEU  B  269    497  ILE  B  265       5.8216   1 0 0 1    138     138    0
R   5221  501  LEU  B  269    498  LEU  B  266       5.3615   1 0 0 0    -18      18    0
R   5222  501  LEU  B  269    499  LEU  B  267       5.5996   1 0 0 0      0       0    0
R   5223  501  LEU  B  269    500  GLY  B  268       3.7938   1 0 0 0    -15      15    0
R   5224  501  LEU  B  269    502  ALA  B  270       3.8032   1 0 0 0     -8       8    0
R   5225  501  LEU  B  269    503  TYR  B  271       5.5162   1 0 0 0      0       0    0
R   5226  501  LEU  B  269    504  PHE  B  272       4.8787   1 0 0 0     -4       4    0
R   5227  501  LEU  B  269    505  ALA  B  273       5.8929   1 0 0 1    107     107    0
R   5228  502  ALA  B  270    393  LEU  B  161       6.0021   1 0 0 1     35      35    0
R   5229  502  ALA  B  270    396  VAL  B  164       6.6055   1 0 0 1     46      46    0
R   5230  502  ALA  B  270    397  GLY  B  165       4.8799   1 0 0 0    -17      17    0
R   5231  502  ALA  B  270    400  LEU  B  168       8.1069   0 0 0 1     26      26    0
R   5232  502  ALA  B  270    498  LEU  B  266       6.3744   1 0 0 0    -29      29    0
R   5233  502  ALA  B  270    499  LEU  B  267       5.3545   1 0 0 0    -30      30    0
R   5234  502  ALA  B  270    500  GLY  B  268       5.3742   1 0 0 0      0       0    0
R   5235  502  ALA  B  270    501  LEU  B  269       3.8032   1 0 0 0    -46      46    0
R   5236  502  ALA  B  270    503  TYR  B  271       3.7862   1 0 0 0    -10      10    0
R   5237  502  ALA  B  270    504  PHE  B  272       5.2985   1 0 0 0      0       0    0
R   5238  502  ALA  B  270    505  ALA  B  273       5.1118   1 0 0 0     -5       5    0
R   5239  502  ALA  B  270    506  SER  B  274       6.4350   1 0 0 1    154     154    0
R   5240  503  TYR  B  271    400  LEU  B  168       7.9568   1 0 0 1     10      10    0
R   5241  503  TYR  B  271    404  LEU  B  172      10.6035   0 0 0 1     29      29    0
R   5242  503  TYR  B  271    433  PHE  B  201      10.7401   0 0 0 1     70      70    0
R   5243  503  TYR  B  271    434  LEU  B  202       8.7333   1 0 0 1     86      86    0
R   5244  503  TYR  B  271    437  GLY  B  205       7.2159   1 0 0 0     -1       1    0
R   5245  503  TYR  B  271    438  CYS  B  206       8.5883   1 0 0 0    -38      38    0
R   5246  503  TYR  B  271    441  PHE  B  209       7.8610   1 0 0 1    203     203    0
R   5247  503  TYR  B  271    442  VAL  B  210       9.8815   0 0 0 1     38      38    0
R   5248  503  TYR  B  271    499  LEU  B  267       6.1682   1 0 0 1     19      19    0
R   5249  503  TYR  B  271    500  GLY  B  268       4.9642   1 0 0 0    -21      21    0
R   5250  503  TYR  B  271    501  LEU  B  269       5.5162   1 0 0 0      0       0    0
R   5251  503  TYR  B  271    502  ALA  B  270       3.7862   1 0 0 0    -27      27    0
R   5252  503  TYR  B  271    504  PHE  B  272       3.7786   1 0 0 1     16      16    0
R   5253  503  TYR  B  271    505  ALA  B  273       5.5769   1 0 0 0      0       0    0
R   5254  503  TYR  B  271    506  SER  B  274       5.3247   1 0 0 1     19      19    0
R   5255  503  TYR  B  271    507  VAL  B  275       6.6404   1 0 0 1     94      94    0
R   5256  504  PHE  B  272    124  LEU  A  151      10.3848   1 0 0 1    143     143    0
R   5257  504  PHE  B  272    442  VAL  B  210       9.3584   1 0 0 1     70      70    0
R   5258  504  PHE  B  272    465  ILE  B  233       9.4304   0 0 0 1     59      59    0
R   5259  504  PHE  B  272    468  LEU  B  236       6.5085   1 0 0 1    106     106    0
R   5260  504  PHE  B  272    469  THR  B  237       7.4263   1 0 0 1     62      62    0
R   5261  504  PHE  B  272    500  GLY  B  268       5.6500   1 0 0 0     -3       3    0
R   5262  504  PHE  B  272    501  LEU  B  269       4.8787   1 0 0 0    -17      17    0
R   5263  504  PHE  B  272    502  ALA  B  270       5.2985   1 0 0 0      0       0    0
R   5264  504  PHE  B  272    503  TYR  B  271       3.7786   1 0 0 1     24      24    0
R   5265  504  PHE  B  272    505  ALA  B  273       3.8012   1 0 0 0     -1       1    0
R   5266  504  PHE  B  272    506  SER  B  274       5.2758   1 0 0 0      0       0    0
R   5267  504  PHE  B  272    507  VAL  B  275       4.9489   1 0 0 1     57      57    0
R   5268  504  PHE  B  272    508  LEU  B  276       6.1046   1 0 0 1    255     255    0
R   5269  505  ALA  B  273    393  LEU  B  161       8.9228   0 0 0 1     47      47    0
R   5270  505  ALA  B  273    501  LEU  B  269       5.8929   1 0 0 0    -24      24    0
R   5271  505  ALA  B  273    502  ALA  B  270       5.1118   1 0 0 0    -24      24    0
R   5272  505  ALA  B  273    503  TYR  B  271       5.5769   1 0 0 0      0       0    0
R   5273  505  ALA  B  273    504  PHE  B  272       3.8012   1 0 0 0    -22      22    0
R   5274  505  ALA  B  273    506  SER  B  274       3.7902   1 0 0 0    -15      15    0
R   5275  505  ALA  B  273    507  VAL  B  275       5.2568   1 0 0 1      8       8    0
R   5276  505  ALA  B  273    508  LEU  B  276       5.1230   1 0 0 1     52      52    0
R   5277  505  ALA  B  273    509  THR  B  277       6.4386   1 0 0 1      3       3    0
R   5278  506  SER  B  274    397  GLY  B  165       7.2569   0 0 0 1     33      33    0
R   5280  506  SER  B  274    502  ALA  B  270       6.4350   1 0 0 1     65      65    0
R   5281  506  SER  B  274    503  TYR  B  271       5.3247   1 0 0 0      0       0    0
R   5282  506  SER  B  274    504  PHE  B  272       5.2758   1 0 0 0      0       0    0
R   5283  506  SER  B  274    505  ALA  B  273       3.7902   1 0 0 0    -48      48    0
R   5284  506  SER  B  274    507  VAL  B  275       3.8156   1 0 0 1     16      16    0
R   5285  506  SER  B  274    508  LEU  B  276       5.8505   1 0 0 0      0       0    0
R   5286  506  SER  B  274    509  THR  B  277       5.9355   1 0 0 1     61      61    0
R   5287  506  SER  B  274    510  THR  B  278       6.6695   1 0 0 0   -148     148    0
R   5288  507  VAL  B  275    124  LEU  A  151       9.7215   0 0 0 1      4       4    0
R   5289  507  VAL  B  275    434  LEU  B  202       8.7705   0 0 0 1     14      14    0
R   5290  507  VAL  B  275    503  TYR  B  271       6.6404   1 0 0 1     28      28    0
R   5291  507  VAL  B  275    504  PHE  B  272       4.9489   1 0 0 1     31      31    0
R   5292  507  VAL  B  275    505  ALA  B  273       5.2568   1 0 0 0      0       0    0
R   5293  507  VAL  B  275    506  SER  B  274       3.8156   1 0 0 0    -30      30    0
R   5294  507  VAL  B  275    508  LEU  B  276       3.8111   1 0 0 0     -2       2    0
R   5295  507  VAL  B  275    509  THR  B  277       5.5453   1 0 0 0      0       0    0
R   5296  507  VAL  B  275    510  THR  B  278       5.0237   1 0 0 1    143     143    0
R   5297  507  VAL  B  275    511  ILE  B  279       6.3558   1 0 0 1     59      59    0
R   5299  508  LEU  B  276    127  ILE  A  154       7.8107   1 0 0 1    109     109    0
R   5300  508  LEU  B  276    128  PRO  A  155       6.0166   1 0 0 1     72      72    0
R   5302  508  LEU  B  276    469  THR  B  237       8.3280   1 0 0 0     -1       1    0
R   5303  508  LEU  B  276    470  THR  B  238      11.3288   0 0 0 1      1       1    0
R   5304  508  LEU  B  276    504  PHE  B  272       6.1046   1 0 0 1    166     166    0
R   5305  508  LEU  B  276    505  ALA  B  273       5.1230   1 0 0 0    -13      13    0
R   5306  508  LEU  B  276    506  SER  B  274       5.8505   1 0 0 0      0       0    0
R   5307  508  LEU  B  276    507  VAL  B  275       3.8111   1 0 0 0     -6       6    0
R   5308  508  LEU  B  276    509  THR  B  277       3.8379   1 0 0 0     -7       7    0
R   5309  508  LEU  B  276    510  THR  B  278       5.3360   1 0 0 0      0       0    0
R   5310  508  LEU  B  276    511  ILE  B  279       5.4220   1 0 0 0    -99      99    0
R   5311  508  LEU  B  276    512  GLY  B  280       6.2451   1 0 0 1     24      24    0
R   5312  509  THR  B  277    505  ALA  B  273       6.4386   1 0 0 0    -49      49    0
R   5313  509  THR  B  277    506  SER  B  274       5.9355   1 0 0 1     75      75    0
R   5314  509  THR  B  277    507  VAL  B  275       5.5453   1 0 0 0      0       0    0
R   5315  509  THR  B  277    508  LEU  B  276       3.8379   1 0 0 0    -25      25    0
R   5316  509  THR  B  277    510  THR  B  278       3.8291   1 0 0 1      9       9    0
R   5317  509  THR  B  277    511  ILE  B  279       5.7504   1 0 0 0      0       0    0
R   5318  509  THR  B  277    512  GLY  B  280       4.7739   1 0 0 1     93      93    0
R   5319  509  THR  B  277    513  ASN  B  281       6.4379   1 0 0 1     34      34    0
R   5320  510  THR  B  278    506  SER  B  274       6.6695   1 0 0 0    -72      72    0
R   5321  510  THR  B  278    507  VAL  B  275       5.0237   1 0 0 1    123     123    0
R   5322  510  THR  B  278    508  LEU  B  276       5.3360   1 0 0 0      0       0    0
R   5323  510  THR  B  278    509  THR  B  277       3.8291   1 0 0 0    -21      21    0
R   5324  510  THR  B  278    511  ILE  B  279       3.8110   1 0 0 1     30      30    0
R   5325  510  THR  B  278    512  GLY  B  280       4.8294   1 0 0 0      0       0    0
R   5326  510  THR  B  278    513  ASN  B  281       4.8464   1 0 0 1     17      17    0
R   5327  510  THR  B  278    514  TRP  B  282       6.4762   1 0 0 1     41      41    0
R   5328  511  ILE  B  279    124  LEU  A  151       8.2687   1 0 0 0    -77      77    0
R   5329  511  ILE  B  279    125  VAL  A  152       7.5483   1 0 0 1     29      29    0
R   5330  511  ILE  B  279    128  PRO  A  155       6.5124   1 0 0 1     83      83    0
R   5331  511  ILE  B  279    507  VAL  B  275       6.3558   1 0 0 1     39      39    0
R   5332  511  ILE  B  279    508  LEU  B  276       5.4220   1 0 0 0    -88      88    0
R   5333  511  ILE  B  279    509  THR  B  277       5.7504   1 0 0 0      0       0    0
R   5334  511  ILE  B  279    510  THR  B  278       3.8110   1 0 0 0      0       0    0
R   5335  511  ILE  B  279    512  GLY  B  280       3.7951   1 0 0 1      2       2    0
R   5336  511  ILE  B  279    513  ASN  B  281       5.4170   1 0 0 0      0       0    0
R   5337  511  ILE  B  279    514  TRP  B  282       5.0951   1 0 0 1     18      18    0
R   5338  511  ILE  B  279    515  LEU  B  283       6.1473   1 0 0 1    162     162    0
R   5339  512  GLY  B  280    128  PRO  A  155       4.9082   1 0 0 0      0       0    0
R   5340  512  GLY  B  280    132  ILE  A  159       7.0096   1 0 0 0    -24      24    0
R   5341  512  GLY  B  280    508  LEU  B  276       6.2451   1 0 0 1      3       3    0
R   5342  512  GLY  B  280    509  THR  B  277       4.7739   1 0 0 1     19      19    0
R   5343  512  GLY  B  280    510  THR  B  278       4.8294   1 0 0 0      0       0    0
R   5344  512  GLY  B  280    511  ILE  B  279       3.7951   1 0 0 0    -73      73    0
R   5345  512  GLY  B  280    513  ASN  B  281       3.8107   1 0 0 1     11      11    0
R   5346  512  GLY  B  280    514  TRP  B  282       5.4723   1 0 0 0      0       0    0
R   5347  512  GLY  B  280    515  LEU  B  283       5.0349   1 0 0 0      0       0    0
R   5348  512  GLY  B  280    516  ARG  B  284       6.2196   1 0 0 1    115     115    0
R   5349  513  ASN  B  281    509  THR  B  277       6.4379   1 0 0 1     23      23    0
R   5350  513  ASN  B  281    510  THR  B  278       4.8464   1 0 0 0    -55      55    0
R   5351  513  ASN  B  281    511  ILE  B  279       5.4170   1 0 0 0      0       0    0
R   5352  513  ASN  B  281    512  GLY  B  280       3.8107   1 0 0 0    -17      17    0
R   5353  513  ASN  B  281    514  TRP  B  282       3.8309   1 0 0 0    -11      11    0
R   5354  513  ASN  B  281    515  LEU  B  283       5.3625   1 0 0 0      0       0    0
R   5355  513  ASN  B  281    516  ARG  B  284       5.0996   1 0 0 0    -60      60    0
R   5356  513  ASN  B  281    517  VAL  B  285       6.2346   1 0 0 0     -3       3    0
R   5357  514  TRP  B  282    510  THR  B  278       6.4762   1 0 0 1      2       2    0
R   5358  514  TRP  B  282    511  ILE  B  279       5.0951   1 0 0 0    -16      16    0
R   5359  514  TRP  B  282    512  GLY  B  280       5.4723   1 0 0 0      0       0    0
R   5360  514  TRP  B  282    513  ASN  B  281       3.8309   1 0 0 0    -26      26    0
R   5361  514  TRP  B  282    515  LEU  B  283       3.7982   1 0 0 1     30      30    0
R   5362  514  TRP  B  282    516  ARG  B  284       5.4868   1 0 0 0      0       0    0
R   5363  514  TRP  B  282    517  VAL  B  285       5.0980   1 0 0 1     57      57    0
R   5364  514  TRP  B  282    518  VAL  B  286       6.6841   1 0 0 1    171     171    0
R   5365  515  LEU  B  283    125  VAL  A  152       8.7050   0 0 0 1     46      46    0
R   5366  515  LEU  B  283    128  PRO  A  155       7.8523   1 0 0 1    152     152    0
R   5367  515  LEU  B  283    129  LEU  A  156       6.8569   1 0 0 1     21      21    0
R   5368  515  LEU  B  283    132  ILE  A  159       8.7280   0 0 0 1     23      23    0
R   5369  515  LEU  B  283    511  ILE  B  279       6.1473   1 0 0 0    -17      17    0
R   5370  515  LEU  B  283    512  GLY  B  280       5.0349   1 0 0 0    -23      23    0
R   5371  515  LEU  B  283    513  ASN  B  281       5.3625   1 0 0 0      0       0    0
R   5372  515  LEU  B  283    514  TRP  B  282       3.7982   1 0 0 1      8       8    0
R   5373  515  LEU  B  283    516  ARG  B  284       3.8086   1 0 0 0     -4       4    0
R   5374  515  LEU  B  283    517  VAL  B  285       5.3960   1 0 0 1      5       5    0
R   5375  515  LEU  B  283    518  VAL  B  286       5.5853   1 0 0 1     27      27    0
R   5376  516  ARG  B  284    132  ILE  A  159       7.8796   1 0 0 0   -102     102    0
R   5377  516  ARG  B  284    512  GLY  B  280       6.2196   1 0 0 1     22      22    0
R   5378  516  ARG  B  284    513  ASN  B  281       5.0996   1 0 0 0    -27      27    0
R   5379  516  ARG  B  284    514  TRP  B  282       5.4868   1 0 0 0      0       0    0
R   5380  516  ARG  B  284    515  LEU  B  283       3.8086   1 0 0 0    -29      29    0
R   5381  516  ARG  B  284    517  VAL  B  285       3.8146   1 0 0 0     -4       4    0
R   5382  516  ARG  B  284    518  VAL  B  286       5.6200   1 0 0 1      6       6    0
R   5383  517  VAL  B  285    513  ASN  B  281       6.2346   1 0 0 0    -55      55    0
R   5384  517  VAL  B  285    514  TRP  B  282       5.0980   1 0 0 0    -26      26    0
R   5385  517  VAL  B  285    515  LEU  B  283       5.3960   1 0 0 0      0       0    0
R   5386  517  VAL  B  285    516  ARG  B  284       3.8146   1 0 0 0    -26      26    0
R   5387  517  VAL  B  285    518  VAL  B  286       3.8142   1 0 0 0     -2       2    0
R   5388  518  VAL  B  286    514  TRP  B  282       6.6841   1 0 0 1    105     105    0
R   5389  518  VAL  B  286    515  LEU  B  283       5.5853   1 0 0 0    -26      26    0
R   5390  518  VAL  B  286    516  ARG  B  284       5.6200   1 0 0 0      0       0    0
R   5391  518  VAL  B  286    517  VAL  B  285       3.8142   1 0 0 0    -23      23    0
