                         CONTACT MAPS FROM PDB FILES                          

Residue-Residue Contacts

ID       - atom identification
I1,I2    - serial residue id
AA       - 3-letter code of aminoacid
C        - chain
I(PDB)   - residue number in PDB file
DCA      - distance between CA
CMs      - OV , CSU , oCSU , rCSU
           (CSU does not take into account chemical properties of atoms)
rCSU     - net contact from rCSU
Count    - number of contacts between residues
MODEL    - model number

      ID    I1  AA  C I(PDB)     I2  AA  C I(PDB)        DCA       CMs    rCSU   Count Model
============================================================================================
R      4     1  ARG A   28      5  LEU A   32       6.1710     1 1 1 0   -82      82    0
R      5     1  ARG A   28    257  ARG A  284      11.0026     0 1 0 0   -21      21    0
R      6     1  ARG A   28    395  GLY B  163       8.8985     0 1 0 0     0       0    0
R      7     1  ARG A   28    398  ASP B  166      11.2222     0 1 1 0    -4       4    0
R      8     1  ARG A   28    399  ARG B  167       9.9058     0 1 0 0    -3       3    0
R     13     2  SER A   29      6  LEU A   33       6.8000     1 1 1 1    31      31    0
R     14     2  SER A   29    399  ARG B  167       8.5980     1 1 1 1    69      69    0
R     20     3  THR A   30      7  ALA A   34       6.2680     1 1 1 1    97      97    0
R     27     4  THR A   31      8  LEU A   35       5.9496     1 1 1 1   162     162    0
R     28     5  LEU A   32      1  ARG A   28       6.1710     1 1 1 0  -107     107    0
R     35     5  LEU A   32      9  LEU A   36       6.0381     1 1 1 1   149     149    0
R     36     5  LEU A   32    391  ILE B  159       9.0775     0 1 1 0    -1       1    0
R     37     5  LEU A   32    392  LEU B  160       6.8437     0 1 1 0   -21      21    0
R     38     5  LEU A   32    395  GLY B  163       6.4931     1 1 0 0   -83      83    0
R     39     5  LEU A   32    396  VAL B  164       7.6023     0 1 1 1     4       4    0
R     40     5  LEU A   32    399  ARG B  167       9.2768     1 1 1 0   -31      31    0
R     41     6  LEU A   33      2  SER A   29       6.8000     1 1 1 0   -11      11    0
R     48     6  LEU A   33     10  ALA A   37       5.9154     1 1 1 1   226     226    0
R     49     7  ALA A   34      3  THR A   30       6.2680     1 1 1 0   -16      16    0
R     56     7  ALA A   34     11  LEU A   38       6.1103     1 1 1 1    96      96    0
R     57     8  LEU A   35      4  THR A   31       5.9496     1 1 1 1     2       2    0
R     64     8  LEU A   35     12  VAL A   39       6.1746     1 1 1 1    95      95    0
R     65     8  LEU A   35    388  LEU B  156       8.5114     1 1 1 1   129     129    0
R     66     8  LEU A   35    391  ILE B  159       8.5997     1 1 1 1   136     136    0
R     67     8  LEU A   35    392  LEU B  160       6.6997     1 1 1 0   -37      37    0
R     68     9  LEU A   36      5  LEU A   32       6.0381     1 1 1 1     9       9    0
R     75     9  LEU A   36     13  LEU A   40       6.1472     1 1 1 1   264     264    0
R     76     9  LEU A   36    392  LEU B  160       6.7881     1 1 1 1    59      59    0
R     77     9  LEU A   36    494  TRP B  262      13.0607     0 1 1 1    13      13    0
R     78     9  LEU A   36    498  LEU B  266      10.5258     1 1 1 1    92      92    0
R     79    10  ALA A   37      6  LEU A   33       5.9154     1 1 1 1    31      31    0
R     86    10  ALA A   37     14  LEU A   41       6.1833     1 1 1 1    87      87    0
R     87    11  LEU A   38      7  ALA A   34       6.1103     1 1 1 0   -17      17    0
R     94    11  LEU A   38     15  TYR A   42       6.0159     1 1 1 1   155     155    0
R     95    11  LEU A   38    388  LEU B  156       9.3882     1 1 1 1   148     148    0
R     96    12  VAL A   39      8  LEU A   35       6.1746     1 1 1 0   -35      35    0
R    103    12  VAL A   39     16  LEU A   43       6.1965     1 1 1 1   146     146    0
R    104    12  VAL A   39    359  ILE B  127       9.3872     1 1 1 1   111     111    0
R    105    12  VAL A   39    388  LEU B  156       7.5558     1 1 1 1   131     131    0
R    106    12  VAL A   39    389  PHE B  157       7.1917     0 1 1 0    -7       7    0
R    107    12  VAL A   39    392  LEU B  160       8.3205     1 1 1 1   134     134    0
R    108    12  VAL A   39    494  TRP B  262      12.5135     1 1 1 1    37      37    0
R    109    13  LEU A   40      9  LEU A   36       6.1472     1 1 1 1    97      97    0
R    116    13  LEU A   40     17  VAL A   44       6.1737     1 1 1 1    92      92    0
R    117    13  LEU A   40    352  PHE B  120       9.2236     1 1 1 1    71      71    0
R    118    13  LEU A   40    494  TRP B  262      10.9088     1 1 1 1   113     113    0
R    119    14  LEU A   41     10  ALA A   37       6.1833     1 1 1 0   -28      28    0
R    126    14  LEU A   41     18  SER A   45       5.7274     1 1 1 1   169     169    0
R    127    15  TYR A   42     11  LEU A   38       6.0159     1 1 1 0     0       0    0
R    134    15  TYR A   42     19  GLY A   46       6.0452     1 1 1 1    25      25    0
R    135    15  TYR A   42    359  ILE B  127       9.9406     1 1 1 1    39      39    0
R    136    15  TYR A   42    381  TYR B  149       9.0649     1 1 1 1   318     318    0
R    137    15  TYR A   42    384  VAL B  152       9.8368     1 1 1 1    35      35    0
R    138    15  TYR A   42    385  GLY B  153       7.8422     1 1 1 1    36      36    0
R    139    15  TYR A   42    388  LEU B  156       9.7924     1 1 1 1    80      80    0
R    140    16  LEU A   43     12  VAL A   39       6.1965     1 1 1 0   -24      24    0
R    147    16  LEU A   43     20  ALA A   47       5.9245     1 1 1 1   156     156    0
R    148    16  LEU A   43    352  PHE B  120       5.7571     1 1 1 1   126     126    0
R    149    16  LEU A   43    355  SER B  123       5.7473     1 1 1 1     2       2    0
R    150    16  LEU A   43    356  GLY B  124       6.6185     1 1 0 0   -19      19    0
R    151    16  LEU A   43    359  ILE B  127       8.8033     1 1 1 1   102     102    0
R    152    16  LEU A   43    381  TYR B  149       9.5553     1 1 1 0   -55      55    0
R    153    16  LEU A   43    494  TRP B  262      11.1428     1 1 1 1   165     165    0
R    154    17  VAL A   44     13  LEU A   40       6.1737     1 1 1 0   -19      19    0
R    161    17  VAL A   44     21  LEU A   48       6.3355     1 1 1 1   109     109    0
R    162    17  VAL A   44    348  LEU B  116       8.2028     0 1 1 1    54      54    0
R    163    17  VAL A   44    352  PHE B  120       5.8373     1 1 1 1    66      66    0
R    164    18  SER A   45     14  LEU A   41       5.7274     1 1 1 1    40      40    0
R    171    18  SER A   45     22  VAL A   49       6.4408     1 1 1 1    49      49    0
R    172    18  SER A   45    381  TYR B  149      10.3054     0 1 0 0    -6       6    0
R    173    19  GLY A   46     15  TYR A   42       6.0452     1 1 1 1    28      28    0
R    180    19  GLY A   46     23  PHE A   50       6.0993     1 1 1 1    94      94    0
R    181    19  GLY A   46    355  SER B  123       6.0077     1 1 0 0     0       0    0
R    182    19  GLY A   46    377  PHE B  145       9.1829     1 1 0 0     0       0    0
R    183    19  GLY A   46    381  TYR B  149       7.6194     1 1 0 0     0       0    0
R    184    20  ALA A   47     16  LEU A   43       5.9245     1 1 1 0   -14      14    0
R    191    20  ALA A   47     24  ARG A   51       5.9889     1 1 1 1    74      74    0
R    192    20  ALA A   47    348  LEU B  116       6.0353     1 1 1 1    68      68    0
R    193    20  ALA A   47    351  ALA B  119       4.4823     1 1 1 0   -21      21    0
R    194    20  ALA A   47    352  PHE B  120       4.4031     1 1 1 0   -89      89    0
R    195    20  ALA A   47    355  SER B  123       6.2569     1 1 1 1     6       6    0
R    196    21  LEU A   48     17  VAL A   44       6.3355     1 1 1 0    -7       7    0
R    203    21  LEU A   48     25  ALA A   52       6.1078     1 1 1 1   108     108    0
R    204    21  LEU A   48    348  LEU B  116       6.8290     1 1 1 1     1       1    0
R    205    22  VAL A   49     18  SER A   45       6.4408     1 1 1 0   -59      59    0
R    212    22  VAL A   49     26  LEU A   53       6.3260     1 1 1 1    91      91    0
R    213    22  VAL A   49    377  PHE B  145       8.6578     1 1 1 1   186     186    0
R    214    23  PHE A   50     19  GLY A   46       6.0993     1 1 1 0   -42      42    0
R    221    23  PHE A   50     27  GLU A   54       5.7137     1 1 1 1   136     136    0
R    222    23  PHE A   50    346  TRP B  114       7.4670     1 1 1 1    80      80    0
R    223    23  PHE A   50    351  ALA B  119       6.4025     0 1 1 1    14      14    0
R    224    23  PHE A   50    354  PHE B  122       8.7142     1 1 1 1    75      75    0
R    225    23  PHE A   50    355  SER B  123       8.1724     1 1 0 0   -78      78    0
R    226    23  PHE A   50    358  ILE B  126      11.9265     1 1 1 1   146     146    0
R    227    23  PHE A   50    369  LEU B  137       8.5316     1 1 1 1    55      55    0
R    228    23  PHE A   50    374  GLY B  142       6.1756     1 1 0 0   -82      82    0
R    229    23  PHE A   50    377  PHE B  145       8.3175     1 1 1 1   162     162    0
R    230    23  PHE A   50    378  CYS B  146       8.3882     1 1 1 1    16      16    0
R    231    23  PHE A   50    381  TYR B  149      10.3485     1 1 1 1    42      42    0
R    232    24  ARG A   51     20  ALA A   47       5.9889     1 1 1 0   -28      28    0
R    239    24  ARG A   51     28  GLN A   55       5.1498     1 1 1 1    21      21    0
R    240    24  ARG A   51     29  PRO A   56       8.2555     1 1 0 0    -1       1    0
R    241    24  ARG A   51    346  TRP B  114       5.1626     1 1 0 0   -50      50    0
R    242    24  ARG A   51    347  ASP B  115       6.7711     1 1 0 0     0       0    0
R    243    24  ARG A   51    348  LEU B  116       6.8912     1 1 0 0  -156     156    0
R    244    24  ARG A   51    351  ALA B  119       6.0579     1 1 1 1     5       5    0
R    245    25  ALA A   52     21  LEU A   48       6.1078     1 1 1 0   -19      19    0
R    251    25  ALA A   52     29  PRO A   56       7.5225     1 1 0 0   -92      92    0
R    252    26  LEU A   53     22  VAL A   49       6.3260     1 1 1 1    24      24    0
R    259    26  LEU A   53     30  HIS A   57       7.9718     1 1 1 1     3       3    0
R    260    26  LEU A   53    371  THR B  139       6.8404     1 1 1 0  -173     173    0
R    261    26  LEU A   53    373  ALA B  141       6.8270     1 1 1 1    78      78    0
R    262    26  LEU A   53    374  GLY B  142       6.0191     1 1 0 0    -7       7    0
R    263    26  LEU A   53    377  PHE B  145       9.6253     1 1 1 1    30      30    0
R    264    27  GLU A   54     23  PHE A   50       5.7137     1 1 1 0   -25      25    0
R    271    27  GLU A   54     31  GLU A   58       6.3932     1 1 1 1    50      50    0
R    272    27  GLU A   54    346  TRP B  114       6.8798     1 1 1 1   103     103    0
R    273    27  GLU A   54    368  ALA B  136       9.2688     0 1 0 0    -1       1    0
R    274    27  GLU A   54    369  LEU B  137       6.5839     1 1 1 1    45      45    0
R    275    27  GLU A   54    370  ARG B  138       6.5141     1 1 1 1    63      63    0
R    276    27  GLU A   54    371  THR B  139       6.3654     1 1 1 1   191     191    0
R    277    27  GLU A   54    374  GLY B  142       6.7179     1 1 0 0     0       0    0
R    278    28  GLN A   55     24  ARG A   51       5.1498     1 1 1 0  -144     144    0
R    284    28  GLN A   55    344  SER B  112       7.8425     1 1 1 1   107     107    0
R    285    28  GLN A   55    346  TRP B  114       5.3265     1 1 1 0   -32      32    0
R    286    28  GLN A   55    347  ASP B  115       7.7158     0 1 1 1     3       3    0
R    287    29  PRO A   56     24  ARG A   51       8.2555     1 0 0 0     0       0    0
R    288    29  PRO A   56     25  ALA A   52       7.5225     1 1 0 0   -91      91    0
R    295    30  HIS A   57     26  LEU A   53       7.9718     1 1 1 1    20      20    0
R    302    30  HIS A   57    370  ARG B  138       6.7053     1 1 1 1   253     253    0
R    303    30  HIS A   57    371  THR B  139       7.6304     1 1 1 1    23      23    0
R    304    31  GLU A   58     27  GLU A   54       6.3932     1 1 1 1    15      15    0
R    311    31  GLU A   58     35  GLN A   62       8.5111     0 1 1 1     2       2    0
R    312    31  GLU A   58    343  HIS B  111       9.5217     1 1 1 0   -26      26    0
R    313    31  GLU A   58    344  SER B  112       7.6156     1 1 1 1   102     102    0
R    314    31  GLU A   58    345  ALA B  113       7.2371     1 1 1 1   173     173    0
R    315    31  GLU A   58    346  TRP B  114       7.4677     1 1 1 1   105     105    0
R    316    31  GLU A   58    370  ARG B  138       8.0687     1 1 1 1    76      76    0
R    323    32  GLN A   59     36  ARG A   63       6.1954     1 1 1 1   115     115    0
R    324    32  GLN A   59    337  SER B  105       7.8472     1 1 0 0   -18      18    0
R    325    32  GLN A   59    340  ASN B  108       9.2748     0 1 0 0   -10      10    0
R    326    32  GLN A   59    341  SER B  109       7.4886     0 1 0 0     0       0    0
R    327    32  GLN A   59    342  SER B  110       7.8284     1 1 1 1   107     107    0
R    328    32  GLN A   59    343  HIS B  111       9.6951     0 1 1 1    20      20    0
R    335    33  GLN A   60     37  GLU A   64       6.1430     1 1 1 1   113     113    0
R    336    33  GLN A   60     40  GLU A   67      10.2887     0 1 1 1    12      12    0
R    337    33  GLN A   60    370  ARG B  138       8.8891     1 1 0 0   -92      92    0
R    344    34  ALA A   61     38  LEU A   65       6.2860     1 1 1 1   133     133    0
R    345    34  ALA A   61    326  ALA B   94       5.1612     1 1 0 0   -70      70    0
R    346    34  ALA A   61    329  GLY B   97       5.3098     1 1 0 0   -54      54    0
R    347    34  ALA A   61    330  GLY B   98       6.1383     1 1 0 0     0       0    0
R    348    34  ALA A   61    331  ALA B   99       5.0572     1 1 0 0   -72      72    0
R    349    34  ALA A   61    370  ARG B  138       9.6334     1 1 0 0  -115     115    0
R    350    35  GLN A   62     31  GLU A   58       8.5111     0 1 1 1     1       1    0
R    357    35  GLN A   62     39  GLY A   66       6.3000     1 1 1 1   112     112    0
R    358    35  GLN A   62    331  ALA B   99       4.2852     1 1 1 1     4       4    0
R    359    35  GLN A   62    332  ASP B  100       6.6055     1 1 1 1   128     128    0
R    360    35  GLN A   62    335  THR B  103       8.4042     1 1 1 1   138     138    0
R    361    35  GLN A   62    336  ASN B  104       7.2552     1 1 0 0     0       0    0
R    362    35  GLN A   62    337  SER B  105       6.3857     1 1 1 0    -9       9    0
R    363    35  GLN A   62    338  THR B  106       6.6225     0 1 1 1     7       7    0
R    364    35  GLN A   62    342  SER B  110       9.4817     0 1 1 0    -8       8    0
R    365    36  ARG A   63     32  GLN A   59       6.1954     1 1 1 0    -9       9    0
R    372    36  ARG A   63     40  GLU A   67       6.0445     1 1 1 1   261     261    0
R    373    36  ARG A   63    337  SER B  105       6.2000     1 1 0 0   -24      24    0
R    374    36  ARG A   63    338  THR B  106       4.1703     1 1 1 1     7       7    0
R    375    37  GLU A   64     33  GLN A   60       6.1430     1 1 1 1    21      21    0
R    382    37  GLU A   64     41  VAL A   68       6.1729     1 1 1 1    72      72    0
R    383    37  GLU A   64    326  ALA B   94       6.2873     0 1 1 1    26      26    0
R    384    38  LEU A   65     34  ALA A   61       6.2860     1 1 1 1    21      21    0
R    391    38  LEU A   65     42  ARG A   69       6.3334     1 1 1 1   124     124    0
R    392    38  LEU A   65     61  ILE A   88       9.5197     1 1 1 1    81      81    0
R    393    38  LEU A   65    323  VAL B   91       6.0274     1 1 1 1   170     170    0
R    394    38  LEU A   65    326  ALA B   94       5.3211     1 1 1 1    62      62    0
R    395    38  LEU A   65    327  LEU B   95       7.5089     0 1 1 1    17      17    0
R    396    38  LEU A   65    331  ALA B   99       6.6346     1 1 1 1    46      46    0
R    397    38  LEU A   65    332  ASP B  100       8.4867     1 1 0 0   -91      91    0
R    398    38  LEU A   65    333  PRO B  101       8.2931     1 1 1 1    44      44    0
R    399    38  LEU A   65    335  THR B  103       9.9110     0 1 0 0   -13      13    0
R    400    39  GLY A   66     35  GLN A   62       6.3000     1 1 1 1    32      32    0
R    407    39  GLY A   66     43  GLU A   70       6.1001     1 1 1 1    82      82    0
R    408    39  GLY A   66    336  ASN B  104       5.9879     0 1 0 0     0       0    0
R    410    39  GLY A   66    338  THR B  106       5.6978     1 1 0 0     0       0    0
R    411    40  GLU A   67     33  GLN A   60      10.2887     0 1 1 1    12      12    0
R    412    40  GLU A   67     36  ARG A   63       6.0445     1 1 1 1   186     186    0
R    419    40  GLU A   67     44  LYS A   71       6.2548     1 1 1 1    61      61    0
R    420    40  GLU A   67    338  THR B  106       7.1725     0 1 1 1    41      41    0
R    421    41  VAL A   68     37  GLU A   64       6.1729     1 1 1 0   -14      14    0
R    428    41  VAL A   68     45  PHE A   72       6.1571     1 1 1 1    90      90    0
R    429    41  VAL A   68    319  LEU B   87       7.2712     1 1 1 1   127     127    0
R    430    41  VAL A   68    322  GLU B   90       6.9738     1 1 1 1    94      94    0
R    431    41  VAL A   68    323  VAL B   91       7.0851     1 1 1 1    66      66    0
R    432    41  VAL A   68    326  ALA B   94       8.8541     0 1 1 1     4       4    0
R    433    42  ARG A   69     38  LEU A   65       6.3334     1 1 1 1     1       1    0
R    440    42  ARG A   69     46  LEU A   73       6.1983     1 1 1 1    48      48    0
R    441    42  ARG A   69     54  ASP A   81       7.8117     1 1 1 1   158     158    0
R    442    42  ARG A   69     57  LEU A   84       7.2345     1 1 1 1    39      39    0
R    443    42  ARG A   69     58  GLY A   85       8.4201     0 1 0 0     0       0    0
R    444    42  ARG A   69     61  ILE A   88       9.0747     1 1 1 1    93      93    0
R    445    42  ARG A   69    319  LEU B   87       8.3259     0 1 0 0     0       0    0
R    446    42  ARG A   69    336  ASN B  104       9.3550     1 1 1 1    55      55    0
R    447    42  ARG A   69    338  THR B  106      10.3635     0 1 1 1     5       5    0
R    448    43  GLU A   70     39  GLY A   66       6.1001     1 1 1 0   -52      52    0
R    455    43  GLU A   70     47  ARG A   74       6.2280     1 1 1 1   183     183    0
R    456    43  GLU A   70    338  THR B  106       9.8525     1 1 1 0  -118     118    0
R    457    44  LYS A   71     40  GLU A   67       6.2548     1 1 1 0   -28      28    0
R    464    44  LYS A   71     48  ALA A   75       6.1329     1 1 1 1    69      69    0
R    465    44  LYS A   71    322  GLU B   90      11.3709     0 1 1 1    24      24    0
R    466    45  PHE A   72     41  VAL A   68       6.1571     1 1 1 0   -28      28    0
R    473    45  PHE A   72     49  HIS A   76       5.9294     1 1 1 1   204     204    0
R    474    45  PHE A   72     52  VAL A   79       8.5086     1 1 1 1    68      68    0
R    475    45  PHE A   72     57  LEU A   84       8.5452     1 1 1 1   147     147    0
R    476    45  PHE A   72    304  PHE B   72      13.4113     1 1 1 1    67      67    0
R    477    45  PHE A   72    311  VAL B   79       9.4583     1 1 1 1   112     112    0
R    478    45  PHE A   72    315  GLU B   83       9.1740     0 1 0 0   -35      35    0
R    479    45  PHE A   72    316  LEU B   84       9.1156     0 1 1 1     5       5    0
R    480    45  PHE A   72    319  LEU B   87       7.5176     1 1 1 1   198     198    0
R    481    46  LEU A   73     42  ARG A   69       6.1983     1 1 1 0   -72      72    0
R    488    46  LEU A   73     50  PRO A   77       5.9827     0 1 0 0   -23      23    0
R    489    46  LEU A   73     52  VAL A   79       6.2740     1 1 1 0   -92      92    0
R    490    46  LEU A   73     53  SER A   80       7.1726     1 1 0 0   -63      63    0
R    491    46  LEU A   73     54  ASP A   81       6.8384     1 1 1 0   -27      27    0
R    492    46  LEU A   73     57  LEU A   84       7.9935     1 1 1 1    62      62    0
R    493    47  ARG A   74     43  GLU A   70       6.2280     1 1 1 1    68      68    0
R    500    48  ALA A   75     44  LYS A   71       6.1329     1 1 1 0   -44      44    0
R    506    48  ALA A   75    310  CYS B   78       8.7473     0 1 0 0    -2       2    0
R    507    48  ALA A   75    315  GLU B   83      10.0496     0 1 0 0    -2       2    0
R    508    49  HIS A   76     45  PHE A   72       5.9294     1 1 1 1    14      14    0
R    515    49  HIS A   76    310  CYS B   78       5.8231     1 1 1 1    67      67    0
R    516    49  HIS A   76    311  VAL B   79       6.4537     1 1 1 1    15      15    0
R    517    49  HIS A   76    315  GLU B   83       9.8647     1 1 1 0  -126     126    0
R    518    50  PRO A   77     46  LEU A   73       5.9827     0 1 0 0   -37      37    0
R    524    50  PRO A   77    310  CYS B   78       7.3765     1 1 1 1    19      19    0
R    529    51  CYS A   78     56  GLU A   83       9.7417     0 1 0 0   -20      20    0
R    530    51  CYS A   78    308  HIS B   76       6.0214     1 1 1 1    81      81    0
R    531    51  CYS A   78    309  PRO B   77       7.6008     1 1 1 1    25      25    0
R    532    51  CYS A   78    310  CYS B   78       6.4334     1 1 1 1     6       6    0
R    533    52  VAL A   79     45  PHE A   72       8.5086     1 1 1 1    61      61    0
R    534    52  VAL A   79     46  LEU A   73       6.2740     1 1 1 0   -70      70    0
R    539    52  VAL A   79     56  GLU A   83       6.3052     1 1 1 1    13      13    0
R    540    52  VAL A   79     57  LEU A   84       6.6127     1 1 1 1    76      76    0
R    541    52  VAL A   79    304  PHE B   72       9.7424     1 1 1 1    76      76    0
R    542    52  VAL A   79    308  HIS B   76       6.6045     1 1 1 1   104     104    0
R    543    52  VAL A   79    311  VAL B   79       9.1027     1 1 1 1    11      11    0
R    544    53  SER A   80     46  LEU A   73       7.1726     1 1 0 0    -1       1    0
R    550    53  SER A   80     57  LEU A   84       6.3707     1 1 1 1    97      97    0
R    551    54  ASP A   81     42  ARG A   69       7.8117     1 1 1 1   194     194    0
R    552    54  ASP A   81     46  LEU A   73       6.8384     1 1 1 1    18      18    0
R    557    54  ASP A   81     58  GLY A   85       6.1124     1 1 1 1   130     130    0
R    558    54  ASP A   81    336  ASN B  104      10.6309     0 1 0 0   -65      65    0
R    564    55  GLN A   82     59  LEU A   86       6.6557     1 1 1 0   -18      18    0
R    565    56  GLU A   83     51  CYS A   78       9.7417     0 1 0 0   -20      20    0
R    566    56  GLU A   83     52  VAL A   79       6.3052     1 1 1 1     9       9    0
R    573    56  GLU A   83     60  LEU A   87       6.5105     1 1 1 1    77      77    0
R    574    56  GLU A   83    304  PHE B   72       9.2256     0 1 0 0   -30      30    0
R    575    56  GLU A   83    307  ALA B   75       9.9646     0 1 0 0    -3       3    0
R    576    56  GLU A   83    308  HIS B   76       9.8025     1 1 1 0  -154     154    0
R    577    57  LEU A   84     42  ARG A   69       7.2345     1 1 1 0    -6       6    0
R    578    57  LEU A   84     45  PHE A   72       8.5452     1 1 1 1   137     137    0
R    579    57  LEU A   84     46  LEU A   73       7.9935     1 1 1 1    74      74    0
R    580    57  LEU A   84     52  VAL A   79       6.6127     1 1 1 1    25      25    0
R    581    57  LEU A   84     53  SER A   80       6.3707     1 1 1 0   -15      15    0
R    588    57  LEU A   84     61  ILE A   88       6.3806     1 1 1 1    77      77    0
R    589    57  LEU A   84    304  PHE B   72       9.3102     0 1 1 1     9       9    0
R    590    57  LEU A   84    319  LEU B   87      10.2082     1 1 1 1   105     105    0
R    591    58  GLY A   85     42  ARG A   69       8.4201     0 1 0 0     0       0    0
R    592    58  GLY A   85     54  ASP A   81       6.1124     1 1 1 1    48      48    0
R    599    58  GLY A   85     62  LYS A   89       6.4858     1 1 1 1    53      53    0
R    600    58  GLY A   85    333  PRO B  101       7.5533     0 1 0 0    -6       6    0
R    601    59  LEU A   86     55  GLN A   82       6.6557     1 1 1 0   -57      57    0
R    608    59  LEU A   86     63  GLU A   90       6.0331     1 1 1 1    53      53    0
R    609    60  LEU A   87     56  GLU A   83       6.5105     1 1 1 0   -21      21    0
R    616    60  LEU A   87     64  VAL A   91       5.8621     1 1 1 1   203     203    0
R    617    60  LEU A   87    300  VAL B   68       7.4543     1 1 1 1   127     127    0
R    618    60  LEU A   87    301  ARG B   69       8.3997     0 1 0 0    -2       2    0
R    619    60  LEU A   87    304  PHE B   72       7.6952     1 1 1 1   150     150    0
R    620    60  LEU A   87    316  LEU B   84      10.3274     1 1 1 1    70      70    0
R    621    60  LEU A   87    319  LEU B   87      10.1407     1 1 1 1   148     148    0
R    622    60  LEU A   87    320  ILE B   88       9.0973     0 1 1 1    10      10    0
R    623    61  ILE A   88     38  LEU A   65       9.5197     1 1 1 1    72      72    0
R    624    61  ILE A   88     42  ARG A   69       9.0747     1 1 1 1   145     145    0
R    625    61  ILE A   88     57  LEU A   84       6.3806     1 1 1 0   -14      14    0
R    632    61  ILE A   88     65  ALA A   92       5.7734     1 1 1 1   167     167    0
R    633    61  ILE A   88    319  LEU B   87       9.2457     0 1 1 1     2       2    0
R    634    61  ILE A   88    323  VAL B   91       7.0196     1 1 1 1   172     172    0
R    635    61  ILE A   88    327  LEU B   95       9.2919     0 1 1 1     4       4    0
R    636    61  ILE A   88    333  PRO B  101       6.1573     1 1 1 1   115     115    0
R    637    62  LYS A   89     58  GLY A   85       6.4858     1 1 1 1     6       6    0
R    644    62  LYS A   89     66  ASP A   93       6.2165     1 1 1 1   103     103    0
R    645    62  LYS A   89    333  PRO B  101       5.5262     1 1 1 1    36      36    0
R    646    62  LYS A   89    334  GLU B  102       7.1412     1 1 0 0   -99      99    0
R    647    63  GLU A   90     59  LEU A   86       6.0331     1 1 1 0   -49      49    0
R    654    63  GLU A   90     67  ALA A   94       6.3922     1 1 1 1    85      85    0
R    655    63  GLU A   90    300  VAL B   68       7.0968     1 1 1 0   -79      79    0
R    656    63  GLU A   90    303  LYS B   71      11.2697     0 1 1 1    80      80    0
R    657    64  VAL A   91     60  LEU A   87       5.8621     1 1 1 1    71      71    0
R    664    64  VAL A   91     68  LEU A   95       6.1971     1 1 1 1   204     204    0
R    665    64  VAL A   91    297  LEU B   65       6.0801     1 1 1 1    66      66    0
R    666    64  VAL A   91    300  VAL B   68       7.3026     1 1 1 1    19      19    0
R    667    64  VAL A   91    320  ILE B   88       7.0864     1 1 1 1   160     160    0
R    668    64  VAL A   91    323  VAL B   91       8.1971     1 1 1 1    68      68    0
R    669    65  ALA A   92     61  ILE A   88       5.7734     1 1 1 0    -8       8    0
R    676    65  ALA A   92     69  GLY A   96       5.8129     1 1 1 1   178     178    0
R    677    65  ALA A   92    327  LEU B   95       7.2261     1 1 1 1    45      45    0
R    678    65  ALA A   92    333  PRO B  101       7.0812     1 1 1 1   125     125    0
R    679    66  ASP A   93     62  LYS A   89       6.2165     1 1 1 0   -72      72    0
R    686    66  ASP A   93     70  GLY A   97       6.2100     1 1 1 1   130     130    0
R    687    67  ALA A   94     63  GLU A   90       6.3922     1 1 1 0    -6       6    0
R    694    67  ALA A   94     71  GLY A   98       6.5860     1 1 1 1     4       4    0
R    695    67  ALA A   94     72  ALA A   99       5.4733     1 1 1 1    98      98    0
R    696    67  ALA A   94    293  ALA B   61       4.9379     1 1 0 0   -87      87    0
R    697    67  ALA A   94    296  GLU B   64       6.1683     0 1 1 1    14      14    0
R    698    67  ALA A   94    297  LEU B   65       5.3002     1 1 1 1   100     100    0
R    700    68  LEU A   95     64  VAL A   91       6.1971     1 1 1 1   120     120    0
R    707    68  LEU A   95     72  ALA A   99       4.3962     1 1 1 0   -69      69    0
R    708    68  LEU A   95     74  PRO A  101       8.0382     1 1 1 1   123     123    0
R    709    68  LEU A   95    297  LEU B   65       7.5993     0 1 1 1    28      28    0
R    710    68  LEU A   95    320  ILE B   88       9.6863     0 1 1 1     3       3    0
R    711    68  LEU A   95    324  ALA B   92       7.2802     1 1 1 1    13      13    0
R    712    68  LEU A   95    327  LEU B   95       9.0327     1 1 1 1   109     109    0
R    713    69  GLY A   96     65  ALA A   92       5.8129     1 1 1 1    46      46    0
R    719    69  GLY A   96    111  ARG A  138       8.7890     1 1 1 1   102     102    0
R    720    70  GLY A   97     66  ASP A   93       6.2100     1 1 1 1    49      49    0
R    726    70  GLY A   97    111  ARG A  138       6.7449     1 1 0 0   -35      35    0
R    727    70  GLY A   97    289  HIS B   57       7.0348     1 1 1 1    40      40    0
R    728    70  GLY A   97    290  GLU B   58       5.9194     1 1 0 0     0       0    0
R    729    70  GLY A   97    293  ALA B   61       5.1253     1 1 0 0   -73      73    0
R    730    71  GLY A   98     67  ALA A   94       6.5860     1 0 0 0     0       0    0
R    736    71  GLY A   98     84  HIS A  111       9.9637     0 1 1 1    53      53    0
R    737    71  GLY A   98     86  ALA A  113       7.9479     0 1 0 0    -9       9    0
R    738    71  GLY A   98    108  VAL A  135       7.1545     0 1 0 0     0       0    0
R    739    71  GLY A   98    111  ARG A  138       8.3247     0 1 0 0     0       0    0
R    740    71  GLY A   98    290  GLU B   58       5.0687     1 1 0 0   -94      94    0
R    741    71  GLY A   98    293  ALA B   61       6.1927     1 0 0 0     0       0    0
R    742    72  ALA A   99     67  ALA A   94       5.4733     1 1 1 0   -37      37    0
R    743    72  ALA A   99     68  LEU A   95       4.3962     1 1 1 0   -96      96    0
R    747    72  ALA A   99     84  HIS A  111       8.7021     1 0 0 0     0       0    0
R    748    72  ALA A   99    290  GLU B   58       6.3044     0 1 0 0     0       0    0
R    749    72  ALA A   99    293  ALA B   61       5.3277     1 1 0 0   -90      90    0
R    750    72  ALA A   99    294  GLN B   62       4.4484     1 1 0 0    -2       2    0
R    751    72  ALA A   99    297  LEU B   65       6.8184     1 1 1 1    61      61    0
R    756    73  ASP A  100     78  SER A  105       7.1814     0 1 0 0   -22      22    0
R    757    73  ASP A  100     84  HIS A  111       6.7526     1 1 1 0  -129     129    0
R    758    73  ASP A  100     86  ALA A  113       9.2914     0 1 0 0   -10      10    0
R    759    73  ASP A  100    294  GLN B   62       6.8894     1 1 1 1   128     128    0
R    760    73  ASP A  100    297  LEU B   65       8.5555     1 1 0 0   -17      17    0
R    761    74  PRO A  101     68  LEU A   95       8.0382     1 1 1 1    78      78    0
R    766    74  PRO A  101     78  SER A  105       7.0958     1 1 1 1   130     130    0
R    767    74  PRO A  101    297  LEU B   65       8.3949     1 1 1 1    20      20    0
R    768    74  PRO A  101    317  GLY B   85       7.5405     0 1 0 0    -4       4    0
R    769    74  PRO A  101    320  ILE B   88       6.5307     1 1 1 1    92      92    0
R    770    74  PRO A  101    321  LYS B   89       5.6241     1 1 1 1    61      61    0
R    771    74  PRO A  101    324  ALA B   92       7.3406     1 1 1 1   129     129    0
R    772    74  PRO A  101    325  ASP B   93       9.5656     0 1 0 0    -1       1    0
R    778    75  GLU A  102     79  THR A  106       5.6998     0 1 1 0   -31      31    0
R    779    75  GLU A  102    294  GLN B   62       8.9835     1 1 1 0   -70      70    0
R    780    75  GLU A  102    297  LEU B   65       9.4850     0 1 1 1    20      20    0
R    781    75  GLU A  102    298  GLY B   66       8.8525     0 1 0 0     0       0    0
R    782    75  GLU A  102    301  ARG B   69      11.0142     1 1 1 1   144     144    0
R    783    75  GLU A  102    317  GLY B   85       7.6138     0 1 0 0     0       0    0
R    788    76  THR A  103    317  GLY B   85       6.9328     0 1 0 0   -63      63    0
R    789    76  THR A  103    318  LEU B   86       8.5266     0 1 1 1    17      17    0
R    790    76  THR A  103    321  LYS B   89       8.6871     0 1 1 1    13      13    0
R    795    77  ASN A  104     83  SER A  110       9.3761     0 1 1 1     4       4    0
R    796    78  SER A  105     73  ASP A  100       7.1814     0 1 0 0    -5       5    0
R    797    78  SER A  105     74  PRO A  101       7.0958     1 1 1 1   152     152    0
R    802    78  SER A  105     83  SER A  110       6.4282     0 1 0 0     0       0    0
R    803    78  SER A  105     84  HIS A  111       5.1113     1 1 1 1    38      38    0
R    804    79  THR A  106     75  GLU A  102       5.6998     0 1 1 0   -31      31    0
R    810    79  THR A  106     83  SER A  110       5.8794     1 1 1 1    83      83    0
R    811    79  THR A  106     84  HIS A  111       5.1562     1 1 1 1   123     123    0
R    812    79  THR A  106     85  SER A  112       7.2083     1 0 0 0     0       0    0
R    813    79  THR A  106    294  GLN B   62       8.7880     0 1 0 0     0       0    0
R    817    80  SER A  107     84  HIS A  111       5.0096     0 1 0 0    -2       2    0
R    818    80  SER A  107     85  SER A  112       4.6909     1 1 0 0     0       0    0
R    819    80  SER A  107    290  GLU B   58       8.9287     0 1 0 0     0       0    0
R    820    80  SER A  107    291  GLN B   59       6.8485     1 1 1 0   -31      31    0
R    821    80  SER A  107    294  GLN B   62       7.5914     1 1 1 0   -80      80    0
R    825    81  ASN A  108     85  SER A  112       5.6828     1 1 0 0     0       0    0
R    826    81  ASN A  108    287  GLN B   55       9.3458     0 1 0 0     0       0    0
R    827    81  ASN A  108    291  GLN B   59       7.8770     1 1 1 1    86      86    0
R    834    82  SER A  109     88  ASP A  115       5.5061     1 1 1 0   -31      31    0
R    835    82  SER A  109    223  PRO A  250       8.1347     0 1 0 0     0       0    0
R    836    82  SER A  109    287  GLN B   55      10.3164     0 1 0 0    -9       9    0
R    837    83  SER A  110     77  ASN A  104       9.3761     0 1 1 1     4       4    0
R    838    83  SER A  110     78  SER A  105       6.4282     0 1 0 0     0       0    0
R    839    83  SER A  110     79  THR A  106       5.8794     1 1 1 1    99      99    0
R    845    83  SER A  110     88  ASP A  115       8.0423     0 1 1 1     4       4    0
R    846    83  SER A  110    222  ASP A  249       7.2835     1 1 0 0  -149     149    0
R    847    83  SER A  110    223  PRO A  250       6.8892     0 1 1 0   -13      13    0
R    848    84  HIS A  111     71  GLY A   98       9.9637     0 1 1 1    17      17    0
R    849    84  HIS A  111     72  ALA A   99       8.7021     1 1 0 0     0       0    0
R    850    84  HIS A  111     73  ASP A  100       6.7526     1 1 1 0   -45      45    0
R    851    84  HIS A  111     78  SER A  105       5.1113     1 1 1 1    42      42    0
R    852    84  HIS A  111     79  THR A  106       5.1562     1 1 1 0   -69      69    0
R    853    84  HIS A  111     80  SER A  107       5.0096     0 1 0 0    -1       1    0
R    858    84  HIS A  111    222  ASP A  249       7.6738     0 1 1 0    -7       7    0
R    859    84  HIS A  111    290  GLU B   58      10.3895     0 1 1 0    -8       8    0
R    860    84  HIS A  111    294  GLN B   62      10.0554     0 1 0 0   -40      40    0
R    861    85  SER A  112     79  THR A  106       7.2083     1 1 1 1     7       7    0
R    862    85  SER A  112     80  SER A  107       4.6909     1 1 0 0     0       0    0
R    863    85  SER A  112     81  ASN A  108       5.6828     1 1 0 0     0       0    0
R    870    85  SER A  112    222  ASP A  249       8.2855     1 1 0 0   -28      28    0
R    871    85  SER A  112    287  GLN B   55       7.8306     1 1 1 1   155     155    0
R    872    85  SER A  112    290  GLU B   58       7.9319     1 1 1 1    59      59    0
R    873    85  SER A  112    291  GLN B   59       7.8106     0 1 1 1     5       5    0
R    874    86  ALA A  113     71  GLY A   98       7.9479     0 1 0 0    -6       6    0
R    875    86  ALA A  113     73  ASP A  100       9.2914     0 1 0 0    -9       9    0
R    880    86  ALA A  113     91  SER A  118       5.3093     1 1 0 0    -6       6    0
R    882    86  ALA A  113    108  VAL A  135       7.0759     1 1 1 1   121     121    0
R    883    86  ALA A  113    222  ASP A  249       7.5107     0 1 0 0     0       0    0
R    884    86  ALA A  113    290  GLU B   58       7.9770     1 1 1 0   -20      20    0
R    888    87  TRP A  114     92  ALA A  119       4.8502     1 1 1 1    39      39    0
R    889    87  TRP A  114     95  PHE A  122       8.4597     1 1 1 1   204     204    0
R    890    87  TRP A  114    108  VAL A  135       8.8710     1 1 1 1     6       6    0
R    891    87  TRP A  114    109  ALA A  136      10.3706     0 1 1 0   -25      25    0
R    892    87  TRP A  114    110  LEU A  137       9.9168     1 1 1 1   119     119    0
R    893    87  TRP A  114    282  PHE B   50       7.0556     1 1 1 1   116     116    0
R    894    87  TRP A  114    283  ARG B   51       4.8354     1 1 0 0  -165     165    0
R    895    87  TRP A  114    286  GLU B   54       6.5981     1 1 1 1    71      71    0
R    896    87  TRP A  114    287  GLN B   55       5.1162     1 1 1 1   105     105    0
R    897    87  TRP A  114    290  GLU B   58       7.7753     1 1 1 1     6       6    0
R    898    88  ASP A  115     82  SER A  109       5.5061     1 1 1 0   -11      11    0
R    899    88  ASP A  115     83  SER A  110       8.0423     0 1 1 1    14      14    0
R    906    88  ASP A  115     92  ALA A  119       5.9745     1 1 1 1   113     113    0
R    908    88  ASP A  115    223  PRO A  250       9.1712     1 1 0 0  -166     166    0
R    909    88  ASP A  115    283  ARG B   51       6.3298     0 1 0 0     0       0    0
R    910    88  ASP A  115    287  GLN B   55       7.3773     1 1 0 0    -7       7    0
R    916    89  LEU A  116     93  PHE A  120       5.8615     1 1 1 1   109     109    0
R    917    89  LEU A  116    276  VAL B   44       7.8976     0 1 1 1    10      10    0
R    918    89  LEU A  116    279  ALA B   47       5.6445     1 1 1 1    16      16    0
R    919    89  LEU A  116    280  LEU B   48       6.4895     1 1 1 1    58      58    0
R    920    89  LEU A  116    283  ARG B   51       6.6234     1 1 1 0  -118     118    0
R    926    90  GLY A  117     94  PHE A  121       6.3246     1 1 1 1    97      97    0
R    927    90  GLY A  117    221  ALA A  248       6.7266     0 1 0 0   -13      13    0
R    928    90  GLY A  117    223  PRO A  250       6.7399     0 1 0 0    -2       2    0
R    929    90  GLY A  117    235  TRP A  262      10.4330     0 1 0 0   -34      34    0
R    931    91  SER A  118     86  ALA A  113       5.3093     1 1 0 0    -8       8    0
R    938    91  SER A  118     95  PHE A  122       5.9885     1 1 1 1   142     142    0
R    939    91  SER A  118    108  VAL A  135       9.2552     0 1 0 0     0       0    0
R    940    91  SER A  118    220  GLY A  247       7.4277     0 1 1 1     6       6    0
R    941    91  SER A  118    221  ALA A  248       5.8400     1 1 1 1    51      51    0
R    942    91  SER A  118    222  ASP A  249       5.8360     1 1 1 1   102     102    0
R    943    91  SER A  118    223  PRO A  250       8.1012     0 1 0 0    -1       1    0
R    945    92  ALA A  119     87  TRP A  114       4.8502     1 1 1 1    49      49    0
R    946    92  ALA A  119     88  ASP A  115       5.9745     1 1 1 0   -29      29    0
R    953    92  ALA A  119     96  SER A  123       6.1062     1 1 1 1   230     230    0
R    954    92  ALA A  119    279  ALA B   47       4.3764     1 1 0 0  -114     114    0
R    955    92  ALA A  119    282  PHE B   50       6.1682     1 1 1 0    -3       3    0
R    956    92  ALA A  119    283  ARG B   51       5.9687     1 1 1 0   -23      23    0
R    957    93  PHE A  120     89  LEU A  116       5.8615     1 1 1 0   -35      35    0
R    964    93  PHE A  120     97  GLY A  124       6.3103     1 1 1 1   106     106    0
R    965    93  PHE A  120    235  TRP A  262       9.5992     1 1 1 1   209     209    0
R    966    93  PHE A  120    272  LEU B   40       9.2012     1 1 1 1    55      55    0
R    967    93  PHE A  120    275  LEU B   43       5.6499     1 1 1 1   196     196    0
R    968    93  PHE A  120    276  VAL B   44       5.8439     1 1 1 1    11      11    0
R    969    93  PHE A  120    279  ALA B   47       4.2920     1 1 1 1    16      16    0
R    970    94  PHE A  121     90  GLY A  117       6.3246     1 1 1 1    10      10    0
R    977    94  PHE A  121     98  THR A  125       6.4180     1 1 1 1   129     129    0
R    978    94  PHE A  121    105  TYR A  132      10.3200     1 1 1 1   116     116    0
R    979    94  PHE A  121    107  ASN A  134      11.4652     0 1 0 0   -29      29    0
R    980    94  PHE A  121    218  VAL A  245      10.9718     1 1 1 1    96      96    0
R    981    94  PHE A  121    219  ALA A  246      10.3192     0 1 1 1     3       3    0
R    982    94  PHE A  121    220  GLY A  247       7.7420     1 1 0 0   -82      82    0
R    983    94  PHE A  121    221  ALA A  248       6.1584     1 1 1 1   150     150    0
R    984    94  PHE A  121    234  VAL A  261       9.9444     0 1 1 1    27      27    0
R    985    94  PHE A  121    235  TRP A  262       7.4493     1 1 1 1    45      45    0
R    986    94  PHE A  121    238  ILE A  265      11.0414     0 1 1 1    81      81    0
R    987    95  PHE A  122     87  TRP A  114       8.4597     1 1 1 1   144     144    0
R    988    95  PHE A  122     91  SER A  118       5.9885     1 1 1 0    -7       7    0
R    995    95  PHE A  122     99  ILE A  126       6.7155     1 1 1 1    77      77    0
R    996    95  PHE A  122    106  GLY A  133       8.4594     0 1 0 0    -1       1    0
R    997    95  PHE A  122    108  VAL A  135       7.9464     1 1 1 0   -98      98    0
R    998    95  PHE A  122    109  ALA A  136       9.1293     0 1 0 0     0       0    0
R    999    95  PHE A  122    110  LEU A  137       9.9919     1 1 1 1   120     120    0
R   1000    95  PHE A  122    282  PHE B   50       8.5398     1 1 1 1   104     104    0
R   1001    95  PHE A  122    473  PHE B  241      10.5887     1 1 1 1   164     164    0
R   1002    96  SER A  123     92  ALA A  119       6.1062     1 1 1 1   110     110    0
R   1009    96  SER A  123    100  ILE A  127       6.7191     1 1 1 1    57      57    0
R   1010    96  SER A  123    122  TYR A  149       8.2193     1 1 0 0   -23      23    0
R   1011    96  SER A  123    275  LEU B   43       5.7314     1 1 0 0   -31      31    0
R   1012    96  SER A  123    278  GLY B   46       5.7781     1 1 0 0     0       0    0
R   1013    96  SER A  123    279  ALA B   47       6.1717     1 1 1 1    91      91    0
R   1014    96  SER A  123    282  PHE B   50       7.9962     1 1 0 0   -46      46    0
R   1015    97  GLY A  124     93  PHE A  120       6.3103     1 1 1 1    33      33    0
R   1022    97  GLY A  124    101  THR A  128       6.0009     1 1 1 1   116     116    0
R   1023    97  GLY A  124    275  LEU B   43       6.5102     1 1 0 0    -2       2    0
R   1024    98  THR A  125     94  PHE A  121       6.4180     1 1 1 1    57      57    0
R   1031    98  THR A  125    102  THR A  129       5.9311     1 1 1 1     2       2    0
R   1032    98  THR A  125    103  ILE A  130       5.0710     1 1 1 1    73      73    0
R   1033    98  THR A  125    104  GLY A  131       4.6577     1 1 1 1   137     137    0
R   1034    98  THR A  125    105  TYR A  132       6.5646     1 1 1 1   123     123    0
R   1035    98  THR A  125    107  ASN A  134      10.4581     0 1 0 0    -2       2    0
R   1036    98  THR A  125    471  VAL B  239       7.6611     1 0 0 0     0       0    0
R   1037    98  THR A  125    473  PHE B  241       9.1442     0 1 0 0   -81      81    0
R   1038    99  ILE A  126     95  PHE A  122       6.7155     1 1 1 1     5       5    0
R   1045    99  ILE A  126    119  CYS A  146       7.9159     1 1 0 0    -8       8    0
R   1046    99  ILE A  126    122  TYR A  149       7.9572     1 1 1 1    61      61    0
R   1047    99  ILE A  126    123  ALA A  150       6.0072     1 1 1 1   133     133    0
R   1048    99  ILE A  126    127  ILE A  154       7.1032     1 1 0 0   -51      51    0
R   1049    99  ILE A  126    282  PHE B   50      11.7721     1 1 1 1   165     165    0
R   1050    99  ILE A  126    471  VAL B  239       6.0736     1 1 1 1     5       5    0
R   1051    99  ILE A  126    473  PHE B  241       8.7826     1 1 1 1    86      86    0
R   1052   100  ILE A  127     96  SER A  123       6.7191     1 1 1 0   -48      48    0
R   1058   100  ILE A  127    122  TYR A  149       8.0402     1 1 1 1    77      77    0
R   1059   100  ILE A  127    126  GLY A  153       5.0358     1 1 0 0   -36      36    0
R   1060   100  ILE A  127    127  ILE A  154       4.1008     1 1 0 0   -17      17    0
R   1061   100  ILE A  127    129  LEU A  156       7.9923     0 1 1 1     3       3    0
R   1062   100  ILE A  127    130  PHE A  157       6.1329     1 1 1 1    61      61    0
R   1063   100  ILE A  127    271  VAL B   39       9.3636     1 1 1 1    45      45    0
R   1064   100  ILE A  127    274  TYR B   42       9.7063     1 1 1 1    31      31    0
R   1065   100  ILE A  127    275  LEU B   43       8.6681     1 1 1 1   153     153    0
R   1066   101  THR A  128     97  GLY A  124       6.0009     1 1 1 1    21      21    0
R   1072   101  THR A  128    130  PHE A  157       7.0311     1 1 1 1    99      99    0
R   1073   101  THR A  128    211  THR A  238       7.1038     1 1 0 0   -86      86    0
R   1074   101  THR A  128    238  ILE A  265       8.7208     1 1 1 1    24      24    0
R   1076   101  THR A  128    242  LEU A  269       8.5829     1 1 1 1    43      43    0
R   1077   102  THR A  129     98  THR A  125       5.9311     1 1 1 1     1       1    0
R   1083   102  THR A  129    127  ILE A  154       6.8803     1 1 1 1   197     197    0
R   1084   102  THR A  129    211  THR A  238       6.0735     1 1 1 0   -45      45    0
R   1085   102  THR A  129    469  THR B  237       6.8220     1 1 0 0   -46      46    0
R   1086   102  THR A  129    470  THR B  238       5.9660     1 1 1 0   -42      42    0
R   1087   102  THR A  129    471  VAL B  239       4.1460     1 1 0 0     0       0    0
R   1088   103  ILE A  130     98  THR A  125       5.0710     1 1 1 1     8       8    0
R   1093   103  ILE A  130    208  THR A  235       6.4462     1 1 1 0   -69      69    0
R   1094   103  ILE A  130    211  THR A  238       4.1768     1 1 1 1     4       4    0
R   1095   103  ILE A  130    212  VAL A  239       5.7364     1 1 0 0   -51      51    0
R   1096   103  ILE A  130    213  GLY A  240       4.5977     1 1 0 0   -76      76    0
R   1097   103  ILE A  130    238  ILE A  265       9.9973     1 1 1 1   138     138    0
R   1098   103  ILE A  130    242  LEU A  269      10.4822     1 1 1 1     8       8    0
R   1099   103  ILE A  130    471  VAL B  239       5.4458     1 1 0 0   -57      57    0
R   1100   104  GLY A  131     98  THR A  125       4.6577     1 1 1 1    62      62    0
R   1105   104  GLY A  131    213  GLY A  240       5.8485     1 1 0 0   -24      24    0
R   1106   104  GLY A  131    471  VAL B  239       4.5771     1 1 0 0   -15      15    0
R   1107   104  GLY A  131    472  GLY B  240       5.8857     0 1 0 0   -12      12    0
R   1108   104  GLY A  131    473  PHE B  241       4.8464     1 1 0 0     0       0    0
R   1109   105  TYR A  132     94  PHE A  121      10.3200     1 1 1 1   114     114    0
R   1110   105  TYR A  132     98  THR A  125       6.5646     1 1 1 1   106     106    0
R   1115   105  TYR A  132    204  PHE A  231      10.6708     1 1 1 1    16      16    0
R   1116   105  TYR A  132    207  VAL A  234       9.7426     0 1 1 1    10      10    0
R   1117   105  TYR A  132    208  THR A  235       8.5097     1 1 1 1     5       5    0
R   1118   105  TYR A  132    213  GLY A  240       4.8201     1 1 0 0     0       0    0
R   1119   105  TYR A  132    214  PHE A  241       5.5332     1 1 0 0  -126     126    0
R   1120   105  TYR A  132    215  GLY A  242       3.9608     1 1 0 0   -13      13    0
R   1121   105  TYR A  132    217  TYR A  244       8.4167     0 1 0 0   -16      16    0
R   1122   105  TYR A  132    218  VAL A  245       7.3471     1 1 1 1    91      91    0
R   1123   105  TYR A  132    238  ILE A  265      13.0117     0 1 1 0   -12      12    0
R   1124   105  TYR A  132    473  PHE B  241       5.8144     0 1 0 0   -25      25    0
R   1125   106  GLY A  133     95  PHE A  122       8.4594     0 1 0 0    -2       2    0
R   1132   106  GLY A  133    473  PHE B  241       4.4202     1 1 0 0   -16      16    0
R   1133   106  GLY A  133    475  ASP B  243       6.6897     0 1 1 0    -4       4    0
R   1134   107  ASN A  134     94  PHE A  121      11.4652     0 1 0 0   -30      30    0
R   1135   107  ASN A  134     98  THR A  125      10.4581     0 1 0 0    -2       2    0
R   1139   107  ASN A  134    215  GLY A  242       5.2535     1 1 0 0   -38      38    0
R   1140   107  ASN A  134    218  VAL A  245       7.4999     1 1 1 0   -49      49    0
R   1141   107  ASN A  134    220  GLY A  247       8.6557     0 1 1 1     4       4    0
R   1142   108  VAL A  135     71  GLY A   98       7.1545     0 1 0 0     0       0    0
R   1143   108  VAL A  135     86  ALA A  113       7.0759     1 1 1 1   113     113    0
R   1144   108  VAL A  135     87  TRP A  114       8.8710     1 1 1 0   -86      86    0
R   1145   108  VAL A  135     91  SER A  118       9.2552     0 1 0 0     0       0    0
R   1146   108  VAL A  135     95  PHE A  122       7.9464     1 1 1 0  -116     116    0
R   1150   109  ALA A  136     87  TRP A  114      10.3706     0 1 1 0   -32      32    0
R   1151   109  ALA A  136     95  PHE A  122       9.1293     0 1 0 0     0       0    0
R   1156   109  ALA A  136    286  GLU B   54       9.4112     0 1 0 0    -6       6    0
R   1157   109  ALA A  136    473  PHE B  241       7.4172     0 1 1 1     3       3    0
R   1158   109  ALA A  136    475  ASP B  243       6.3240     1 1 1 1   123     123    0
R   1159   110  LEU A  137     87  TRP A  114       9.9168     1 1 1 1   116     116    0
R   1160   110  LEU A  137     95  PHE A  122       9.9919     1 1 1 1   101     101    0
R   1164   110  LEU A  137    115  GLY A  142       6.1477     1 1 0 0   -88      88    0
R   1165   110  LEU A  137    116  ARG A  143       6.4362     1 1 1 1   163     163    0
R   1166   110  LEU A  137    119  CYS A  146       8.8779     1 1 1 1    75      75    0
R   1167   110  LEU A  137    282  PHE B   50       8.6221     1 1 1 1    43      43    0
R   1168   110  LEU A  137    286  GLU B   54       6.6889     1 1 1 1    61      61    0
R   1169   110  LEU A  137    462  TYR B  230      10.8348     1 1 1 0   -93      93    0
R   1170   110  LEU A  137    473  PHE B  241       9.5915     0 1 1 1     1       1    0
R   1171   110  LEU A  137    475  ASP B  243       8.2475     0 1 1 0    -6       6    0
R   1172   111  ARG A  138     69  GLY A   96       8.7890     1 1 1 1    57      57    0
R   1173   111  ARG A  138     70  GLY A   97       6.7449     1 1 0 0   -40      40    0
R   1174   111  ARG A  138     71  GLY A   98       8.3247     0 1 0 0     0       0    0
R   1179   111  ARG A  138    116  ARG A  143       7.8648     1 1 1 1    57      57    0
R   1180   111  ARG A  138    286  GLU B   54       6.7292     1 1 1 0    -9       9    0
R   1181   111  ARG A  138    289  HIS B   57       7.1917     1 1 1 0   -75      75    0
R   1182   111  ARG A  138    290  GLU B   58       8.2559     0 1 0 0    -1       1    0
R   1183   111  ARG A  138    475  ASP B  243       9.7257     0 1 0 0   -31      31    0
R   1184   111  ARG A  138    476  TYR B  244      11.6309     0 1 0 0    -3       3    0
R   1190   112  THR A  139    116  ARG A  143       6.4984     1 1 1 1    46      46    0
R   1191   112  THR A  139    285  LEU B   53       6.9471     1 1 1 0   -72      72    0
R   1192   112  THR A  139    286  GLU B   54       6.3887     1 1 1 1   135     135    0
R   1193   112  THR A  139    289  HIS B   57       7.6590     1 1 1 1    97      97    0
R   1199   113  ASP A  140    117  LEU A  144       6.0029     1 1 1 1   133     133    0
R   1200   113  ASP A  140    456  SER B  224       9.9943     0 1 1 1    30      30    0
R   1201   113  ASP A  140    458  LEU B  226       7.4419     1 1 1 0   -62      62    0
R   1202   113  ASP A  140    459  GLU B  227       7.7727     0 1 0 0   -18      18    0
R   1208   114  ALA A  141    118  PHE A  145       5.9869     1 1 1 1    96      96    0
R   1209   114  ALA A  141    285  LEU B   53       6.6630     1 1 1 1   109     109    0
R   1210   115  GLY A  142    110  LEU A  137       6.1477     1 1 0 0    -2       2    0
R   1217   115  GLY A  142    119  CYS A  146       5.8836     1 1 1 1   126     126    0
R   1218   115  GLY A  142    282  PHE B   50       6.2261     1 1 0 0   -37      37    0
R   1219   115  GLY A  142    285  LEU B   53       5.8935     1 1 0 0    -1       1    0
R   1220   115  GLY A  142    286  GLU B   54       6.6141     1 1 0 0     0       0    0
R   1221   116  ARG A  143    110  LEU A  137       6.4362     1 1 1 1   149     149    0
R   1222   116  ARG A  143    111  ARG A  138       7.8648     1 1 1 1    24      24    0
R   1223   116  ARG A  143    112  THR A  139       6.4984     1 1 1 1     5       5    0
R   1230   116  ARG A  143    120  ILE A  147       6.4360     1 1 1 1    63      63    0
R   1231   116  ARG A  143    458  LEU B  226       8.1706     1 1 1 1    35      35    0
R   1232   116  ARG A  143    459  GLU B  227       7.8476     0 1 1 1    17      17    0
R   1233   116  ARG A  143    462  TYR B  230       6.3117     1 1 1 1   101     101    0
R   1234   116  ARG A  143    475  ASP B  243      10.8922     0 1 1 1     4       4    0
R   1235   116  ARG A  143    476  TYR B  244      11.3358     1 1 1 1    28      28    0
R   1236   117  LEU A  144    113  ASP A  140       6.0029     1 1 1 0   -18      18    0
R   1243   117  LEU A  144    121  PHE A  148       7.1257     1 1 1 1    78      78    0
R   1244   117  LEU A  144    458  LEU B  226       7.3596     1 1 1 1    88      88    0
R   1245   118  PHE A  145    114  ALA A  141       5.9869     1 1 1 0   -32      32    0
R   1252   118  PHE A  145    122  TYR A  149       5.9371     1 1 1 1   316     316    0
R   1253   118  PHE A  145    278  GLY B   46       9.0803     1 1 0 0   -10      10    0
R   1254   118  PHE A  145    281  VAL B   49       8.4257     1 1 1 1   227     227    0
R   1255   118  PHE A  145    282  PHE B   50       8.1416     1 1 1 1   115     115    0
R   1256   118  PHE A  145    285  LEU B   53       9.2541     1 1 1 1    40      40    0
R   1257   119  CYS A  146     99  ILE A  126       7.9159     1 1 0 0    -2       2    0
R   1258   119  CYS A  146    110  LEU A  137       8.8779     1 1 1 1    52      52    0
R   1259   119  CYS A  146    115  GLY A  142       5.8836     1 1 1 0   -34      34    0
R   1266   119  CYS A  146    123  ALA A  150       5.9768     1 1 1 1    76      76    0
R   1267   119  CYS A  146    282  PHE B   50       8.3025     1 1 1 1    16      16    0
R   1268   119  CYS A  146    462  TYR B  230       8.2083     1 1 1 1    10      10    0
R   1269   119  CYS A  146    466  VAL B  234       8.6132     0 1 0 0     0       0    0
R   1271   119  CYS A  146    473  PHE B  241      11.0229     1 1 0 0     0       0    0
R   1272   120  ILE A  147    116  ARG A  143       6.4360     1 1 1 0   -31      31    0
R   1279   120  ILE A  147    124  LEU A  151       6.3188     1 1 1 1   144     144    0
R   1280   120  ILE A  147    458  LEU B  226      10.3167     0 1 1 1     6       6    0
R   1281   120  ILE A  147    461  ILE B  229       8.5989     1 1 1 1   116     116    0
R   1282   120  ILE A  147    462  TYR B  230       6.5355     1 1 1 1    13      13    0
R   1283   120  ILE A  147    465  ILE B  233       6.7096     1 1 1 1   130     130    0
R   1284   120  ILE A  147    466  VAL B  234       7.3045     0 1 1 1     4       4    0
R   1285   121  PHE A  148    117  LEU A  144       7.1257     1 1 1 1    17      17    0
R   1292   121  PHE A  148    125  VAL A  152       6.1925     1 1 1 1    64      64    0
R   1293   121  PHE A  148    274  TYR B   42      12.2155     0 1 1 1     1       1    0
R   1294   122  TYR A  149     96  SER A  123       8.2193     1 1 0 0   -86      86    0
R   1295   122  TYR A  149     99  ILE A  126       7.9572     1 1 1 1    87      87    0
R   1296   122  TYR A  149    100  ILE A  127       8.0402     1 1 1 1    52      52    0
R   1297   122  TYR A  149    118  PHE A  145       5.9371     1 1 1 1    90      90    0
R   1303   122  TYR A  149    126  GLY A  153       5.5940     1 1 1 1   100     100    0
R   1304   122  TYR A  149    274  TYR B   42       8.9735     1 1 1 1   204     204    0
R   1305   122  TYR A  149    275  LEU B   43       9.4484     1 1 0 0   -24      24    0
R   1306   122  TYR A  149    277  SER B   45       9.9291     0 1 0 0    -7       7    0
R   1307   122  TYR A  149    278  GLY B   46       7.3073     1 1 0 0    -2       2    0
R   1308   122  TYR A  149    282  PHE B   50      10.1030     1 1 1 1    14      14    0
R   1309   123  ALA A  150     99  ILE A  126       6.0072     1 1 1 1    69      69    0
R   1310   123  ALA A  150    119  CYS A  146       5.9768     1 1 1 0   -36      36    0
R   1317   123  ALA A  150    127  ILE A  154       5.4621     1 1 1 1   158     158    0
R   1318   123  ALA A  150    128  PRO A  155       8.2920     1 0 0 0     0       0    0
R   1319   123  ALA A  150    465  ILE B  233       8.7354     0 1 1 1     8       8    0
R   1320   123  ALA A  150    469  THR B  237       7.5888     1 1 1 1    48      48    0
R   1321   123  ALA A  150    471  VAL B  239       8.6314     0 1 1 1    13      13    0
R   1322   124  LEU A  151    120  ILE A  147       6.3188     1 1 1 1    97      97    0
R   1329   124  LEU A  151    128  PRO A  155       7.1657     1 1 0 0  -134     134    0
R   1330   124  LEU A  151    465  ILE B  233       8.5886     1 1 1 1   109     109    0
R   1331   124  LEU A  151    469  THR B  237       7.8295     1 1 1 1    53      53    0
R   1332   124  LEU A  151    504  PHE B  272      11.0629     0 1 1 1    27      27    0
R   1333   125  VAL A  152    121  PHE A  148       6.1925     1 1 1 0   -33      33    0
R   1339   125  VAL A  152    129  LEU A  156       6.3476     1 1 1 0   -51      51    0
R   1340   125  VAL A  152    274  TYR B   42       9.6500     1 1 1 0   -28      28    0
R   1341   126  GLY A  153    100  ILE A  127       5.0358     1 1 0 0   -15      15    0
R   1342   126  GLY A  153    122  TYR A  149       5.5940     1 1 1 1    49      49    0
R   1349   126  GLY A  153    130  PHE A  157       6.1010     1 1 1 1   109     109    0
R   1350   126  GLY A  153    274  TYR B   42       7.5489     1 1 1 1     1       1    0
R   1351   127  ILE A  154     99  ILE A  126       7.1032     1 1 0 0   -93      93    0
R   1352   127  ILE A  154    100  ILE A  127       4.1008     1 1 0 0   -11      11    0
R   1353   127  ILE A  154    102  THR A  129       6.8803     1 1 1 1   125     125    0
R   1354   127  ILE A  154    123  ALA A  150       5.4621     1 1 1 1    25      25    0
R   1361   127  ILE A  154    131  GLY A  158       6.1870     1 1 1 1   130     130    0
R   1362   127  ILE A  154    469  THR B  237       7.9953     1 1 1 1    25      25    0
R   1363   127  ILE A  154    471  VAL B  239       9.3807     1 1 1 1     8       8    0
R   1364   127  ILE A  154    504  PHE B  272      12.5024     0 1 1 1    39      39    0
R   1365   128  PRO A  155    123  ALA A  150       8.2920     1 1 0 0    -2       2    0
R   1366   128  PRO A  155    124  LEU A  151       7.1657     1 1 0 0  -121     121    0
R   1373   128  PRO A  155    132  ILE A  159       6.4776     1 1 1 0    -3       3    0
R   1374   128  PRO A  155    508  LEU B  276       9.2485     0 1 1 1    24      24    0
R   1375   129  LEU A  156    100  ILE A  127       7.9923     0 1 1 1     3       3    0
R   1376   129  LEU A  156    125  VAL A  152       6.3476     1 1 1 0   -52      52    0
R   1383   129  LEU A  156    133  LEU A  160       6.8825     1 1 1 1    60      60    0
R   1384   129  LEU A  156    267  LEU B   35       8.7773     1 1 1 1    61      61    0
R   1385   129  LEU A  156    270  LEU B   38       9.1557     1 1 1 1   167     167    0
R   1386   129  LEU A  156    271  VAL B   39       7.4175     1 1 1 1    86      86    0
R   1387   129  LEU A  156    274  TYR B   42       9.3557     1 1 1 1   149     149    0
R   1388   130  PHE A  157    100  ILE A  127       6.1329     1 1 1 1    39      39    0
R   1389   130  PHE A  157    101  THR A  128       7.0311     1 1 1 1   114     114    0
R   1390   130  PHE A  157    126  GLY A  153       6.1010     1 1 1 0   -14      14    0
R   1397   130  PHE A  157    134  LEU A  161       5.9907     1 1 1 1   290     290    0
R   1398   130  PHE A  157    239  LEU A  266       9.6604     1 1 1 1   136     136    0
R   1399   130  PHE A  157    242  LEU A  269      11.0202     0 1 1 1    38      38    0
R   1400   130  PHE A  157    271  VAL B   39       6.9112     1 1 1 1    61      61    0
R   1401   130  PHE A  157    275  LEU B   43      10.3999     0 1 1 1     3       3    0
R   1402   131  GLY A  158    127  ILE A  154       6.1870     1 1 1 1    48      48    0
R   1409   131  GLY A  158    135  ALA A  162       6.0816     1 1 1 1    83      83    0
R   1410   132  ILE A  159    128  PRO A  155       6.4776     1 1 1 0   -62      62    0
R   1417   132  ILE A  159    136  GLY A  163       6.0080     1 1 1 1   132     132    0
R   1418   132  ILE A  159    267  LEU B   35       8.5662     1 1 1 1    90      90    0
R   1419   132  ILE A  159    516  ARG B  284      12.7699     0 1 0 0   -39      39    0
R   1420   133  LEU A  160    129  LEU A  156       6.8825     1 1 1 0   -19      19    0
R   1427   133  LEU A  160    137  VAL A  164       5.9179     1 1 1 1   194     194    0
R   1428   133  LEU A  160    239  LEU A  266       9.3562     1 1 1 1   135     135    0
R   1429   133  LEU A  160    264  LEU B   32       7.0879     0 1 1 0    -3       3    0
R   1430   133  LEU A  160    267  LEU B   35       6.3914     1 1 1 1    20      20    0
R   1431   133  LEU A  160    268  LEU B   36       6.9454     1 1 1 0   -76      76    0
R   1432   133  LEU A  160    271  VAL B   39       8.0653     1 1 1 1    72      72    0
R   1433   134  LEU A  161    130  PHE A  157       5.9907     1 1 1 1    92      92    0
R   1440   134  LEU A  161    138  GLY A  165       5.6506     1 1 1 1   184     184    0
R   1441   134  LEU A  161    239  LEU A  266       7.3408     1 1 1 0   -23      23    0
R   1442   134  LEU A  161    242  LEU A  269       7.3924     1 1 1 1    72      72    0
R   1443   134  LEU A  161    243  ALA A  270       5.4196     1 1 1 0  -124     124    0
R   1444   134  LEU A  161    246  ALA A  273       7.9419     0 1 1 1    35      35    0
R   1445   135  ALA A  162    131  GLY A  158       6.0816     1 1 1 0   -33      33    0
R   1452   135  ALA A  162    139  ASP A  166       6.1341     1 1 1 1    65      65    0
R   1453   135  ALA A  162    246  ALA A  273       7.2682     0 1 0 0     0       0    0
R   1454   135  ALA A  162    516  ARG B  284      14.6608     0 1 0 0   -16      16    0
R   1455   136  GLY A  163    132  ILE A  159       6.0080     1 1 1 1    51      51    0
R   1462   136  GLY A  163    140  ARG A  167       6.2758     1 1 1 1    81      81    0
R   1463   136  GLY A  163    264  LEU B   32       6.5453     1 1 0 0   -22      22    0
R   1464   136  GLY A  163    267  LEU B   35       8.9022     0 1 0 0     0       0    0
R   1465   137  VAL A  164    133  LEU A  160       5.9179     1 1 1 1    83      83    0
R   1472   137  VAL A  164    141  LEU A  168       5.8001     1 1 1 1   175     175    0
R   1473   137  VAL A  164    239  LEU A  266       8.5050     0 1 1 1    59      59    0
R   1474   137  VAL A  164    240  LEU A  267       7.6903     0 1 1 1    77      77    0
R   1475   137  VAL A  164    243  ALA A  270       6.1771     1 1 1 1    79      79    0
R   1476   137  VAL A  164    264  LEU B   32       7.4293     1 1 1 1    82      82    0
R   1477   137  VAL A  164    268  LEU B   36       9.2484     0 1 1 1    17      17    0
R   1478   138  GLY A  165    134  LEU A  161       5.6506     1 1 1 1    68      68    0
R   1485   138  GLY A  165    142  GLY A  169       5.9435     1 1 1 1   112     112    0
R   1486   138  GLY A  165    243  ALA A  270       4.4327     1 1 0 0    -2       2    0
R   1487   138  GLY A  165    246  ALA A  273       6.2319     0 1 0 0     0       0    0
R   1488   138  GLY A  165    247  SER A  274       5.8347     1 1 1 1   107     107    0
R   1489   139  ASP A  166    135  ALA A  162       6.1341     1 1 1 0   -54      54    0
R   1496   139  ASP A  166    143  SER A  170       5.9992     1 1 1 1   139     139    0
R   1497   139  ASP A  166    146  ARG A  173      10.4543     0 1 1 1     2       2    0
R   1498   139  ASP A  166    247  SER A  274       7.0002     0 1 1 1     1       1    0
R   1499   140  ARG A  167    136  GLY A  163       6.2758     1 1 1 0   -29      29    0
R   1506   140  ARG A  167    144  SER A  171       6.3694     1 1 1 1   229     229    0
R   1507   140  ARG A  167    261  SER B   29       8.3710     0 1 1 1    64      64    0
R   1508   140  ARG A  167    264  LEU B   32       8.7981     1 1 1 1   103     103    0
R   1509   141  LEU A  168    137  VAL A  164       5.8001     1 1 1 1     6       6    0
R   1516   141  LEU A  168    145  LEU A  172       6.0693     1 1 1 1   148     148    0
R   1517   141  LEU A  168    182  PHE A  209      12.9740     1 1 1 1    92      92    0
R   1518   141  LEU A  168    240  LEU A  267       8.1882     0 1 1 0    -8       8    0
R   1519   141  LEU A  168    243  ALA A  270       7.8703     0 1 1 1    15      15    0
R   1520   141  LEU A  168    244  TYR A  271       7.6369     0 1 1 1    36      36    0
R   1521   142  GLY A  169    138  GLY A  165       5.9435     1 1 1 1    48      48    0
R   1528   142  GLY A  169    146  ARG A  173       6.0562     1 1 1 1    69      69    0
R   1529   142  GLY A  169    174  PHE A  201       8.7302     0 1 0 0     0       0    0
R   1530   142  GLY A  169    247  SER A  274       6.5593     0 1 0 0     0       0    0
R   1531   143  SER A  170    139  ASP A  166       5.9992     1 1 1 1    24      24    0
R   1538   143  SER A  170    147  HIS A  174       6.2715     1 1 1 1    71      71    0
R   1539   144  SER A  171    140  ARG A  167       6.3694     1 1 1 1    89      89    0
R   1546   144  SER A  171    148  GLY A  175       6.0735     1 1 1 1   164     164    0
R   1547   145  LEU A  172    141  LEU A  168       6.0693     1 1 1 1     6       6    0
R   1554   145  LEU A  172    149  ILE A  176       6.1791     1 1 1 1   290     290    0
R   1555   145  LEU A  172    174  PHE A  201       7.2346     1 1 1 1   101     101    0
R   1556   145  LEU A  172    177  ILE A  204       9.2253     1 1 1 1   110     110    0
R   1557   145  LEU A  172    178  GLY A  205       9.0691     0 1 0 0     0       0    0
R   1558   145  LEU A  172    182  PHE A  209      13.6822     0 1 1 1     7       7    0
R   1559   145  LEU A  172    244  TYR A  271      10.1277     1 1 1 1    85      85    0
R   1560   146  ARG A  173    139  ASP A  166      10.4543     0 1 1 1     3       3    0
R   1561   146  ARG A  173    142  GLY A  169       6.0562     1 1 1 1    28      28    0
R   1568   146  ARG A  173    150  GLY A  177       6.2167     1 1 1 1   110     110    0
R   1569   146  ARG A  173    153  GLU A  180       9.4165     0 1 0 0   -66      66    0
R   1570   146  ARG A  173    174  PHE A  201       7.1018     1 1 1 0  -120     120    0
R   1571   146  ARG A  173    247  SER A  274      10.9222     1 1 1 1    39      39    0
R   1572   146  ARG A  173    251  THR A  278      13.7572     0 1 0 0   -53      53    0
R   1573   147  HIS A  174    143  SER A  170       6.2715     1 1 1 0   -29      29    0
R   1580   147  HIS A  174    151  HIS A  178       7.2373     1 1 1 0   -73      73    0
R   1581   148  GLY A  175    144  SER A  171       6.0735     1 1 1 1    51      51    0
R   1588   148  GLY A  175    152  ILE A  179       7.7168     0 1 1 0   -11      11    0
R   1589   149  ILE A  176    145  LEU A  172       6.1791     1 1 1 1   124     124    0
R   1596   149  ILE A  176    153  GLU A  180       5.9435     1 1 1 1   117     117    0
R   1597   149  ILE A  176    156  PHE A  183      10.5442     0 1 1 1     1       1    0
R   1598   149  ILE A  176    170  SER A  197       6.3558     1 1 0 0   -78      78    0
R   1599   149  ILE A  176    173  LEU A  200       7.7915     1 1 1 1   111     111    0
R   1600   149  ILE A  176    174  PHE A  201       7.3724     1 1 1 1    10      10    0
R   1601   149  ILE A  176    177  ILE A  204       9.6209     0 1 1 1    12      12    0
R   1602   150  GLY A  177    146  ARG A  173       6.2167     1 1 1 1    38      38    0
R   1609   150  GLY A  177    154  ALA A  181       6.1438     1 1 1 1    88      88    0
R   1610   151  HIS A  178    147  HIS A  174       7.2373     1 1 1 0   -81      81    0
R   1617   151  HIS A  178    155  ILE A  182       6.9333     1 1 1 0   -26      26    0
R   1618   152  ILE A  179    148  GLY A  175       7.7168     0 1 1 0   -16      16    0
R   1625   152  ILE A  179    156  PHE A  183       6.5542     1 1 1 1   218     218    0
R   1626   152  ILE A  179    173  LEU A  200       9.4483     1 1 1 1   147     147    0
R   1627   152  ILE A  179    177  ILE A  204      12.1078     0 1 1 1     6       6    0
R   1628   153  GLU A  180    146  ARG A  173       9.4165     0 1 0 0   -64      64    0
R   1629   153  GLU A  180    149  ILE A  176       5.9435     1 1 1 0   -15      15    0
R   1636   153  GLU A  180    157  LEU A  184       6.1918     1 1 1 1   114     114    0
R   1637   153  GLU A  180    166  VAL A  193       6.4117     1 1 1 1    87      87    0
R   1638   153  GLU A  180    167  ARG A  194       8.1500     0 1 1 1     6       6    0
R   1639   153  GLU A  180    170  SER A  197       6.7970     1 1 1 1     3       3    0
R   1640   154  ALA A  181    150  GLY A  177       6.1438     1 1 1 0   -11      11    0
R   1647   154  ALA A  181    158  LYS A  185       6.3268     1 1 1 0  -107     107    0
R   1648   155  ILE A  182    151  HIS A  178       6.9333     1 1 1 0   -39      39    0
R   1655   155  ILE A  182    159  TRP A  186       6.5941     1 1 1 1   234     234    0
R   1656   156  PHE A  183    149  ILE A  176      10.5442     0 1 1 1     3       3    0
R   1657   156  PHE A  183    152  ILE A  179       6.5542     1 1 1 1    92      92    0
R   1664   156  PHE A  183    160  HIS A  187       6.7355     1 1 1 1     1       1    0
R   1665   156  PHE A  183    161  VAL A  188       6.0576     1 1 1 1    99      99    0
R   1666   156  PHE A  183    166  VAL A  193       6.6810     1 1 1 1   129     129    0
R   1667   156  PHE A  183    169  LEU A  196       9.0110     1 1 1 1   167     167    0
R   1668   156  PHE A  183    170  SER A  197       9.5968     0 1 0 0    -7       7    0
R   1669   156  PHE A  183    173  LEU A  200      12.2420     0 1 1 1    42      42    0
R   1670   157  LEU A  184    153  GLU A  180       6.1918     1 1 1 0   -20      20    0
R   1677   157  LEU A  184    161  VAL A  188       5.8123     0 1 0 0   -23      23    0
R   1678   157  LEU A  184    163  PRO A  190       6.7900     1 1 1 1   133     133    0
R   1679   157  LEU A  184    166  VAL A  193       7.5990     0 1 1 1    37      37    0
R   1680   157  LEU A  184    167  ARG A  194      10.6698     0 1 0 0    -1       1    0
R   1681   158  LYS A  185    154  ALA A  181       6.3268     1 1 1 0   -64      64    0
R   1687   159  TRP A  186    155  ILE A  182       6.5941     1 1 1 1   138     138    0
R   1693   160  HIS A  187    156  PHE A  183       6.7355     1 1 1 1     1       1    0
R   1699   161  VAL A  188    156  PHE A  183       6.0576     1 1 1 0   -40      40    0
R   1700   161  VAL A  188    157  LEU A  184       5.8123     0 1 1 0   -35      35    0
R   1705   161  VAL A  188    165  LEU A  192       7.0361     1 1 1 1    76      76    0
R   1706   161  VAL A  188    166  VAL A  193       6.9987     1 1 1 0     0       0    0
R   1707   161  VAL A  188    169  LEU A  196      10.3558     1 1 1 1    56      56    0
R   1713   162  PRO A  189    166  VAL A  193       6.5867     1 1 1 1    41      41    0
R   1714   163  PRO A  190    157  LEU A  184       6.7900     1 1 1 1    89      89    0
R   1720   163  PRO A  190    167  ARG A  194       6.3434     1 1 1 1    27      27    0
R   1726   164  GLU A  191    168  VAL A  195       6.4710     1 1 1 1    44      44    0
R   1727   165  LEU A  192    161  VAL A  188       7.0361     1 1 1 1    62      62    0
R   1734   165  LEU A  192    169  LEU A  196       6.0610     1 1 1 1   154     154    0
R   1735   166  VAL A  193    153  GLU A  180       6.4117     1 1 1 1   122     122    0
R   1736   166  VAL A  193    156  PHE A  183       6.6810     1 1 1 1   123     123    0
R   1737   166  VAL A  193    157  LEU A  184       7.5990     0 1 1 1    24      24    0
R   1738   166  VAL A  193    161  VAL A  188       6.9987     1 1 1 0   -21      21    0
R   1739   166  VAL A  193    162  PRO A  189       6.5867     1 1 1 0   -50      50    0
R   1746   166  VAL A  193    170  SER A  197       5.7841     1 1 1 1   195     195    0
R   1747   167  ARG A  194    153  GLU A  180       8.1500     0 1 1 1     5       5    0
R   1748   167  ARG A  194    157  LEU A  184      10.6698     0 1 0 0    -1       1    0
R   1749   167  ARG A  194    163  PRO A  190       6.3434     1 1 1 1    15      15    0
R   1756   167  ARG A  194    171  ALA A  198       6.0680     1 1 1 1     7       7    0
R   1757   168  VAL A  195    164  GLU A  191       6.4710     1 1 1 0   -49      49    0
R   1764   168  VAL A  195    172  MET A  199       5.9837     1 1 1 1   211     211    0
R   1765   169  LEU A  196    156  PHE A  183       9.0110     1 1 1 1   156     156    0
R   1766   169  LEU A  196    161  VAL A  188      10.3558     1 1 1 1    72      72    0
R   1767   169  LEU A  196    165  LEU A  192       6.0610     1 1 1 1     2       2    0
R   1774   169  LEU A  196    173  LEU A  200       5.9879     1 1 1 1   124     124    0
R   1775   170  SER A  197    149  ILE A  176       6.3558     1 1 0 0   -26      26    0
R   1776   170  SER A  197    153  GLU A  180       6.7970     1 1 1 1    13      13    0
R   1777   170  SER A  197    156  PHE A  183       9.5968     0 1 0 0    -4       4    0
R   1778   170  SER A  197    166  VAL A  193       5.7841     1 1 1 1    67      67    0
R   1785   170  SER A  197    174  PHE A  201       5.6743     1 1 1 1   140     140    0
R   1786   171  ALA A  198    167  ARG A  194       6.0680     1 1 1 0   -65      65    0
R   1793   171  ALA A  198    175  LEU A  202       6.2436     1 1 1 1    70      70    0
R   1794   172  MET A  199    168  VAL A  195       5.9837     1 1 1 1    21      21    0
R   1801   172  MET A  199    176  LEU A  203       6.0444     1 1 1 1   186     186    0
R   1802   173  LEU A  200    149  ILE A  176       7.7915     1 1 1 1    84      84    0
R   1803   173  LEU A  200    152  ILE A  179       9.4483     1 1 1 1   199     199    0
R   1804   173  LEU A  200    156  PHE A  183      12.2420     0 1 1 1    34      34    0
R   1805   173  LEU A  200    169  LEU A  196       5.9879     1 1 1 0   -23      23    0
R   1812   173  LEU A  200    177  ILE A  204       5.6157     1 1 1 1   259     259    0
R   1813   174  PHE A  201    142  GLY A  169       8.7302     0 1 0 0     0       0    0
R   1814   174  PHE A  201    145  LEU A  172       7.2346     1 1 1 1   128     128    0
R   1815   174  PHE A  201    146  ARG A  173       7.1018     1 1 1 0  -158     158    0
R   1816   174  PHE A  201    149  ILE A  176       7.3724     1 1 1 1    35      35    0
R   1817   174  PHE A  201    170  SER A  197       5.6743     1 1 1 0   -22      22    0
R   1824   174  PHE A  201    178  GLY A  205       6.4766     1 0 0 0     0       0    0
R   1825   174  PHE A  201    244  TYR A  271       9.6915     1 1 1 1   126     126    0
R   1826   174  PHE A  201    247  SER A  274      10.0950     1 1 0 0    -1       1    0
R   1827   174  PHE A  201    248  VAL A  275       9.0365     1 1 1 1   103     103    0
R   1828   174  PHE A  201    251  THR A  278      12.3582     0 1 0 0   -10      10    0
R   1829   175  LEU A  202    171  ALA A  198       6.2436     1 1 1 0   -36      36    0
R   1835   175  LEU A  202    179  CYS A  206       5.7681     1 1 1 0  -149     149    0
R   1836   175  LEU A  202    244  TYR A  271       8.5850     1 1 1 1    65      65    0
R   1837   175  LEU A  202    248  VAL A  275       7.4986     0 1 1 1    66      66    0
R   1838   176  LEU A  203    172  MET A  199       6.0444     1 1 1 1    65      65    0
R   1845   176  LEU A  203    180  LEU A  207       5.9414     1 1 1 1   132     132    0
R   1846   177  ILE A  204    145  LEU A  172       9.2253     1 1 1 1   126     126    0
R   1847   177  ILE A  204    149  ILE A  176       9.6209     0 1 1 1    12      12    0
R   1848   177  ILE A  204    152  ILE A  179      12.1078     0 1 1 1     9       9    0
R   1849   177  ILE A  204    173  LEU A  200       5.6157     1 1 1 1    53      53    0
R   1856   177  ILE A  204    181  LEU A  208       6.4235     1 1 1 1   100     100    0
R   1857   178  GLY A  205    145  LEU A  172       9.0691     0 1 0 0     0       0    0
R   1858   178  GLY A  205    174  PHE A  201       6.4766     1 0 0 0     0       0    0
R   1864   178  GLY A  205    182  PHE A  209       5.6740     1 1 1 1   123     123    0
R   1865   178  GLY A  205    244  TYR A  271       7.1474     1 1 1 1    15      15    0
R   1866   179  CYS A  206    175  LEU A  202       5.7681     1 1 1 0   -40      40    0
R   1873   179  CYS A  206    183  VAL A  210       4.8221     1 1 1 1   131     131    0
R   1874   179  CYS A  206    184  LEU A  211       6.3623     1 1 1 1    50      50    0
R   1875   179  CYS A  206    244  TYR A  271       8.8877     1 1 1 1     8       8    0
R   1876   180  LEU A  207    176  LEU A  203       5.9414     1 1 1 0   -20      20    0
R   1882   180  LEU A  207    184  LEU A  211       4.8930     1 1 1 1    74      74    0
R   1883   180  LEU A  207    185  THR A  212       5.9169     1 1 1 1   212     212    0
R   1884   181  LEU A  208    177  ILE A  204       6.4235     1 1 1 0   -16      16    0
R   1890   181  LEU A  208    185  THR A  212       5.1535     1 1 1 0   -36      36    0
R   1891   181  LEU A  208    186  PRO A  213       7.2426     1 1 0 0   -80      80    0
R   1892   181  LEU A  208    237  TRP A  264       9.3161     0 1 0 0    -9       9    0
R   1893   182  PHE A  209    141  LEU A  168      12.9740     1 1 1 1    63      63    0
R   1894   182  PHE A  209    145  LEU A  172      13.6822     0 1 1 1     9       9    0
R   1895   182  PHE A  209    178  GLY A  205       5.6740     1 1 1 0   -33      33    0
R   1901   182  PHE A  209    186  PRO A  213       6.0453     1 1 0 0   -27      27    0
R   1902   182  PHE A  209    205  VAL A  232       8.2751     1 1 0 0    -6       6    0
R   1903   182  PHE A  209    209  LEU A  236       9.1426     1 1 1 0   -18      18    0
R   1904   182  PHE A  209    237  TRP A  264       7.3160     1 1 1 1    80      80    0
R   1905   182  PHE A  209    240  LEU A  267       7.8925     1 1 1 1   168     168    0
R   1906   182  PHE A  209    241  GLY A  268       5.5896     1 1 0 0    -5       5    0
R   1907   182  PHE A  209    244  TYR A  271       8.1932     1 1 1 1   172     172    0
R   1908   182  PHE A  209    245  PHE A  272       9.5943     0 1 1 1     1       1    0
R   1909   183  VAL A  210    179  CYS A  206       4.8221     1 1 1 0   -36      36    0
R   1915   183  VAL A  210    187  THR A  214       6.5254     1 1 1 0  -134     134    0
R   1916   183  VAL A  210    202  ILE A  229       7.0610     0 1 1 1     4       4    0
R   1917   183  VAL A  210    205  VAL A  232       6.5690     1 1 1 1    57      57    0
R   1918   183  VAL A  210    206  ILE A  233       7.4714     1 1 1 1    87      87    0
R   1919   183  VAL A  210    209  LEU A  236       9.0305     1 1 1 1    15      15    0
R   1920   183  VAL A  210    244  TYR A  271      10.4689     0 1 1 1    15      15    0
R   1921   183  VAL A  210    245  PHE A  272      10.5530     0 1 1 1    89      89    0
R   1922   184  LEU A  211    179  CYS A  206       6.3623     1 1 1 0   -32      32    0
R   1923   184  LEU A  211    180  LEU A  207       4.8930     1 1 1 1    43      43    0
R   1929   184  LEU A  211    188  PHE A  215       6.3601     1 1 1 1    81      81    0
R   1930   184  LEU A  211    202  ILE A  229       7.6399     0 1 1 1     4       4    0
R   1931   185  THR A  212    180  LEU A  207       5.9169     1 1 1 1    83      83    0
R   1932   185  THR A  212    181  LEU A  208       5.1535     1 1 1 0   -28      28    0
R   1938   185  THR A  212    189  VAL A  216       6.1485     1 1 1 1   106     106    0
R   1939   186  PRO A  213    181  LEU A  208       7.2426     1 1 0 0   -43      43    0
R   1940   186  PRO A  213    182  PHE A  209       6.0453     1 1 0 0   -27      27    0
R   1947   186  PRO A  213    190  PHE A  217       5.9233     1 1 1 1   209     209    0
R   1948   186  PRO A  213    205  VAL A  232       7.3164     1 1 1 1    52      52    0
R   1949   186  PRO A  213    237  TRP A  264       8.2798     1 1 1 0   -64      64    0
R   1950   187  THR A  214    183  VAL A  210       6.5254     1 1 0 0   -82      82    0
R   1957   187  THR A  214    191  CYS A  218       5.8017     1 1 1 1   130     130    0
R   1958   187  THR A  214    198  LYS A  225       6.6494     0 1 0 0     0       0    0
R   1959   187  THR A  214    201  ALA A  228       4.8521     1 1 0 0   -29      29    0
R   1960   187  THR A  214    202  ILE A  229       5.4153     1 1 1 1    76      76    0
R   1961   187  THR A  214    205  VAL A  232       6.7719     1 1 1 1    65      65    0
R   1962   188  PHE A  215    184  LEU A  211       6.3601     1 1 1 1    31      31    0
R   1969   188  PHE A  215    192  TYR A  219       6.5964     1 1 1 1    39      39    0
R   1970   188  PHE A  215    198  LYS A  225       7.0489     0 1 1 1    54      54    0
R   1971   189  VAL A  216    185  THR A  212       6.1485     1 1 1 1     4       4    0
R   1978   189  VAL A  216    193  MET A  220       6.0602     1 1 1 1   121     121    0
R   1979   189  VAL A  216    230  TYR A  257       9.3551     1 1 1 1   106     106    0
R   1980   189  VAL A  216    234  VAL A  261      10.0348     0 1 1 1     1       1    0
R   1981   190  PHE A  217    186  PRO A  213       5.9233     1 1 1 1     9       9    0
R   1988   190  PHE A  217    194  GLU A  221       5.2482     1 1 1 1   117     117    0
R   1989   190  PHE A  217    195  ASP A  222       7.1653     1 1 1 1     3       3    0
R   1990   190  PHE A  217    196  TRP A  223       6.9118     1 1 1 1   102     102    0
R   1991   190  PHE A  217    201  ALA A  228       5.9837     1 1 1 1    13      13    0
R   1992   190  PHE A  217    204  PHE A  231       9.1177     1 1 1 1   113     113    0
R   1993   190  PHE A  217    205  VAL A  232       8.9598     1 1 1 1   113     113    0
R   1994   190  PHE A  217    219  ALA A  246       7.6420     1 1 1 1    70      70    0
R   1995   190  PHE A  217    230  TYR A  257       9.8301     1 1 1 0   -99      99    0
R   1996   190  PHE A  217    234  VAL A  261       9.6633     1 1 1 1    65      65    0
R   1997   190  PHE A  217    237  TRP A  264      12.0174     1 1 1 1    90      90    0
R   1998   191  CYS A  218    187  THR A  214       5.8017     1 1 1 0   -36      36    0
R   2004   191  CYS A  218    195  ASP A  222       5.4698     1 1 0 0     0       0    0
R   2005   191  CYS A  218    196  TRP A  223       4.9074     1 1 1 0   -43      43    0
R   2006   191  CYS A  218    197  SER A  224       5.8464     0 1 0 0     0       0    0
R   2007   191  CYS A  218    198  LYS A  225       5.7646     1 1 0 0     0       0    0
R   2008   191  CYS A  218    201  ALA A  228       5.8647     1 1 1 1    14      14    0
R   2009   192  TYR A  219    188  PHE A  215       6.5964     1 1 1 0   -37      37    0
R   2016   193  MET A  220    189  VAL A  216       6.0602     1 1 1 0   -10      10    0
R   2022   193  MET A  220    227  SER A  254       8.9346     1 1 0 0   -13      13    0
R   2023   193  MET A  220    230  TYR A  257       8.5058     1 1 1 1   180     180    0
R   2024   194  GLU A  221    190  PHE A  217       5.2482     1 1 1 0    -6       6    0
R   2029   194  GLU A  221    218  VAL A  245       9.0796     0 1 0 0   -37      37    0
R   2030   194  GLU A  221    219  ALA A  246       7.0911     1 1 0 0  -105     105    0
R   2031   194  GLU A  221    230  TYR A  257      10.7125     1 1 1 1    21      21    0
R   2032   195  ASP A  222    190  PHE A  217       7.1653     1 0 0 0     0       0    0
R   2033   195  ASP A  222    191  CYS A  218       5.4698     1 1 1 1    24      24    0
R   2038   195  ASP A  222    200  GLU A  227       9.5541     0 1 0 0    -2       2    0
R   2039   196  TRP A  223    190  PHE A  217       6.9118     1 1 1 1    73      73    0
R   2040   196  TRP A  223    191  CYS A  218       4.9074     1 1 1 0   -69      69    0
R   2044   196  TRP A  223    200  GLU A  227       5.7202     1 1 1 1     6       6    0
R   2045   196  TRP A  223    201  ALA A  228       6.0863     1 1 1 1     4       4    0
R   2046   196  TRP A  223    204  PHE A  231       9.7863     1 1 1 1   175     175    0
R   2047   196  TRP A  223    217  TYR A  244       9.3240     1 1 1 1    61      61    0
R   2048   196  TRP A  223    218  VAL A  245      10.7915     1 1 0 0   -99      99    0
R   2049   196  TRP A  223    219  ALA A  246      10.4833     1 1 0 0    -7       7    0
R   2050   197  SER A  224    191  CYS A  218       5.8464     0 1 0 0     0       0    0
R   2055   197  SER A  224    201  ALA A  228       6.2362     1 1 1 1    49      49    0
R   2056   197  SER A  224    372  ASP B  140      10.0328     0 1 1 1    16      16    0
R   2057   198  LYS A  225    187  THR A  214       6.6494     0 1 0 0     0       0    0
R   2058   198  LYS A  225    188  PHE A  215       7.0489     0 1 1 1    49      49    0
R   2059   198  LYS A  225    191  CYS A  218       5.7646     1 1 0 0     0       0    0
R   2064   198  LYS A  225    202  ILE A  229       6.4703     1 1 1 1    38      38    0
R   2070   199  LEU A  226    203  TYR A  230       6.0837     1 1 1 1   120     120    0
R   2071   199  LEU A  226    372  ASP B  140       7.5010     1 1 1 0   -90      90    0
R   2072   199  LEU A  226    375  ARG B  143       8.1978     1 1 1 1   114     114    0
R   2073   199  LEU A  226    376  LEU B  144       7.3550     1 1 1 1   102     102    0
R   2074   199  LEU A  226    379  ILE B  147      10.2070     0 1 1 1     8       8    0
R   2075   200  GLU A  227    195  ASP A  222       9.5541     0 1 0 0    -2       2    0
R   2076   200  GLU A  227    196  TRP A  223       5.7202     1 1 1 1    14      14    0
R   2083   200  GLU A  227    204  PHE A  231       6.3089     1 1 1 1   100     100    0
R   2084   200  GLU A  227    217  TYR A  244       8.0130     1 1 1 1    44      44    0
R   2085   200  GLU A  227    372  ASP B  140       7.9017     0 1 0 0   -10      10    0
R   2086   200  GLU A  227    375  ARG B  143       7.9251     0 1 1 0   -23      23    0
R   2087   201  ALA A  228    187  THR A  214       4.8521     1 1 0 0  -109     109    0
R   2088   201  ALA A  228    190  PHE A  217       5.9837     1 1 1 1    47      47    0
R   2089   201  ALA A  228    191  CYS A  218       5.8647     1 1 0 0   -21      21    0
R   2090   201  ALA A  228    196  TRP A  223       6.0863     1 1 1 1    10      10    0
R   2091   201  ALA A  228    197  SER A  224       6.2362     1 1 1 0   -24      24    0
R   2098   201  ALA A  228    205  VAL A  232       6.2025     1 1 1 1    90      90    0
R   2099   202  ILE A  229    183  VAL A  210       7.0610     0 1 1 1    11      11    0
R   2100   202  ILE A  229    184  LEU A  211       7.6399     0 1 1 1     4       4    0
R   2101   202  ILE A  229    187  THR A  214       5.4153     1 1 1 1    74      74    0
R   2102   202  ILE A  229    198  LYS A  225       6.4703     1 1 1 0   -47      47    0
R   2109   202  ILE A  229    206  ILE A  233       6.0937     1 1 1 1   231     231    0
R   2110   202  ILE A  229    379  ILE B  147       8.5810     1 1 1 1    58      58    0
R   2111   203  TYR A  230    199  LEU A  226       6.0837     1 1 1 0   -32      32    0
R   2118   203  TYR A  230    207  VAL A  234       5.9103     1 1 1 1   220     220    0
R   2119   203  TYR A  230    214  PHE A  241      10.3515     1 1 0 0  -132     132    0
R   2120   203  TYR A  230    216  ASP A  243      10.1641     1 1 1 0   -25      25    0
R   2121   203  TYR A  230    217  TYR A  244       8.5019     1 1 1 1    86      86    0
R   2122   203  TYR A  230    368  ALA B  136      12.1228     0 1 0 0     0       0    0
R   2123   203  TYR A  230    369  LEU B  137      10.8285     1 1 0 0   -68      68    0
R   2124   203  TYR A  230    375  ARG B  143       6.4783     1 1 1 1   140     140    0
R   2125   203  TYR A  230    378  CYS B  146       8.2750     1 1 1 1    48      48    0
R   2126   203  TYR A  230    379  ILE B  147       6.4738     1 1 1 1    30      30    0
R   2127   204  PHE A  231    105  TYR A  132      10.6708     1 1 1 0   -67      67    0
R   2128   204  PHE A  231    190  PHE A  217       9.1177     1 1 1 1   172     172    0
R   2129   204  PHE A  231    196  TRP A  223       9.7863     1 1 1 1   116     116    0
R   2130   204  PHE A  231    200  GLU A  227       6.3089     1 1 1 0   -24      24    0
R   2137   204  PHE A  231    208  THR A  235       5.9064     1 1 1 1   161     161    0
R   2138   204  PHE A  231    217  TYR A  244       5.9026     1 1 1 0   -83      83    0
R   2139   204  PHE A  231    218  VAL A  245       7.1156     1 1 0 0     0       0    0
R   2140   204  PHE A  231    219  ALA A  246       8.6232     1 1 1 0   -65      65    0
R   2141   204  PHE A  231    234  VAL A  261      12.4067     0 1 1 1     2       2    0
R   2142   204  PHE A  231    237  TRP A  264      13.0862     1 1 1 1    34      34    0
R   2143   204  PHE A  231    238  ILE A  265      11.5562     0 1 1 1     7       7    0
R   2144   205  VAL A  232    182  PHE A  209       8.2751     1 1 0 0   -79      79    0
R   2145   205  VAL A  232    183  VAL A  210       6.5690     1 1 1 1    34      34    0
R   2146   205  VAL A  232    186  PRO A  213       7.3164     1 1 1 1    31      31    0
R   2147   205  VAL A  232    187  THR A  214       6.7719     1 1 1 1    79      79    0
R   2148   205  VAL A  232    190  PHE A  217       8.9598     1 1 1 1   117     117    0
R   2149   205  VAL A  232    201  ALA A  228       6.2025     1 1 1 0   -29      29    0
R   2156   205  VAL A  232    209  LEU A  236       6.1699     1 1 1 1   129     129    0
R   2157   205  VAL A  232    237  TRP A  264      10.2049     1 1 1 1    40      40    0
R   2158   206  ILE A  233    183  VAL A  210       7.4714     1 1 1 1    61      61    0
R   2159   206  ILE A  233    202  ILE A  229       6.0937     1 1 1 1    78      78    0
R   2166   206  ILE A  233    210  THR A  237       5.8668     1 1 1 1   261     261    0
R   2167   206  ILE A  233    245  PHE A  272      10.6265     0 1 1 1    26      26    0
R   2168   206  ILE A  233    379  ILE B  147       6.7744     1 1 1 1   167     167    0
R   2169   206  ILE A  233    382  ALA B  150       8.7403     0 1 1 1    10      10    0
R   2170   206  ILE A  233    383  LEU B  151       8.5730     1 1 1 1    97      97    0
R   2171   207  VAL A  234    105  TYR A  132       9.7426     0 1 1 1    11      11    0
R   2172   207  VAL A  234    203  TYR A  230       5.9103     1 1 1 1   107     107    0
R   2179   207  VAL A  234    211  THR A  238       6.2975     1 0 0 0     0       0    0
R   2180   207  VAL A  234    212  VAL A  239       5.3918     1 1 1 1    37      37    0
R   2181   207  VAL A  234    213  GLY A  240       5.3398     1 1 1 1   116     116    0
R   2182   207  VAL A  234    214  PHE A  241       6.8815     1 1 1 0   -45      45    0
R   2183   207  VAL A  234    215  GLY A  242       8.7533     0 1 0 0    -5       5    0
R   2184   207  VAL A  234    216  ASP A  243       9.7592     0 1 0 0   -13      13    0
R   2185   207  VAL A  234    217  TYR A  244       8.9605     0 1 0 0    -6       6    0
R   2186   207  VAL A  234    378  CYS B  146       8.7718     0 1 0 0     0       0    0
R   2187   207  VAL A  234    379  ILE B  147       7.3948     0 1 1 1     3       3    0
R   2188   208  THR A  235    103  ILE A  130       6.4462     1 1 1 1    10      10    0
R   2189   208  THR A  235    105  TYR A  132       8.5097     1 1 1 0   -17      17    0
R   2190   208  THR A  235    204  PHE A  231       5.9064     1 1 1 1    33      33    0
R   2197   208  THR A  235    237  TRP A  264      10.6958     1 1 1 1    46      46    0
R   2198   208  THR A  235    238  ILE A  265       7.7295     1 1 1 1   103     103    0
R   2199   208  THR A  235    242  LEU A  269       8.7648     0 1 0 0    -4       4    0
R   2200   209  LEU A  236    182  PHE A  209       9.1426     1 1 1 0   -88      88    0
R   2201   209  LEU A  236    183  VAL A  210       9.0305     1 1 1 1    24      24    0
R   2202   209  LEU A  236    205  VAL A  232       6.1699     1 1 1 1    14      14    0
R   2208   209  LEU A  236    237  TRP A  264       9.8306     1 1 1 1    83      83    0
R   2209   209  LEU A  236    238  ILE A  265       6.9092     0 1 0 0   -28      28    0
R   2210   209  LEU A  236    241  GLY A  268       6.4765     1 1 0 0   -10      10    0
R   2211   209  LEU A  236    242  LEU A  269       5.5617     1 1 1 0  -122     122    0
R   2212   209  LEU A  236    245  PHE A  272       7.6738     1 1 1 1   110     110    0
R   2213   210  THR A  237    206  ILE A  233       5.8668     1 1 1 1   114     114    0
R   2219   210  THR A  237    245  PHE A  272       8.5299     0 1 1 1    32      32    0
R   2220   210  THR A  237    361  THR B  129       6.8144     1 1 0 0   -92      92    0
R   2221   210  THR A  237    382  ALA B  150       7.6928     1 1 1 1    29      29    0
R   2222   210  THR A  237    383  LEU B  151       7.9194     1 1 1 1    57      57    0
R   2223   210  THR A  237    386  ILE B  154       8.0418     1 1 1 1    69      69    0
R   2224   211  THR A  238    101  THR A  128       7.1038     1 1 0 0   -62      62    0
R   2225   211  THR A  238    102  THR A  129       6.0735     1 1 1 0   -56      56    0
R   2226   211  THR A  238    103  ILE A  130       4.1768     1 1 1 1     8       8    0
R   2227   211  THR A  238    207  VAL A  234       6.2975     1 1 0 0     0       0    0
R   2233   211  THR A  238    242  LEU A  269       8.3366     1 1 1 1   144     144    0
R   2234   211  THR A  238    361  THR B  129       6.0191     1 1 1 0   -44      44    0
R   2236   212  VAL A  239    103  ILE A  130       5.7364     1 1 0 0   -29      29    0
R   2237   212  VAL A  239    207  VAL A  234       5.3918     1 1 1 1     4       4    0
R   2243   212  VAL A  239    358  ILE B  126       6.0957     1 1 1 0   -49      49    0
R   2244   212  VAL A  239    361  THR B  129       4.2553     1 1 0 0     0       0    0
R   2245   212  VAL A  239    362  ILE B  130       5.5446     1 1 0 0  -115     115    0
R   2246   212  VAL A  239    363  GLY B  131       4.4594     1 1 0 0    -6       6    0
R   2247   212  VAL A  239    382  ALA B  150       8.7016     0 1 1 1    10      10    0
R   2248   212  VAL A  239    386  ILE B  154       9.4439     1 1 1 1    31      31    0
R   2249   213  GLY A  240    103  ILE A  130       4.5977     1 1 0 0   -44      44    0
R   2250   213  GLY A  240    104  GLY A  131       5.8485     1 1 0 0   -70      70    0
R   2251   213  GLY A  240    105  TYR A  132       4.8201     1 1 0 0     0       0    0
R   2252   213  GLY A  240    207  VAL A  234       5.3398     1 1 1 1    42      42    0
R   2257   213  GLY A  240    363  GLY B  131       5.8603     0 1 0 0   -14      14    0
R   2258   214  PHE A  241    105  TYR A  132       5.5332     1 1 0 0   -70      70    0
R   2259   214  PHE A  241    203  TYR A  230      10.3515     1 1 1 0  -113     113    0
R   2260   214  PHE A  241    207  VAL A  234       6.8815     1 1 1 1    50      50    0
R   2265   214  PHE A  241    354  PHE B  122      10.5140     1 1 1 1   162     162    0
R   2266   214  PHE A  241    357  THR B  125       9.1986     0 1 0 0   -32      32    0
R   2267   214  PHE A  241    358  ILE B  126       8.8044     1 1 1 1    84      84    0
R   2268   214  PHE A  241    363  GLY B  131       4.9597     1 1 0 0   -19      19    0
R   2269   214  PHE A  241    364  TYR B  132       5.8445     0 1 0 0   -80      80    0
R   2270   214  PHE A  241    365  GLY B  133       4.3083     1 1 0 0   -20      20    0
R   2271   214  PHE A  241    368  ALA B  136       7.3237     0 1 1 1    10      10    0
R   2272   214  PHE A  241    369  LEU B  137       9.6987     0 1 1 1     1       1    0
R   2273   214  PHE A  241    378  CYS B  146      11.1474     1 1 0 0     0       0    0
R   2274   215  GLY A  242    105  TYR A  132       3.9608     1 1 0 0   -12      12    0
R   2275   215  GLY A  242    107  ASN A  134       5.2535     1 1 0 0   -64      64    0
R   2276   215  GLY A  242    207  VAL A  234       8.7533     0 1 0 0    -5       5    0
R   2282   216  ASP A  243    203  TYR A  230      10.1641     1 1 1 1    31      31    0
R   2283   216  ASP A  243    207  VAL A  234       9.7592     0 1 0 0   -14      14    0
R   2287   216  ASP A  243    365  GLY B  133       6.8183     0 1 1 0    -2       2    0
R   2288   216  ASP A  243    368  ALA B  136       6.2024     1 1 1 1    44      44    0
R   2289   216  ASP A  243    369  LEU B  137       8.2144     0 1 1 0    -3       3    0
R   2290   217  TYR A  244    105  TYR A  132       8.4167     0 1 0 0   -34      34    0
R   2291   217  TYR A  244    196  TRP A  223       9.3240     1 1 1 0   -77      77    0
R   2292   217  TYR A  244    200  GLU A  227       8.0130     1 1 1 1    84      84    0
R   2293   217  TYR A  244    203  TYR A  230       8.5019     1 1 1 1    73      73    0
R   2294   217  TYR A  244    204  PHE A  231       5.9026     1 1 1 1    12      12    0
R   2295   217  TYR A  244    207  VAL A  234       8.9605     0 1 0 0   -10      10    0
R   2299   217  TYR A  244    375  ARG B  143      11.3126     1 1 1 0     0       0    0
R   2300   218  VAL A  245     94  PHE A  121      10.9718     1 1 1 1    81      81    0
R   2301   218  VAL A  245    105  TYR A  132       7.3471     1 1 1 1   121     121    0
R   2302   218  VAL A  245    107  ASN A  134       7.4999     1 1 1 0   -42      42    0
R   2303   218  VAL A  245    194  GLU A  221       9.0796     0 1 0 0   -26      26    0
R   2304   218  VAL A  245    196  TRP A  223      10.7915     1 1 0 0   -74      74    0
R   2305   218  VAL A  245    204  PHE A  231       7.1156     1 1 1 1     1       1    0
R   2310   219  ALA A  246     94  PHE A  121      10.3192     0 1 1 1     7       7    0
R   2311   219  ALA A  246    190  PHE A  217       7.6420     1 1 1 1    51      51    0
R   2312   219  ALA A  246    194  GLU A  221       7.0911     1 1 0 0   -76      76    0
R   2313   219  ALA A  246    196  TRP A  223      10.4833     1 1 0 0   -10      10    0
R   2314   219  ALA A  246    204  PHE A  231       8.6232     1 1 1 1     3       3    0
R   2318   219  ALA A  246    230  TYR A  257       9.5985     1 1 0 0   -63      63    0
R   2319   219  ALA A  246    231  GLN A  258       7.9252     0 1 1 1    51      51    0
R   2320   219  ALA A  246    234  VAL A  261       7.5140     1 1 1 1   134     134    0
R   2321   220  GLY A  247     91  SER A  118       7.4277     0 1 1 1    20      20    0
R   2322   220  GLY A  247     94  PHE A  121       7.7420     1 1 0 0   -96      96    0
R   2323   220  GLY A  247    107  ASN A  134       8.6557     0 1 1 1     6       6    0
R   2328   221  ALA A  248     90  GLY A  117       6.7266     0 1 0 0     0       0    0
R   2329   221  ALA A  248     91  SER A  118       5.8400     1 1 1 1    74      74    0
R   2330   221  ALA A  248     94  PHE A  121       6.1584     1 1 1 1   112     112    0
R   2335   221  ALA A  248    231  GLN A  258       4.9540     1 1 1 1    33      33    0
R   2336   221  ALA A  248    234  VAL A  261       7.3274     0 1 1 1     5       5    0
R   2337   221  ALA A  248    235  TRP A  262       7.4104     1 1 1 0  -142     142    0
R   2338   222  ASP A  249     83  SER A  110       7.2835     1 1 0 0  -155     155    0
R   2339   222  ASP A  249     84  HIS A  111       7.6738     0 1 1 1     1       1    0
R   2340   222  ASP A  249     85  SER A  112       8.2855     1 1 0 0   -31      31    0
R   2341   222  ASP A  249     86  ALA A  113       7.5107     0 1 0 0     0       0    0
R   2342   222  ASP A  249     91  SER A  118       5.8360     1 1 1 1    88      88    0
R   2347   222  ASP A  249    231  GLN A  258       6.9169     1 1 1 0   -77      77    0
R   2348   223  PRO A  250     82  SER A  109       8.1347     0 1 0 0     0       0    0
R   2349   223  PRO A  250     83  SER A  110       6.8892     0 1 0 0   -15      15    0
R   2350   223  PRO A  250     88  ASP A  115       9.1712     1 1 0 0  -110     110    0
R   2351   223  PRO A  250     90  GLY A  117       6.7399     0 1 0 0     0       0    0
R   2352   223  PRO A  250     91  SER A  118       8.1012     0 1 0 0    -8       8    0
R   2356   223  PRO A  250    231  GLN A  258       6.8863     0 1 1 1    29      29    0
R   2357   223  PRO A  250    235  TRP A  262      12.0396     0 1 1 1     6       6    0
R   2362   224  ARG A  251    228  PRO A  255       5.7206     1 1 0 0  -129     129    0
R   2363   224  ARG A  251    231  GLN A  258       8.1657     0 1 1 0   -12      12    0
R   2372   227  SER A  254    193  MET A  220       8.9346     1 1 0 0   -47      47    0
R   2378   228  PRO A  255    224  ARG A  251       5.7206     1 1 0 0   -86      86    0
R   2385   228  PRO A  255    232  PRO A  259       8.0060     1 1 0 0  -108     108    0
R   2391   229  ALA A  256    233  LEU A  260       6.6020     1 1 1 0   -95      95    0
R   2392   230  TYR A  257    189  VAL A  216       9.3551     1 1 1 1    75      75    0
R   2393   230  TYR A  257    190  PHE A  217       9.8301     1 1 1 0  -116     116    0
R   2394   230  TYR A  257    193  MET A  220       8.5058     1 1 1 1   196     196    0
R   2395   230  TYR A  257    194  GLU A  221      10.7125     1 1 1 1    57      57    0
R   2396   230  TYR A  257    219  ALA A  246       9.5985     1 1 0 0   -27      27    0
R   2403   230  TYR A  257    234  VAL A  261       6.3712     1 1 1 1   150     150    0
R   2405   231  GLN A  258    219  ALA A  246       7.9252     0 1 1 1    35      35    0
R   2406   231  GLN A  258    221  ALA A  248       4.9540     1 1 1 0    -2       2    0
R   2407   231  GLN A  258    222  ASP A  249       6.9169     1 1 1 0  -128     128    0
R   2408   231  GLN A  258    223  PRO A  250       6.8863     0 1 1 1    16      16    0
R   2409   231  GLN A  258    224  ARG A  251       8.1657     0 1 1 0    -8       8    0
R   2416   231  GLN A  258    235  TRP A  262       6.4679     1 1 1 1    49      49    0
R   2417   232  PRO A  259    228  PRO A  255       8.0060     1 1 0 0   -91      91    0
R   2424   232  PRO A  259    236  PHE A  263       6.6486     1 1 1 1    55      55    0
R   2425   233  LEU A  260    229  ALA A  256       6.6020     1 1 1 0   -51      51    0
R   2432   233  LEU A  260    237  TRP A  264       6.0309     1 1 1 1    94      94    0
R   2433   234  VAL A  261     94  PHE A  121       9.9444     0 1 1 1    34      34    0
R   2434   234  VAL A  261    189  VAL A  216      10.0348     0 1 1 1     2       2    0
R   2435   234  VAL A  261    190  PHE A  217       9.6633     1 1 1 1    78      78    0
R   2436   234  VAL A  261    204  PHE A  231      12.4067     0 1 1 1     1       1    0
R   2437   234  VAL A  261    219  ALA A  246       7.5140     1 1 1 1   104     104    0
R   2439   234  VAL A  261    221  ALA A  248       7.3274     0 1 1 0    -1       1    0
R   2440   234  VAL A  261    230  TYR A  257       6.3712     1 1 1 1    90      90    0
R   2447   234  VAL A  261    238  ILE A  265       6.6148     1 1 1 1    90      90    0
R   2448   235  TRP A  262     90  GLY A  117      10.4330     0 1 0 0   -64      64    0
R   2449   235  TRP A  262     93  PHE A  120       9.5992     1 1 1 1   133     133    0
R   2450   235  TRP A  262     94  PHE A  121       7.4493     1 1 1 1    25      25    0
R   2451   235  TRP A  262    221  ALA A  248       7.4104     1 1 1 0   -71      71    0
R   2452   235  TRP A  262    223  PRO A  250      12.0396     0 1 1 1     6       6    0
R   2453   235  TRP A  262    231  GLN A  258       6.4679     1 1 1 1    14      14    0
R   2460   235  TRP A  262    239  LEU A  266       7.0878     1 1 1 1    22      22    0
R   2461   236  PHE A  263    232  PRO A  259       6.6486     1 1 1 0   -41      41    0
R   2468   236  PHE A  263    240  LEU A  267       6.5769     1 1 1 1   172     172    0
R   2469   236  PHE A  263    268  LEU B   36      11.4806     0 1 1 1    35      35    0
R   2470   237  TRP A  264    181  LEU A  208       9.3161     0 1 0 0    -5       5    0
R   2471   237  TRP A  264    182  PHE A  209       7.3160     1 1 1 1    89      89    0
R   2472   237  TRP A  264    186  PRO A  213       8.2798     1 1 1 1    39      39    0
R   2473   237  TRP A  264    190  PHE A  217      12.0174     1 1 1 1   108     108    0
R   2474   237  TRP A  264    204  PHE A  231      13.0862     1 1 1 1    23      23    0
R   2475   237  TRP A  264    205  VAL A  232      10.2049     1 1 1 1   111     111    0
R   2476   237  TRP A  264    208  THR A  235      10.6958     1 1 1 1    44      44    0
R   2477   237  TRP A  264    209  LEU A  236       9.8306     1 1 1 1    76      76    0
R   2478   237  TRP A  264    233  LEU A  260       6.0309     1 1 1 0   -28      28    0
R   2485   237  TRP A  264    241  GLY A  268       5.8551     1 1 1 1   186     186    0
R   2486   238  ILE A  265     94  PHE A  121      11.0414     0 1 1 1    83      83    0
R   2487   238  ILE A  265    101  THR A  128       8.7208     1 1 1 1    28      28    0
R   2488   238  ILE A  265    103  ILE A  130       9.9973     1 1 1 1    91      91    0
R   2489   238  ILE A  265    105  TYR A  132      13.0117     0 1 1 0   -23      23    0
R   2490   238  ILE A  265    204  PHE A  231      11.5562     0 1 1 1     6       6    0
R   2491   238  ILE A  265    208  THR A  235       7.7295     1 1 1 1    81      81    0
R   2492   238  ILE A  265    209  LEU A  236       6.9092     0 1 1 1     3       3    0
R   2493   238  ILE A  265    234  VAL A  261       6.6148     1 1 1 0   -34      34    0
R   2500   238  ILE A  265    242  LEU A  269       5.9302     1 1 1 1   196     196    0
R   2501   239  LEU A  266    130  PHE A  157       9.6604     1 1 1 1    93      93    0
R   2502   239  LEU A  266    133  LEU A  160       9.3562     1 1 1 1   112     112    0
R   2503   239  LEU A  266    134  LEU A  161       7.3408     1 1 1 1    27      27    0
R   2504   239  LEU A  266    137  VAL A  164       8.5050     0 1 1 1    66      66    0
R   2505   239  LEU A  266    235  TRP A  262       7.0878     1 1 1 0   -10      10    0
R   2512   239  LEU A  266    243  ALA A  270       6.2299     1 1 1 1    92      92    0
R   2513   239  LEU A  266    268  LEU B   36      10.6169     1 1 1 1   112     112    0
R   2514   240  LEU A  267    137  VAL A  164       7.6903     0 1 1 1    71      71    0
R   2515   240  LEU A  267    141  LEU A  168       8.1882     0 1 1 1    40      40    0
R   2516   240  LEU A  267    182  PHE A  209       7.8925     1 1 1 1   120     120    0
R   2517   240  LEU A  267    236  PHE A  263       6.5769     1 1 1 1    71      71    0
R   2524   240  LEU A  267    244  TYR A  271       6.0710     1 1 1 1    99      99    0
R   2525   241  GLY A  268    182  PHE A  209       5.5896     1 1 0 0    -1       1    0
R   2526   241  GLY A  268    209  LEU A  236       6.4765     1 1 0 0    -9       9    0
R   2527   241  GLY A  268    237  TRP A  264       5.8551     1 1 1 1    65      65    0
R   2534   241  GLY A  268    245  PHE A  272       6.4422     1 1 1 1    69      69    0
R   2535   242  LEU A  269    101  THR A  128       8.5829     1 1 1 1    79      79    0
R   2536   242  LEU A  269    103  ILE A  130      10.4822     1 1 1 1     8       8    0
R   2537   242  LEU A  269    130  PHE A  157      11.0202     0 1 1 1    44      44    0
R   2538   242  LEU A  269    134  LEU A  161       7.3924     1 1 1 1    66      66    0
R   2539   242  LEU A  269    208  THR A  235       8.7648     0 1 0 0    -5       5    0
R   2540   242  LEU A  269    209  LEU A  236       5.5617     1 1 1 0  -109     109    0
R   2541   242  LEU A  269    211  THR A  238       8.3366     1 1 1 1   101     101    0
R   2542   242  LEU A  269    238  ILE A  265       5.9302     1 1 1 1    38      38    0
R   2549   242  LEU A  269    246  ALA A  273       6.4365     1 1 1 1    86      86    0
R   2550   243  ALA A  270    134  LEU A  161       5.4196     1 1 1 1    27      27    0
R   2551   243  ALA A  270    137  VAL A  164       6.1771     1 1 1 1   117     117    0
R   2552   243  ALA A  270    138  GLY A  165       4.4327     1 1 0 0   -45      45    0
R   2553   243  ALA A  270    141  LEU A  168       7.8703     0 1 1 1    16      16    0
R   2554   243  ALA A  270    239  LEU A  266       6.2299     1 1 1 0   -44      44    0
R   2561   243  ALA A  270    247  SER A  274       6.8327     1 1 1 1    70      70    0
R   2562   244  TYR A  271    141  LEU A  168       7.6369     0 1 1 1    17      17    0
R   2563   244  TYR A  271    145  LEU A  172      10.1277     1 1 1 1    80      80    0
R   2564   244  TYR A  271    174  PHE A  201       9.6915     1 1 1 1   103     103    0
R   2565   244  TYR A  271    175  LEU A  202       8.5850     1 1 1 1   114     114    0
R   2566   244  TYR A  271    178  GLY A  205       7.1474     1 1 0 0    -2       2    0
R   2567   244  TYR A  271    179  CYS A  206       8.8877     1 1 0 0   -14      14    0
R   2568   244  TYR A  271    182  PHE A  209       8.1932     1 1 1 1   140     140    0
R   2569   244  TYR A  271    183  VAL A  210      10.4689     0 1 1 1    11      11    0
R   2570   244  TYR A  271    240  LEU A  267       6.0710     1 1 1 0   -34      34    0
R   2577   244  TYR A  271    248  VAL A  275       6.8468     1 1 1 0   -35      35    0
R   2578   245  PHE A  272    182  PHE A  209       9.5943     0 1 1 1     2       2    0
R   2579   245  PHE A  272    183  VAL A  210      10.5530     0 1 1 1    71      71    0
R   2580   245  PHE A  272    206  ILE A  233      10.6265     0 1 1 1    30      30    0
R   2581   245  PHE A  272    209  LEU A  236       7.6738     1 1 1 1   108     108    0
R   2582   245  PHE A  272    210  THR A  237       8.5299     0 1 1 1    38      38    0
R   2583   245  PHE A  272    241  GLY A  268       6.4422     1 1 1 0   -21      21    0
R   2590   245  PHE A  272    249  LEU A  276       5.8533     1 1 1 1   244     244    0
R   2591   245  PHE A  272    383  LEU B  151      11.0934     0 1 1 1    99      99    0
R   2592   246  ALA A  273    134  LEU A  161       7.9419     0 1 1 1    37      37    0
R   2593   246  ALA A  273    135  ALA A  162       7.2682     0 1 0 0     0       0    0
R   2594   246  ALA A  273    138  GLY A  165       6.2319     0 1 0 0     0       0    0
R   2595   246  ALA A  273    242  LEU A  269       6.4365     1 1 1 0   -20      20    0
R   2602   246  ALA A  273    250  THR A  277       5.9889     1 1 1 1   193     193    0
R   2603   247  SER A  274    138  GLY A  165       5.8347     1 1 1 1   144     144    0
R   2604   247  SER A  274    139  ASP A  166       7.0002     0 1 1 1     1       1    0
R   2605   247  SER A  274    142  GLY A  169       6.5593     0 1 0 0     0       0    0
R   2606   247  SER A  274    146  ARG A  173      10.9222     1 1 1 1    30      30    0
R   2607   247  SER A  274    174  PHE A  201      10.0950     1 1 0 0     0       0    0
R   2608   247  SER A  274    243  ALA A  270       6.8327     1 1 1 1    41      41    0
R   2615   247  SER A  274    251  THR A  278       6.7842     1 1 1 1    17      17    0
R   2616   248  VAL A  275    174  PHE A  201       9.0365     1 1 1 1   101     101    0
R   2617   248  VAL A  275    175  LEU A  202       7.4986     0 1 1 1    68      68    0
R   2618   248  VAL A  275    244  TYR A  271       6.8468     1 1 1 0    -2       2    0
R   2625   248  VAL A  275    252  ILE A  279       6.2661     1 1 1 1    79      79    0
R   2626   249  LEU A  276    245  PHE A  272       5.8533     1 1 1 1    47      47    0
R   2633   249  LEU A  276    253  GLY A  280       5.5441     1 1 1 1   149     149    0
R   2634   249  LEU A  276    387  PRO B  155       7.7700     1 1 1 1   104     104    0
R   2635   250  THR A  277    246  ALA A  273       5.9889     1 1 1 1    53      53    0
R   2642   250  THR A  277    254  ASN A  281       5.6708     1 1 1 1   106     106    0
R   2643   251  THR A  278    146  ARG A  173      13.7572     0 1 0 0   -49      49    0
R   2644   251  THR A  278    174  PHE A  201      12.3582     0 1 1 0   -10      10    0
R   2645   251  THR A  278    247  SER A  274       6.7842     1 1 1 0   -33      33    0
R   2652   251  THR A  278    255  TRP A  282       6.1487     1 1 1 1    95      95    0
R   2653   252  ILE A  279    248  VAL A  275       6.2661     1 1 1 1    36      36    0
R   2660   252  ILE A  279    256  LEU A  283       6.2290     1 1 1 1   195     195    0
R   2661   252  ILE A  279    387  PRO B  155       8.8805     0 1 1 1    36      36    0
R   2662   253  GLY A  280    249  LEU A  276       5.5441     1 1 1 1    63      63    0
R   2669   253  GLY A  280    257  ARG A  284       6.2710     1 1 1 0   -65      65    0
R   2670   253  GLY A  280    391  ILE B  159       7.6427     0 1 0 0   -18      18    0
R   2671   254  ASN A  281    250  THR A  277       5.6708     1 1 1 0   -33      33    0
R   2678   254  ASN A  281    258  VAL A  285       6.3092     1 1 1 0  -172     172    0
R   2679   255  TRP A  282    251  THR A  278       6.1487     1 1 1 0   -32      32    0
R   2686   255  TRP A  282    259  VAL A  286       6.1032     1 1 1 0   -76      76    0
R   2687   256  LEU A  283    252  ILE A  279       6.2290     1 1 1 1    45      45    0
R   2694   256  LEU A  283    387  PRO B  155       9.6699     0 1 1 1    36      36    0
R   2695   256  LEU A  283    391  ILE B  159       8.2916     0 1 1 1    69      69    0
R   2696   257  ARG A  284      1  ARG A   28      11.0026     0 1 0 0   -22      22    0
R   2697   257  ARG A  284    253  GLY A  280       6.2710     1 1 1 0   -48      48    0
R   2703   257  ARG A  284    391  ILE B  159       7.0933     0 1 1 1    23      23    0
R   2704   257  ARG A  284    394  ALA B  162       9.4012     1 1 0 0  -111     111    0
R   2705   257  ARG A  284    398  ASP B  166      12.6071     0 1 1 1    65      65    0
R   2706   258  VAL A  285    254  ASN A  281       6.3092     1 1 1 0  -135     135    0
R   2711   259  VAL A  286    255  TRP A  282       6.1032     1 1 1 0  -116     116    0
R   2718   260  ARG B   28    264  LEU B   32       5.9502     1 1 1 1    75      75    0
R   2719   261  SER B   29    140  ARG A  167       8.3710     0 1 1 1   110     110    0
R   2724   261  SER B   29    265  LEU B   33       6.2218     1 1 1 1    87      87    0
R   2730   262  THR B   30    266  ALA B   34       6.2595     1 1 1 1   113     113    0
R   2737   263  THR B   31    267  LEU B   35       5.8760     1 1 1 1   149     149    0
R   2738   264  LEU B   32    133  LEU A  160       7.0879     0 1 1 0    -5       5    0
R   2739   264  LEU B   32    136  GLY A  163       6.5453     1 1 0 0   -55      55    0
R   2740   264  LEU B   32    137  VAL A  164       7.4293     1 1 1 1    57      57    0
R   2741   264  LEU B   32    140  ARG A  167       8.7981     1 1 1 1   166     166    0
R   2742   264  LEU B   32    260  ARG B   28       5.9502     1 1 1 0   -31      31    0
R   2749   264  LEU B   32    268  LEU B   36       6.2660     1 1 1 1   154     154    0
R   2750   265  LEU B   33    261  SER B   29       6.2218     1 1 1 0   -13      13    0
R   2757   265  LEU B   33    269  ALA B   37       6.1620     1 1 1 1   208     208    0
R   2758   266  ALA B   34    262  THR B   30       6.2595     1 1 1 0   -19      19    0
R   2765   266  ALA B   34    270  LEU B   38       6.0672     1 1 1 1    98      98    0
R   2766   267  LEU B   35    129  LEU A  156       8.7773     1 1 1 1    70      70    0
R   2767   267  LEU B   35    132  ILE A  159       8.5662     1 1 1 1   129     129    0
R   2768   267  LEU B   35    133  LEU A  160       6.3914     1 1 1 1    28      28    0
R   2769   267  LEU B   35    136  GLY A  163       8.9022     0 1 0 0     0       0    0
R   2770   267  LEU B   35    263  THR B   31       5.8760     1 1 1 0   -14      14    0
R   2777   267  LEU B   35    271  VAL B   39       6.1630     1 1 1 1   132     132    0
R   2778   268  LEU B   36    133  LEU A  160       6.9454     1 1 1 1    99      99    0
R   2779   268  LEU B   36    137  VAL A  164       9.2484     0 1 1 1    16      16    0
R   2780   268  LEU B   36    236  PHE A  263      11.4806     0 1 1 1    33      33    0
R   2781   268  LEU B   36    239  LEU A  266      10.6169     1 1 1 1    83      83    0
R   2782   268  LEU B   36    264  LEU B   32       6.2660     1 1 1 1    27      27    0
R   2789   268  LEU B   36    272  LEU B   40       6.0005     1 1 1 1   114     114    0
R   2790   269  ALA B   37    265  LEU B   33       6.1620     1 1 1 1    32      32    0
R   2797   269  ALA B   37    273  LEU B   41       6.1433     1 1 1 1    88      88    0
R   2798   270  LEU B   38    129  LEU A  156       9.1557     1 1 1 1   149     149    0
R   2799   270  LEU B   38    266  ALA B   34       6.0672     1 1 1 0   -17      17    0
R   2806   270  LEU B   38    274  TYR B   42       6.0908     1 1 1 1   176     176    0
R   2807   271  VAL B   39    100  ILE A  127       9.3636     1 1 1 1   101     101    0
R   2808   271  VAL B   39    129  LEU A  156       7.4175     1 1 1 1   112     112    0
R   2809   271  VAL B   39    130  PHE A  157       6.9112     1 1 1 1    51      51    0
R   2810   271  VAL B   39    133  LEU A  160       8.0653     1 1 1 1   102     102    0
R   2811   271  VAL B   39    267  LEU B   35       6.1630     1 1 1 0   -30      30    0
R   2818   271  VAL B   39    275  LEU B   43       6.2029     1 1 1 1   157     157    0
R   2819   272  LEU B   40     93  PHE A  120       9.2012     1 1 1 1    82      82    0
R   2820   272  LEU B   40    268  LEU B   36       6.0005     1 1 1 0   -12      12    0
R   2827   272  LEU B   40    276  VAL B   44       6.1518     1 1 1 1   127     127    0
R   2828   273  LEU B   41    269  ALA B   37       6.1433     1 1 1 0   -29      29    0
R   2835   273  LEU B   41    277  SER B   45       5.7514     1 1 1 1   190     190    0
R   2836   274  TYR B   42    100  ILE A  127       9.7063     1 1 1 1    38      38    0
R   2837   274  TYR B   42    121  PHE A  148      12.2155     0 1 1 1     1       1    0
R   2838   274  TYR B   42    122  TYR A  149       8.9735     1 1 1 1   289     289    0
R   2839   274  TYR B   42    125  VAL A  152       9.6500     1 1 1 1     7       7    0
R   2840   274  TYR B   42    126  GLY A  153       7.5489     1 1 1 1    39      39    0
R   2841   274  TYR B   42    129  LEU A  156       9.3557     1 1 1 1    93      93    0
R   2842   274  TYR B   42    270  LEU B   38       6.0908     1 1 1 0    -4       4    0
R   2849   274  TYR B   42    278  GLY B   46       6.1158     1 1 1 1    25      25    0
R   2850   275  LEU B   43     93  PHE A  120       5.6499     1 1 1 1   154     154    0
R   2851   275  LEU B   43     96  SER A  123       5.7314     1 1 1 1    14      14    0
R   2852   275  LEU B   43     97  GLY A  124       6.5102     1 1 0 0  -107     107    0
R   2853   275  LEU B   43    100  ILE A  127       8.6681     1 1 1 1   154     154    0
R   2854   275  LEU B   43    122  TYR A  149       9.4484     1 1 1 0   -49      49    0
R   2855   275  LEU B   43    130  PHE A  157      10.3999     0 1 1 1     2       2    0
R   2856   275  LEU B   43    271  VAL B   39       6.2029     1 1 1 1    11      11    0
R   2863   275  LEU B   43    279  ALA B   47       5.9015     1 1 1 1   152     152    0
R   2864   276  VAL B   44     89  LEU A  116       7.8976     0 1 1 1    10      10    0
R   2865   276  VAL B   44     93  PHE A  120       5.8439     1 1 1 1    58      58    0
R   2866   276  VAL B   44    272  LEU B   40       6.1518     1 1 1 1    10      10    0
R   2873   276  VAL B   44    280  LEU B   48       6.2876     1 1 1 0    -6       6    0
R   2874   277  SER B   45    122  TYR A  149       9.9291     0 1 0 0   -11      11    0
R   2875   277  SER B   45    273  LEU B   41       5.7514     1 1 1 1    47      47    0
R   2882   277  SER B   45    281  VAL B   49       6.4363     1 1 1 0   -91      91    0
R   2883   278  GLY B   46     96  SER A  123       5.7781     1 1 0 0     0       0    0
R   2884   278  GLY B   46    118  PHE A  145       9.0803     1 1 0 0     0       0    0
R   2885   278  GLY B   46    122  TYR A  149       7.3073     1 1 0 0     0       0    0
R   2886   278  GLY B   46    274  TYR B   42       6.1158     1 1 1 1    26      26    0
R   2893   278  GLY B   46    282  PHE B   50       6.0858     1 1 1 1    99      99    0
R   2894   279  ALA B   47     89  LEU A  116       5.6445     1 1 1 0    -3       3    0
R   2895   279  ALA B   47     92  ALA A  119       4.3764     1 1 0 0   -53      53    0
R   2896   279  ALA B   47     93  PHE A  120       4.2920     1 1 1 0   -83      83    0
R   2897   279  ALA B   47     96  SER A  123       6.1717     1 1 1 1     6       6    0
R   2898   279  ALA B   47    275  LEU B   43       5.9015     1 1 1 0    -7       7    0
R   2905   279  ALA B   47    283  ARG B   51       6.0173     1 1 1 1    97      97    0
R   2906   280  LEU B   48     89  LEU A  116       6.4895     1 1 1 1   122     122    0
R   2907   280  LEU B   48    276  VAL B   44       6.2876     1 1 1 0    -7       7    0
R   2914   280  LEU B   48    284  ALA B   52       6.1366     1 1 1 1    85      85    0
R   2915   281  VAL B   49    118  PHE A  145       8.4257     1 1 1 1   224     224    0
R   2916   281  VAL B   49    277  SER B   45       6.4363     1 1 1 0   -63      63    0
R   2923   281  VAL B   49    285  LEU B   53       6.2369     1 1 1 1    80      80    0
R   2924   282  PHE B   50     87  TRP A  114       7.0556     1 1 1 1    77      77    0
R   2925   282  PHE B   50     92  ALA A  119       6.1682     1 1 1 1    15      15    0
R   2926   282  PHE B   50     95  PHE A  122       8.5398     1 1 1 1    83      83    0
R   2927   282  PHE B   50     96  SER A  123       7.9962     1 1 0 0   -75      75    0
R   2928   282  PHE B   50     99  ILE A  126      11.7721     1 1 1 1   158     158    0
R   2929   282  PHE B   50    110  LEU A  137       8.6221     1 1 1 1    69      69    0
R   2930   282  PHE B   50    115  GLY A  142       6.2261     1 1 0 0  -104     104    0
R   2931   282  PHE B   50    118  PHE A  145       8.1416     1 1 1 1    83      83    0
R   2932   282  PHE B   50    119  CYS A  146       8.3025     1 1 1 1     7       7    0
R   2933   282  PHE B   50    122  TYR A  149      10.1030     1 1 1 1    47      47    0
R   2934   282  PHE B   50    278  GLY B   46       6.0858     1 1 1 0   -53      53    0
R   2941   282  PHE B   50    286  GLU B   54       5.6457     1 1 1 1   135     135    0
R   2942   283  ARG B   51     87  TRP A  114       4.8354     1 1 0 0   -53      53    0
R   2943   283  ARG B   51     88  ASP A  115       6.3298     0 1 0 0     0       0    0
R   2944   283  ARG B   51     89  LEU A  116       6.6234     1 1 1 0  -196     196    0
R   2945   283  ARG B   51     92  ALA A  119       5.9687     1 1 1 1     4       4    0
R   2946   283  ARG B   51    279  ALA B   47       6.0173     1 1 1 0   -28      28    0
R   2953   283  ARG B   51    287  GLN B   55       5.0594     1 1 1 1    64      64    0
R   2954   283  ARG B   51    288  PRO B   56       8.0274     1 1 0 0    -6       6    0
R   2955   284  ALA B   52    280  LEU B   48       6.1366     1 1 1 0   -38      38    0
R   2961   284  ALA B   52    288  PRO B   56       7.3056     1 1 0 0  -104     104    0
R   2962   285  LEU B   53    112  THR A  139       6.9471     1 1 0 0  -182     182    0
R   2963   285  LEU B   53    114  ALA A  141       6.6630     1 1 1 1    69      69    0
R   2964   285  LEU B   53    115  GLY A  142       5.8935     1 1 0 0    -2       2    0
R   2965   285  LEU B   53    118  PHE A  145       9.2541     1 1 1 1    54      54    0
R   2966   285  LEU B   53    281  VAL B   49       6.2369     1 1 1 1   101     101    0
R   2973   285  LEU B   53    289  HIS B   57       7.8878     0 1 1 0    -5       5    0
R   2974   286  GLU B   54     87  TRP A  114       6.5981     1 1 1 1   128     128    0
R   2975   286  GLU B   54    109  ALA A  136       9.4112     0 1 0 0    -1       1    0
R   2976   286  GLU B   54    110  LEU A  137       6.6889     1 1 1 1    92      92    0
R   2977   286  GLU B   54    111  ARG A  138       6.7292     1 1 1 1    59      59    0
R   2978   286  GLU B   54    112  THR A  139       6.3887     1 1 1 1   221     221    0
R   2979   286  GLU B   54    115  GLY A  142       6.6141     1 1 0 0     0       0    0
R   2980   286  GLU B   54    282  PHE B   50       5.6457     1 1 1 0   -27      27    0
R   2987   286  GLU B   54    290  GLU B   58       6.4344     1 1 1 1    43      43    0
R   2988   287  GLN B   55     81  ASN A  108       9.3458     0 1 0 0     0       0    0
R   2989   287  GLN B   55     82  SER A  109      10.3164     0 1 0 0   -13      13    0
R   2990   287  GLN B   55     85  SER A  112       7.8306     1 1 1 1   119     119    0
R   2991   287  GLN B   55     87  TRP A  114       5.1162     1 1 1 1    81      81    0
R   2992   287  GLN B   55     88  ASP A  115       7.3773     1 1 0 0   -14      14    0
R   2993   287  GLN B   55    283  ARG B   51       5.0594     1 1 1 0   -54      54    0
R   2999   287  GLN B   55    291  GLN B   59       6.0938     1 1 1 1    29      29    0
R   3000   288  PRO B   56    283  ARG B   51       8.0274     1 1 0 0   -36      36    0
R   3001   288  PRO B   56    284  ALA B   52       7.3056     1 1 0 0   -74      74    0
R   3008   288  PRO B   56    292  GLN B   60       6.2633     1 1 1 1    74      74    0
R   3009   288  PRO B   56    295  ARG B   63      10.7073     0 1 1 1    20      20    0
R   3010   289  HIS B   57     70  GLY A   97       7.0348     1 1 1 1    22      22    0
R   3011   289  HIS B   57    111  ARG A  138       7.1917     1 1 1 1    54      54    0
R   3012   289  HIS B   57    112  THR A  139       7.6590     1 1 1 1    88      88    0
R   3013   289  HIS B   57    285  LEU B   53       7.8878     0 1 1 0     0       0    0
R   3020   289  HIS B   57    293  ALA B   61       6.2708     1 1 1 1   132     132    0
R   3021   290  GLU B   58     70  GLY A   97       5.9194     1 1 1 0    -5       5    0
R   3022   290  GLU B   58     71  GLY A   98       5.0687     1 1 0 0   -95      95    0
R   3023   290  GLU B   58     72  ALA A   99       6.3044     0 1 1 1     7       7    0
R   3024   290  GLU B   58     80  SER A  107       8.9287     0 1 0 0     0       0    0
R   3025   290  GLU B   58     84  HIS A  111      10.3895     0 1 1 0   -10      10    0
R   3026   290  GLU B   58     85  SER A  112       7.9319     1 1 1 1   137     137    0
R   3027   290  GLU B   58     86  ALA A  113       7.9770     1 1 1 1    59      59    0
R   3028   290  GLU B   58     87  TRP A  114       7.7753     1 1 1 1    55      55    0
R   3030   290  GLU B   58    111  ARG A  138       8.2559     0 1 0 0    -1       1    0
R   3031   290  GLU B   58    286  GLU B   54       6.4344     1 1 1 0    -3       3    0
R   3038   290  GLU B   58    294  GLN B   62       6.3275     1 1 1 1   117     117    0
R   3039   291  GLN B   59     80  SER A  107       6.8485     1 1 0 0   -42      42    0
R   3040   291  GLN B   59     81  ASN A  108       7.8770     1 1 1 1    63      63    0
R   3041   291  GLN B   59     85  SER A  112       7.8106     0 1 1 1     1       1    0
R   3042   291  GLN B   59    287  GLN B   55       6.0938     1 1 1 0   -53      53    0
R   3049   291  GLN B   59    295  ARG B   63       6.3299     1 1 1 1   101     101    0
R   3050   292  GLN B   60    288  PRO B   56       6.2633     1 1 1 0    -8       8    0
R   3057   292  GLN B   60    296  GLU B   64       6.1327     1 1 1 1   128     128    0
R   3058   292  GLN B   60    299  GLU B   67      10.1949     0 1 1 1    38      38    0
R   3059   293  ALA B   61     67  ALA A   94       4.9379     1 1 0 0  -103     103    0
R   3060   293  ALA B   61     70  GLY A   97       5.1253     1 1 0 0  -114     114    0
R   3061   293  ALA B   61     71  GLY A   98       6.1927     1 1 0 0    -5       5    0
R   3062   293  ALA B   61     72  ALA A   99       5.3277     1 1 0 0   -14      14    0
R   3063   293  ALA B   61    289  HIS B   57       6.2708     1 1 1 1    12      12    0
R   3070   293  ALA B   61    297  LEU B   65       6.2914     1 1 1 1   135     135    0
R   3071   294  GLN B   62     72  ALA A   99       4.4484     1 1 1 0     0       0    0
R   3072   294  GLN B   62     73  ASP A  100       6.8894     1 1 1 1   208     208    0
R   3073   294  GLN B   62     75  GLU A  102       8.9835     1 1 1 0  -101     101    0
R   3074   294  GLN B   62     79  THR A  106       8.7880     0 1 0 0     0       0    0
R   3075   294  GLN B   62     80  SER A  107       7.5914     1 1 1 0   -84      84    0
R   3076   294  GLN B   62     84  HIS A  111      10.0554     0 1 0 0   -62      62    0
R   3077   294  GLN B   62    290  GLU B   58       6.3275     1 1 1 0    -5       5    0
R   3084   294  GLN B   62    298  GLY B   66       6.4296     1 1 1 1   112     112    0
R   3085   295  ARG B   63    288  PRO B   56      10.7073     0 1 1 1    21      21    0
R   3086   295  ARG B   63    291  GLN B   59       6.3299     1 1 1 1    10      10    0
R   3093   295  ARG B   63    299  GLU B   67       6.0109     1 1 1 1   103     103    0
R   3094   296  GLU B   64     67  ALA A   94       6.1683     0 1 1 1    27      27    0
R   3095   296  GLU B   64    292  GLN B   60       6.1327     1 1 1 1     2       2    0
R   3102   296  GLU B   64    300  VAL B   68       6.1189     1 1 1 1    64      64    0
R   3103   297  LEU B   65     64  VAL A   91       6.0801     1 1 1 1   159     159    0
R   3104   297  LEU B   65     67  ALA A   94       5.3002     1 1 1 1    80      80    0
R   3105   297  LEU B   65     68  LEU A   95       7.5993     0 1 1 1    19      19    0
R   3106   297  LEU B   65     72  ALA A   99       6.8184     1 1 1 1    46      46    0
R   3107   297  LEU B   65     73  ASP A  100       8.5555     1 1 0 0   -89      89    0
R   3108   297  LEU B   65     74  PRO A  101       8.3949     1 1 1 1    14      14    0
R   3109   297  LEU B   65     75  GLU A  102       9.4850     0 1 1 1     5       5    0
R   3110   297  LEU B   65    293  ALA B   61       6.2914     1 1 1 1    28      28    0
R   3117   297  LEU B   65    301  ARG B   69       6.3407     1 1 1 1    99      99    0
R   3118   297  LEU B   65    320  ILE B   88       9.4236     1 1 1 1   108     108    0
R   3119   298  GLY B   66     75  GLU A  102       8.8525     0 1 0 0     0       0    0
R   3120   298  GLY B   66    294  GLN B   62       6.4296     1 1 1 1    34      34    0
R   3127   298  GLY B   66    302  GLU B   70       6.1496     1 1 1 1    76      76    0
R   3128   299  GLU B   67    292  GLN B   60      10.1949     0 1 1 1    35      35    0
R   3129   299  GLU B   67    295  ARG B   63       6.0109     1 1 1 0   -34      34    0
R   3136   299  GLU B   67    303  LYS B   71       6.0659     1 1 1 1    93      93    0
R   3137   300  VAL B   68     60  LEU A   87       7.4543     1 1 1 1   122     122    0
R   3138   300  VAL B   68     63  GLU A   90       7.0968     1 1 1 0   -64      64    0
R   3139   300  VAL B   68     64  VAL A   91       7.3026     1 1 1 1    47      47    0
R   3140   300  VAL B   68    296  GLU B   64       6.1189     1 1 1 0   -16      16    0
R   3147   300  VAL B   68    304  PHE B   72       6.1549     1 1 1 1    79      79    0
R   3148   301  ARG B   69     60  LEU A   87       8.3997     0 1 0 0     0       0    0
R   3149   301  ARG B   69     75  GLU A  102      11.0142     1 1 1 1   118     118    0
R   3150   301  ARG B   69    297  LEU B   65       6.3407     1 1 1 0    -6       6    0
R   3157   301  ARG B   69    305  LEU B   73       6.2359     1 1 1 1    78      78    0
R   3158   301  ARG B   69    313  ASP B   81       7.8616     1 1 1 1   200     200    0
R   3159   301  ARG B   69    316  LEU B   84       7.2891     1 1 1 0   -38      38    0
R   3160   301  ARG B   69    317  GLY B   85       8.3241     0 1 0 0   -17      17    0
R   3161   301  ARG B   69    320  ILE B   88       8.9421     1 1 1 1    66      66    0
R   3162   302  GLU B   70    298  GLY B   66       6.1496     1 1 1 0   -49      49    0
R   3169   302  GLU B   70    306  ARG B   74       6.3388     1 1 1 1   173     173    0
R   3170   303  LYS B   71     63  GLU A   90      11.2697     0 1 1 1    93      93    0
R   3171   303  LYS B   71    299  GLU B   67       6.0659     1 1 1 0   -13      13    0
R   3178   303  LYS B   71    307  ALA B   75       6.4081     1 1 1 1    55      55    0
R   3179   304  PHE B   72     45  PHE A   72      13.4113     1 1 1 1    72      72    0
R   3180   304  PHE B   72     52  VAL A   79       9.7424     1 1 1 1    98      98    0
R   3181   304  PHE B   72     56  GLU A   83       9.2256     0 1 0 0   -51      51    0
R   3182   304  PHE B   72     57  LEU A   84       9.3102     0 1 1 1     5       5    0
R   3183   304  PHE B   72     60  LEU A   87       7.6952     1 1 1 1   179     179    0
R   3184   304  PHE B   72    300  VAL B   68       6.1549     1 1 1 0   -40      40    0
R   3191   304  PHE B   72    308  HIS B   76       6.0220     1 1 1 1   223     223    0
R   3192   304  PHE B   72    311  VAL B   79       8.8248     1 1 1 1    32      32    0
R   3193   304  PHE B   72    316  LEU B   84       8.6718     1 1 1 1   142     142    0
R   3194   305  LEU B   73    301  ARG B   69       6.2359     1 1 1 0   -37      37    0
R   3201   305  LEU B   73    309  PRO B   77       5.9715     0 1 0 0   -21      21    0
R   3202   305  LEU B   73    311  VAL B   79       6.5016     1 1 1 0   -96      96    0
R   3203   305  LEU B   73    312  SER B   80       7.2403     1 1 0 0   -13      13    0
R   3204   305  LEU B   73    313  ASP B   81       6.8250     1 1 1 0   -54      54    0
R   3205   305  LEU B   73    316  LEU B   84       7.9547     1 1 1 1    84      84    0
R   3206   306  ARG B   74    302  GLU B   70       6.3388     1 1 1 1    26      26    0
R   3213   307  ALA B   75     56  GLU A   83       9.9646     0 1 0 0    -3       3    0
R   3214   307  ALA B   75    303  LYS B   71       6.4081     1 1 1 0   -39      39    0
R   3220   308  HIS B   76     51  CYS A   78       6.0214     1 1 1 1    75      75    0
R   3221   308  HIS B   76     52  VAL A   79       6.6045     1 1 1 1    38      38    0
R   3222   308  HIS B   76     56  GLU A   83       9.8025     1 1 1 0  -140     140    0
R   3223   308  HIS B   76    304  PHE B   72       6.0220     1 1 1 1    26      26    0
R   3230   309  PRO B   77     51  CYS A   78       7.6008     1 1 1 1    14      14    0
R   3231   309  PRO B   77    305  LEU B   73       5.9715     0 1 0 0   -33      33    0
R   3237   310  CYS B   78     48  ALA A   75       8.7473     0 1 0 0    -2       2    0
R   3238   310  CYS B   78     49  HIS A   76       5.8231     1 1 1 1   126     126    0
R   3239   310  CYS B   78     50  PRO A   77       7.3765     1 1 1 1    35      35    0
R   3240   310  CYS B   78     51  CYS A   78       6.4334     1 1 1 1     4       4    0
R   3245   310  CYS B   78    315  GLU B   83       9.8360     0 1 0 0    -9       9    0
R   3246   311  VAL B   79     45  PHE A   72       9.4583     1 1 1 1   117     117    0
R   3247   311  VAL B   79     49  HIS A   76       6.4537     1 1 1 1   112     112    0
R   3248   311  VAL B   79     52  VAL A   79       9.1027     1 1 1 1    16      16    0
R   3249   311  VAL B   79    304  PHE B   72       8.8248     1 1 1 1    29      29    0
R   3250   311  VAL B   79    305  LEU B   73       6.5016     1 1 1 0   -80      80    0
R   3255   311  VAL B   79    315  GLU B   83       6.2794     1 1 1 1    17      17    0
R   3256   311  VAL B   79    316  LEU B   84       6.5255     1 1 1 1    57      57    0
R   3257   312  SER B   80    305  LEU B   73       7.2403     1 1 0 0     0       0    0
R   3262   312  SER B   80    316  LEU B   84       6.3311     1 1 1 1    93      93    0
R   3263   313  ASP B   81    301  ARG B   69       7.8616     1 1 1 1   240     240    0
R   3264   313  ASP B   81    305  LEU B   73       6.8250     1 1 1 0    -5       5    0
R   3269   313  ASP B   81    317  GLY B   85       6.1324     1 1 1 1   130     130    0
R   3275   314  GLN B   82    318  LEU B   86       6.6086     1 1 1 1    41      41    0
R   3276   315  GLU B   83     45  PHE A   72       9.1740     0 1 1 0   -26      26    0
R   3277   315  GLU B   83     48  ALA A   75      10.0496     0 1 0 0    -3       3    0
R   3278   315  GLU B   83     49  HIS A   76       9.8647     1 1 1 0  -159     159    0
R   3279   315  GLU B   83    310  CYS B   78       9.8360     0 1 0 0   -11      11    0
R   3280   315  GLU B   83    311  VAL B   79       6.2794     1 1 1 1    10      10    0
R   3287   315  GLU B   83    319  LEU B   87       6.4976     1 1 1 1    81      81    0
R   3288   316  LEU B   84     45  PHE A   72       9.1156     0 1 1 1     8       8    0
R   3289   316  LEU B   84     60  LEU A   87      10.3274     1 1 1 1    99      99    0
R   3290   316  LEU B   84    301  ARG B   69       7.2891     1 1 1 0  -108     108    0
R   3291   316  LEU B   84    304  PHE B   72       8.6718     1 1 1 1   124     124    0
R   3292   316  LEU B   84    305  LEU B   73       7.9547     1 1 1 1    83      83    0
R   3293   316  LEU B   84    311  VAL B   79       6.5255     1 1 1 1    29      29    0
R   3294   316  LEU B   84    312  SER B   80       6.3311     1 1 1 0   -14      14    0
R   3301   316  LEU B   84    320  ILE B   88       6.3777     1 1 1 1    16      16    0
R   3302   317  GLY B   85     74  PRO A  101       7.5405     0 1 0 0    -5       5    0
R   3303   317  GLY B   85     75  GLU A  102       7.6138     0 1 0 0     0       0    0
R   3304   317  GLY B   85     76  THR A  103       6.9328     0 1 0 0   -24      24    0
R   3305   317  GLY B   85    301  ARG B   69       8.3241     0 1 0 0    -2       2    0
R   3306   317  GLY B   85    313  ASP B   81       6.1324     1 1 1 1    47      47    0
R   3313   317  GLY B   85    321  LYS B   89       6.3762     1 1 1 1    82      82    0
R   3314   318  LEU B   86     76  THR A  103       8.5266     0 1 1 1    22      22    0
R   3315   318  LEU B   86    314  GLN B   82       6.6086     1 1 1 0   -40      40    0
R   3322   318  LEU B   86    322  GLU B   90       6.0278     1 1 1 1    40      40    0
R   3323   319  LEU B   87     41  VAL A   68       7.2712     1 1 1 1   132     132    0
R   3324   319  LEU B   87     42  ARG A   69       8.3259     0 1 0 0    -1       1    0
R   3325   319  LEU B   87     45  PHE A   72       7.5176     1 1 1 1   180     180    0
R   3326   319  LEU B   87     57  LEU A   84      10.2082     1 1 1 1    78      78    0
R   3327   319  LEU B   87     60  LEU A   87      10.1407     1 1 1 1   149     149    0
R   3328   319  LEU B   87     61  ILE A   88       9.2457     0 1 1 1     3       3    0
R   3329   319  LEU B   87    315  GLU B   83       6.4976     1 1 1 0   -19      19    0
R   3336   319  LEU B   87    323  VAL B   91       5.8518     1 1 1 1   193     193    0
R   3337   320  ILE B   88     60  LEU A   87       9.0973     0 1 1 1     5       5    0
R   3338   320  ILE B   88     64  VAL A   91       7.0864     1 1 1 1   169     169    0
R   3339   320  ILE B   88     68  LEU A   95       9.6863     0 1 1 1     3       3    0
R   3340   320  ILE B   88     74  PRO A  101       6.5307     1 1 1 1   103     103    0
R   3341   320  ILE B   88    297  LEU B   65       9.4236     1 1 1 1    68      68    0
R   3342   320  ILE B   88    301  ARG B   69       8.9421     1 1 1 1    31      31    0
R   3343   320  ILE B   88    316  LEU B   84       6.3777     1 1 1 0    -6       6    0
R   3350   320  ILE B   88    324  ALA B   92       5.6453     1 1 1 1   156     156    0
R   3351   321  LYS B   89     74  PRO A  101       5.6241     1 1 1 1    80      80    0
R   3352   321  LYS B   89     76  THR A  103       8.6871     0 1 1 1    10      10    0
R   3353   321  LYS B   89    317  GLY B   85       6.3762     1 1 1 0    -4       4    0
R   3360   321  LYS B   89    325  ASP B   93       6.1803     1 1 1 1   206     206    0
R   3361   322  GLU B   90     41  VAL A   68       6.9738     1 1 1 0   -34      34    0
R   3362   322  GLU B   90     44  LYS A   71      11.3709     0 1 1 1    27      27    0
R   3363   322  GLU B   90    318  LEU B   86       6.0278     1 1 1 0   -58      58    0
R   3370   322  GLU B   90    326  ALA B   94       6.3324     1 1 1 1    80      80    0
R   3371   323  VAL B   91     38  LEU A   65       6.0274     1 1 1 1    57      57    0
R   3372   323  VAL B   91     41  VAL A   68       7.0851     1 1 1 1    22      22    0
R   3373   323  VAL B   91     61  ILE A   88       7.0196     1 1 1 1   166     166    0
R   3374   323  VAL B   91     64  VAL A   91       8.1971     1 1 1 1    60      60    0
R   3375   323  VAL B   91    319  LEU B   87       5.8518     1 1 1 1    80      80    0
R   3382   323  VAL B   91    327  LEU B   95       6.1604     1 1 1 1   206     206    0
R   3383   324  ALA B   92     68  LEU A   95       7.2802     1 1 1 1    61      61    0
R   3384   324  ALA B   92     74  PRO A  101       7.3406     1 1 1 1   115     115    0
R   3385   324  ALA B   92    320  ILE B   88       5.6453     1 1 1 0    -8       8    0
R   3392   324  ALA B   92    328  GLY B   96       5.8754     1 1 1 1   181     181    0
R   3393   325  ASP B   93     74  PRO A  101       9.5656     0 1 0 0    -2       2    0
R   3394   325  ASP B   93    321  LYS B   89       6.1803     1 1 1 1    93      93    0
R   3401   325  ASP B   93    329  GLY B   97       6.2113     1 1 1 1   131     131    0
R   3402   326  ALA B   94     34  ALA A   61       5.1612     1 1 0 0   -50      50    0
R   3403   326  ALA B   94     37  GLU A   64       6.2873     0 1 1 1    17      17    0
R   3404   326  ALA B   94     38  LEU A   65       5.3211     1 1 1 1   132     132    0
R   3405   326  ALA B   94     41  VAL A   68       8.8541     0 1 1 1     5       5    0
R   3406   326  ALA B   94    322  GLU B   90       6.3324     1 1 1 0    -6       6    0
R   3413   326  ALA B   94    330  GLY B   98       6.5530     1 1 1 1     4       4    0
R   3414   326  ALA B   94    331  ALA B   99       5.4716     1 1 1 1    94      94    0
R   3415   327  LEU B   95     38  LEU A   65       7.5089     0 1 1 1    18      18    0
R   3416   327  LEU B   95     61  ILE A   88       9.2919     0 1 1 1     7       7    0
R   3417   327  LEU B   95     65  ALA A   92       7.2261     1 1 1 1    12      12    0
R   3418   327  LEU B   95     68  LEU A   95       9.0327     1 1 1 1   116     116    0
R   3419   327  LEU B   95    323  VAL B   91       6.1604     1 1 1 1   124     124    0
R   3426   327  LEU B   95    331  ALA B   99       4.4994     1 1 1 0   -50      50    0
R   3427   327  LEU B   95    333  PRO B  101       7.3155     1 1 1 1   156     156    0
R   3428   328  GLY B   96    324  ALA B   92       5.8754     1 1 1 1    47      47    0
R   3434   329  GLY B   97     34  ALA A   61       5.3098     1 1 0 0    -3       3    0
R   3435   329  GLY B   97    325  ASP B   93       6.2113     1 1 1 1    50      50    0
R   3441   329  GLY B   97    370  ARG B  138       8.7706     1 1 1 1   171     171    0
R   3442   330  GLY B   98     34  ALA A   61       6.1383     1 1 0 0     0       0    0
R   3443   330  GLY B   98    326  ALA B   94       6.5530     1 0 0 0     0       0    0
R   3450   331  ALA B   99     34  ALA A   61       5.0572     1 1 0 0  -104     104    0
R   3451   331  ALA B   99     35  GLN A   62       4.2852     1 1 0 0    -1       1    0
R   3452   331  ALA B   99     38  LEU A   65       6.6346     1 1 1 1    79      79    0
R   3453   331  ALA B   99    326  ALA B   94       5.4716     1 1 1 0   -62      62    0
R   3454   331  ALA B   99    327  LEU B   95       4.4994     1 1 1 0  -121     121    0
R   3459   332  ASP B  100     35  GLN A   62       6.6055     1 1 1 0   -25      25    0
R   3460   332  ASP B  100     38  LEU A   65       8.4867     1 1 0 0   -18      18    0
R   3466   333  PRO B  101     38  LEU A   65       8.2931     1 1 1 1    15      15    0
R   3467   333  PRO B  101     58  GLY A   85       7.5533     0 1 0 0    -7       7    0
R   3468   333  PRO B  101     61  ILE A   88       6.1573     1 1 1 1    80      80    0
R   3469   333  PRO B  101     62  LYS A   89       5.5262     1 1 1 1    51      51    0
R   3470   333  PRO B  101     65  ALA A   92       7.0812     1 1 1 1    76      76    0
R   3471   333  PRO B  101    327  LEU B   95       7.3155     1 1 1 1   116     116    0
R   3477   334  GLU B  102     62  LYS A   89       7.1412     1 1 1 0   -92      92    0
R   3482   335  THR B  103     35  GLN A   62       8.4042     1 1 1 1   177     177    0
R   3483   335  THR B  103     38  LEU A   65       9.9110     0 1 0 0   -16      16    0
R   3489   335  THR B  103    342  SER B  110       8.9054     0 1 1 1    23      23    0
R   3490   336  ASN B  104     35  GLN A   62       7.2552     1 1 0 0     0       0    0
R   3491   336  ASN B  104     39  GLY A   66       5.9879     0 1 0 0     0       0    0
R   3492   336  ASN B  104     42  ARG A   69       9.3550     1 1 1 0   -13      13    0
R   3493   336  ASN B  104     54  ASP A   81      10.6309     0 1 0 0   -60      60    0
R   3499   336  ASN B  104    340  ASN B  108       7.3809     1 1 1 1   127     127    0
R   3500   337  SER B  105     32  GLN A   59       7.8472     1 1 0 0   -23      23    0
R   3501   337  SER B  105     35  GLN A   62       6.3857     1 1 1 0   -29      29    0
R   3502   337  SER B  105     36  ARG A   63       6.2000     1 1 0 0   -45      45    0
R   3508   337  SER B  105    341  SER B  109       5.5897     1 1 1 1    93      93    0
R   3509   337  SER B  105    342  SER B  110       7.2090     0 1 1 1    23      23    0
R   3510   338  THR B  106     35  GLN A   62       6.6225     0 1 1 1     5       5    0
R   3511   338  THR B  106     36  ARG A   63       4.1703     1 1 1 0   -19      19    0
R   3512   338  THR B  106     39  GLY A   66       5.6978     1 1 0 0     0       0    0
R   3513   338  THR B  106     40  GLU A   67       7.1725     0 1 1 1    46      46    0
R   3514   338  THR B  106     42  ARG A   69      10.3635     0 1 1 1     8       8    0
R   3515   338  THR B  106     43  GLU A   70       9.8525     1 1 1 0   -53      53    0
R   3523   340  ASN B  108     32  GLN A   59       9.2748     0 1 0 0   -20      20    0
R   3524   340  ASN B  108    336  ASN B  104       7.3809     1 1 1 1   101     101    0
R   3529   341  SER B  109     32  GLN A   59       7.4886     0 1 0 0     0       0    0
R   3530   341  SER B  109    337  SER B  105       5.5897     1 1 1 1    69      69    0
R   3533   342  SER B  110     32  GLN A   59       7.8284     1 1 1 1    72      72    0
R   3534   342  SER B  110     35  GLN A   62       9.4817     0 1 1 0    -9       9    0
R   3535   342  SER B  110    335  THR B  103       8.9054     0 1 1 1    26      26    0
R   3536   342  SER B  110    337  SER B  105       7.2090     0 1 1 1    46      46    0
R   3539   343  HIS B  111     31  GLU A   58       9.5217     1 1 0 0   -41      41    0
R   3540   343  HIS B  111     32  GLN A   59       9.6951     0 1 1 1    18      18    0
R   3544   343  HIS B  111    480  ALA B  248      10.7697     0 1 1 0    -3       3    0
R   3545   343  HIS B  111    482  PRO B  250       6.2181     1 1 1 0   -46      46    0
R   3546   344  SER B  112     28  GLN A   55       7.8425     1 1 1 1    81      81    0
R   3547   344  SER B  112     31  GLU A   58       7.6156     1 1 1 1   110     110    0
R   3552   344  SER B  112    350  SER B  118       8.2236     0 1 1 1     8       8    0
R   3553   345  ALA B  113     31  GLU A   58       7.2371     1 1 1 1    24      24    0
R   3558   345  ALA B  113    350  SER B  118       6.0018     1 1 0 0    -2       2    0
R   3559   345  ALA B  113    367  VAL B  135       6.9210     1 1 1 1   109     109    0
R   3560   346  TRP B  114     23  PHE A   50       7.4670     1 1 1 1    87      87    0
R   3561   346  TRP B  114     24  ARG A   51       5.1626     1 1 0 0  -150     150    0
R   3562   346  TRP B  114     27  GLU A   54       6.8798     1 1 1 1    50      50    0
R   3563   346  TRP B  114     28  GLN A   55       5.3265     1 1 1 0   -25      25    0
R   3564   346  TRP B  114     31  GLU A   58       7.4677     1 1 1 1    98      98    0
R   3568   346  TRP B  114    351  ALA B  119       5.0582     1 1 1 1    61      61    0
R   3569   346  TRP B  114    354  PHE B  122       8.6181     1 1 1 1   194     194    0
R   3570   346  TRP B  114    367  VAL B  135       8.6845     1 1 1 1    17      17    0
R   3571   346  TRP B  114    368  ALA B  136      10.3014     0 1 1 0   -20      20    0
R   3572   346  TRP B  114    369  LEU B  137      10.0454     1 1 1 1   145     145    0
R   3573   346  TRP B  114    370  ARG B  138      11.5954     0 1 0 0    -1       1    0
R   3574   347  ASP B  115     24  ARG A   51       6.7711     1 1 0 0     0       0    0
R   3575   347  ASP B  115     28  GLN A   55       7.7158     0 1 0 0     0       0    0
R   3582   347  ASP B  115    351  ALA B  119       6.0384     1 1 1 1   117     117    0
R   3583   348  LEU B  116     17  VAL A   44       8.2028     0 1 1 1    45      45    0
R   3584   348  LEU B  116     20  ALA A   47       6.0353     1 1 1 1    86      86    0
R   3585   348  LEU B  116     21  LEU A   48       6.8290     1 1 1 0   -14      14    0
R   3586   348  LEU B  116     24  ARG A   51       6.8912     1 1 0 0  -133     133    0
R   3591   348  LEU B  116    352  PHE B  120       6.0431     1 1 1 1   167     167    0
R   3597   349  GLY B  117    353  PHE B  121       6.3005     1 1 1 1    93      93    0
R   3598   349  GLY B  117    487  PRO B  255       6.4773     0 1 0 0     0       0    0
R   3599   349  GLY B  117    490  GLN B  258       6.7451     0 1 0 0    -2       2    0
R   3600   349  GLY B  117    491  PRO B  259       6.2426     1 1 0 0   -29      29    0
R   3601   350  SER B  118    344  SER B  112       8.2236     0 1 1 1    12      12    0
R   3602   350  SER B  118    345  ALA B  113       6.0018     1 1 0 0    -3       3    0
R   3609   350  SER B  118    354  PHE B  122       5.9411     1 1 1 1   141     141    0
R   3610   350  SER B  118    479  GLY B  247       8.1722     0 1 1 1     2       2    0
R   3611   350  SER B  118    490  GLN B  258       7.0301     1 1 1 1   114     114    0
R   3612   351  ALA B  119     20  ALA A   47       4.4823     1 1 1 0  -107     107    0
R   3613   351  ALA B  119     23  PHE A   50       6.4025     0 1 1 1     2       2    0
R   3614   351  ALA B  119     24  ARG A   51       6.0579     1 1 1 1    41      41    0
R   3615   351  ALA B  119    346  TRP B  114       5.0582     1 1 1 1    58      58    0
R   3616   351  ALA B  119    347  ASP B  115       6.0384     1 1 1 0   -27      27    0
R   3623   351  ALA B  119    355  SER B  123       6.1814     1 1 1 1   227     227    0
R   3624   352  PHE B  120     13  LEU A   40       9.2236     1 1 1 1    59      59    0
R   3625   352  PHE B  120     16  LEU A   43       5.7571     1 1 1 1   192     192    0
R   3626   352  PHE B  120     17  VAL A   44       5.8373     1 1 1 1    27      27    0
R   3627   352  PHE B  120     20  ALA A   47       4.4031     1 1 1 1    18      18    0
R   3628   352  PHE B  120    348  LEU B  116       6.0431     1 1 1 0    -3       3    0
R   3635   352  PHE B  120    356  GLY B  124       6.2940     1 1 1 1   107     107    0
R   3636   352  PHE B  120    491  PRO B  259       7.0343     1 1 1 1   139     139    0
R   3637   352  PHE B  120    494  TRP B  262       9.4430     0 1 1 1    69      69    0
R   3638   353  PHE B  121    349  GLY B  117       6.3005     1 1 1 0   -14      14    0
R   3645   353  PHE B  121    357  THR B  125       6.4010     1 1 1 1    67      67    0
R   3646   353  PHE B  121    364  TYR B  132      10.1269     1 1 1 1   134     134    0
R   3647   353  PHE B  121    366  ASN B  134      11.4525     0 1 0 0   -16      16    0
R   3648   353  PHE B  121    463  PHE B  231      15.7234     0 1 1 1     5       5    0
R   3649   353  PHE B  121    477  VAL B  245      10.5077     1 1 1 1   126     126    0
R   3650   353  PHE B  121    478  ALA B  246      10.2259     0 1 1 0   -53      53    0
R   3651   353  PHE B  121    490  GLN B  258       6.8334     1 1 1 0   -90      90    0
R   3652   353  PHE B  121    491  PRO B  259       5.8892     0 1 1 1     1       1    0
R   3653   353  PHE B  121    493  VAL B  261       8.7836     0 1 1 1    33      33    0
R   3654   353  PHE B  121    494  TRP B  262       7.0925     0 1 1 1    30      30    0
R   3655   353  PHE B  121    497  ILE B  265      10.7539     1 1 1 1    93      93    0
R   3656   354  PHE B  122     23  PHE A   50       8.7142     1 1 1 1    90      90    0
R   3657   354  PHE B  122    214  PHE A  241      10.5140     1 1 1 1   161     161    0
R   3658   354  PHE B  122    346  TRP B  114       8.6181     1 1 1 1   145     145    0
R   3659   354  PHE B  122    350  SER B  118       5.9411     1 1 1 0   -11      11    0
R   3666   354  PHE B  122    358  ILE B  126       6.7216     1 1 1 1    69      69    0
R   3667   354  PHE B  122    365  GLY B  133       8.1493     0 1 0 0    -2       2    0
R   3668   354  PHE B  122    367  VAL B  135       8.1374     1 1 1 0   -99      99    0
R   3669   354  PHE B  122    368  ALA B  136       9.1267     0 1 0 0     0       0    0
R   3670   354  PHE B  122    369  LEU B  137      10.1771     1 1 1 1   144     144    0
R   3671   355  SER B  123     16  LEU A   43       5.7473     1 1 0 0   -36      36    0
R   3672   355  SER B  123     19  GLY A   46       6.0077     1 1 0 0     0       0    0
R   3673   355  SER B  123     20  ALA A   47       6.2569     1 1 1 1    66      66    0
R   3674   355  SER B  123     23  PHE A   50       8.1724     1 1 0 0   -89      89    0
R   3675   355  SER B  123    351  ALA B  119       6.1814     1 1 1 1   114     114    0
R   3682   355  SER B  123    359  ILE B  127       6.7932     1 1 1 1    43      43    0
R   3683   355  SER B  123    381  TYR B  149       8.4623     1 1 0 0    -4       4    0
R   3684   356  GLY B  124     16  LEU A   43       6.6185     1 1 0 0    -4       4    0
R   3685   356  GLY B  124    352  PHE B  120       6.2940     1 1 1 1    33      33    0
R   3692   356  GLY B  124    360  THR B  128       6.0771     1 1 1 1   103     103    0
R   3693   356  GLY B  124    494  TRP B  262       7.1587     1 1 0 0     0       0    0
R   3694   357  THR B  125    214  PHE A  241       9.1986     0 1 0 0   -37      37    0
R   3695   357  THR B  125    353  PHE B  121       6.4010     1 1 1 1    39      39    0
R   3702   357  THR B  125    361  THR B  129       5.9358     1 1 1 1     3       3    0
R   3703   357  THR B  125    362  ILE B  130       5.0244     1 1 1 1    69      69    0
R   3704   357  THR B  125    363  GLY B  131       4.6533     1 1 1 1   136     136    0
R   3705   357  THR B  125    364  TYR B  132       6.4587     1 1 1 1   132     132    0
R   3706   357  THR B  125    365  GLY B  133       8.3335     0 1 1 1     1       1    0
R   3707   357  THR B  125    494  TRP B  262       8.8004     0 1 0 0    -1       1    0
R   3708   357  THR B  125    497  ILE B  265       9.6348     0 1 1 1     2       2    0
R   3709   358  ILE B  126     23  PHE A   50      11.9265     1 1 1 1    81      81    0
R   3710   358  ILE B  126    212  VAL A  239       6.0957     1 1 1 1    12      12    0
R   3711   358  ILE B  126    214  PHE A  241       8.8044     1 1 1 1    86      86    0
R   3712   358  ILE B  126    354  PHE B  122       6.7216     1 1 1 1    64      64    0
R   3719   358  ILE B  126    378  CYS B  146       8.0591     1 1 0 0     0       0    0
R   3720   358  ILE B  126    381  TYR B  149       8.1088     1 1 1 1    51      51    0
R   3721   358  ILE B  126    382  ALA B  150       6.0921     1 1 1 1   136     136    0
R   3722   358  ILE B  126    386  ILE B  154       7.1513     1 1 0 0   -50      50    0
R   3723   359  ILE B  127     12  VAL A   39       9.3872     1 1 1 1    93      93    0
R   3724   359  ILE B  127     15  TYR A   42       9.9406     1 1 1 1    33      33    0
R   3725   359  ILE B  127     16  LEU A   43       8.8033     1 1 1 1   108     108    0
R   3726   359  ILE B  127    355  SER B  123       6.7932     1 1 1 0   -47      47    0
R   3732   359  ILE B  127    381  TYR B  149       8.0887     1 1 1 1    81      81    0
R   3733   359  ILE B  127    382  ALA B  150       5.9150     0 1 0 0     0       0    0
R   3734   359  ILE B  127    385  GLY B  153       5.0010     1 1 0 0   -42      42    0
R   3735   359  ILE B  127    386  ILE B  154       4.1013     1 1 0 0   -15      15    0
R   3736   359  ILE B  127    388  LEU B  156       8.0002     0 1 1 1     1       1    0
R   3737   359  ILE B  127    389  PHE B  157       6.1757     1 1 1 1    56      56    0
R   3738   359  ILE B  127    494  TRP B  262      11.4529     1 1 1 1     7       7    0
R   3739   360  THR B  128    356  GLY B  124       6.0771     1 1 1 1    20      20    0
R   3745   360  THR B  128    389  PHE B  157       6.9883     1 1 1 1    91      91    0
R   3746   360  THR B  128    470  THR B  238       7.1360     1 1 0 0   -85      85    0
R   3747   360  THR B  128    494  TRP B  262       9.6761     1 1 1 0   -87      87    0
R   3748   360  THR B  128    497  ILE B  265       8.5181     1 1 1 1    30      30    0
R   3749   360  THR B  128    501  LEU B  269       8.4440     1 1 1 1    37      37    0
R   3750   361  THR B  129    210  THR A  237       6.8144     1 1 0 0   -50      50    0
R   3751   361  THR B  129    211  THR A  238       6.0191     1 1 1 0   -44      44    0
R   3752   361  THR B  129    212  VAL A  239       4.2553     1 1 0 0     0       0    0
R   3753   361  THR B  129    357  THR B  125       5.9358     1 1 1 1     1       1    0
R   3759   361  THR B  129    386  ILE B  154       6.8703     1 1 1 1   194     194    0
R   3760   361  THR B  129    470  THR B  238       6.0713     1 1 1 0   -48      48    0
R   3761   362  ILE B  130    212  VAL A  239       5.5446     1 1 0 0   -51      51    0
R   3762   362  ILE B  130    357  THR B  125       5.0244     1 1 1 1     7       7    0
R   3767   362  ILE B  130    467  THR B  235       6.3278     1 1 1 0   -72      72    0
R   3768   362  ILE B  130    470  THR B  238       4.1738     1 1 1 1     3       3    0
R   3769   362  ILE B  130    471  VAL B  239       5.7379     1 1 0 0   -55      55    0
R   3770   362  ILE B  130    472  GLY B  240       4.5686     1 1 0 0   -75      75    0
R   3771   362  ILE B  130    497  ILE B  265       9.7894     1 1 1 1   133     133    0
R   3772   362  ILE B  130    501  LEU B  269      10.3290     1 1 1 1    14      14    0
R   3773   363  GLY B  131    212  VAL A  239       4.4594     1 1 0 0   -38      38    0
R   3774   363  GLY B  131    213  GLY A  240       5.8603     0 1 0 0   -13      13    0
R   3775   363  GLY B  131    214  PHE A  241       4.9597     1 1 0 0     0       0    0
R   3776   363  GLY B  131    357  THR B  125       4.6533     1 1 1 1    63      63    0
R   3781   363  GLY B  131    472  GLY B  240       5.7812     1 1 0 0   -25      25    0
R   3782   364  TYR B  132    214  PHE A  241       5.8445     0 1 0 0   -27      27    0
R   3783   364  TYR B  132    353  PHE B  121      10.1269     1 1 1 1   127     127    0
R   3784   364  TYR B  132    357  THR B  125       6.4587     1 1 1 1   110     110    0
R   3789   364  TYR B  132    463  PHE B  231      10.5541     1 1 1 1     6       6    0
R   3790   364  TYR B  132    466  VAL B  234       9.7379     0 1 1 1    10      10    0
R   3791   364  TYR B  132    467  THR B  235       8.4631     1 1 1 1    11      11    0
R   3792   364  TYR B  132    472  GLY B  240       4.8318     1 1 0 0     0       0    0
R   3793   364  TYR B  132    473  PHE B  241       5.5208     1 1 0 0  -123     123    0
R   3794   364  TYR B  132    474  GLY B  242       3.9091     1 1 0 0   -12      12    0
R   3795   364  TYR B  132    476  TYR B  244       8.3249     0 1 0 0   -12      12    0
R   3796   364  TYR B  132    477  VAL B  245       7.2644     1 1 1 1   107     107    0
R   3797   364  TYR B  132    497  ILE B  265      12.8803     0 1 1 1     3       3    0
R   3798   365  GLY B  133    214  PHE A  241       4.3083     1 1 0 0   -23      23    0
R   3799   365  GLY B  133    216  ASP A  243       6.8183     0 1 1 0    -6       6    0
R   3800   365  GLY B  133    354  PHE B  122       8.1493     0 1 0 0    -2       2    0
R   3801   365  GLY B  133    357  THR B  125       8.3335     0 1 1 0     0       0    0
R   3807   366  ASN B  134    353  PHE B  121      11.4525     0 1 0 0   -16      16    0
R   3811   366  ASN B  134    474  GLY B  242       5.2850     1 1 0 0   -74      74    0
R   3812   366  ASN B  134    477  VAL B  245       7.4560     1 1 1 0   -36      36    0
R   3813   366  ASN B  134    480  ALA B  248       8.1070     1 1 0 0  -148     148    0
R   3814   366  ASN B  134    490  GLN B  258      13.8458     0 1 0 0    -3       3    0
R   3815   367  VAL B  135    345  ALA B  113       6.9210     1 1 1 1   104     104    0
R   3816   367  VAL B  135    346  TRP B  114       8.6845     1 1 1 0   -92      92    0
R   3817   367  VAL B  135    354  PHE B  122       8.1374     1 1 1 0  -131     131    0
R   3821   368  ALA B  136     27  GLU A   54       9.2688     0 1 0 0    -1       1    0
R   3822   368  ALA B  136    203  TYR A  230      12.1228     0 1 0 0     0       0    0
R   3823   368  ALA B  136    214  PHE A  241       7.3237     0 1 1 1     7       7    0
R   3824   368  ALA B  136    216  ASP A  243       6.2024     1 1 1 1   131     131    0
R   3825   368  ALA B  136    346  TRP B  114      10.3014     0 1 1 0   -30      30    0
R   3826   368  ALA B  136    354  PHE B  122       9.1267     0 1 0 0     0       0    0
R   3831   369  LEU B  137     23  PHE A   50       8.5316     1 1 1 1    40      40    0
R   3832   369  LEU B  137     27  GLU A   54       6.5839     1 1 1 1    84      84    0
R   3833   369  LEU B  137    203  TYR A  230      10.8285     1 1 0 0   -75      75    0
R   3834   369  LEU B  137    214  PHE A  241       9.6987     0 1 1 1     1       1    0
R   3835   369  LEU B  137    216  ASP A  243       8.2144     0 1 1 0    -3       3    0
R   3836   369  LEU B  137    346  TRP B  114      10.0454     1 1 1 1    99      99    0
R   3837   369  LEU B  137    354  PHE B  122      10.1771     1 1 1 1   104     104    0
R   3841   369  LEU B  137    374  GLY B  142       6.1220     1 1 0 0   -92      92    0
R   3842   369  LEU B  137    375  ARG B  143       6.3690     1 1 1 1   176     176    0
R   3843   369  LEU B  137    378  CYS B  146       8.9086     1 1 1 1    83      83    0
R   3844   370  ARG B  138     27  GLU A   54       6.5141     1 1 1 1     6       6    0
R   3845   370  ARG B  138     30  HIS A   57       6.7053     1 1 1 1   198     198    0
R   3846   370  ARG B  138     31  GLU A   58       8.0687     1 1 1 1    52      52    0
R   3847   370  ARG B  138     33  GLN A   60       8.8891     1 1 0 0  -133     133    0
R   3848   370  ARG B  138     34  ALA A   61       9.6334     1 1 0 0   -96      96    0
R   3849   370  ARG B  138    329  GLY B   97       8.7706     1 1 1 1   138     138    0
R   3850   370  ARG B  138    346  TRP B  114      11.5954     0 1 0 0    -1       1    0
R   3855   370  ARG B  138    375  ARG B  143       7.8629     1 1 1 1    99      99    0
R   3856   371  THR B  139     26  LEU A   53       6.8404     1 1 1 0  -105     105    0
R   3857   371  THR B  139     27  GLU A   54       6.3654     1 1 1 1   136     136    0
R   3858   371  THR B  139     30  HIS A   57       7.6304     1 1 1 0   -45      45    0
R   3864   371  THR B  139    375  ARG B  143       6.5484     1 1 1 1    34      34    0
R   3865   372  ASP B  140    197  SER A  224      10.0328     0 1 1 1    14      14    0
R   3866   372  ASP B  140    199  LEU A  226       7.5010     1 1 1 1     5       5    0
R   3867   372  ASP B  140    200  GLU A  227       7.9017     0 1 0 0   -25      25    0
R   3873   372  ASP B  140    376  LEU B  144       5.9907     1 1 1 1   129     129    0
R   3874   373  ALA B  141     26  LEU A   53       6.8270     1 1 1 1   110     110    0
R   3880   373  ALA B  141    377  PHE B  145       6.0172     1 1 1 1   101     101    0
R   3881   374  GLY B  142     23  PHE A   50       6.1756     1 1 0 0   -38      38    0
R   3882   374  GLY B  142     26  LEU A   53       6.0191     1 1 0 0    -3       3    0
R   3883   374  GLY B  142     27  GLU A   54       6.7179     1 1 0 0     0       0    0
R   3884   374  GLY B  142    369  LEU B  137       6.1220     1 1 0 0    -3       3    0
R   3891   374  GLY B  142    378  CYS B  146       5.9332     1 1 1 1   103     103    0
R   3892   375  ARG B  143    199  LEU A  226       8.1978     1 1 1 1    35      35    0
R   3893   375  ARG B  143    200  GLU A  227       7.9251     0 1 1 1    14      14    0
R   3894   375  ARG B  143    203  TYR A  230       6.4783     1 1 1 1    99      99    0
R   3896   375  ARG B  143    217  TYR A  244      11.3126     1 1 1 1    41      41    0
R   3897   375  ARG B  143    369  LEU B  137       6.3690     1 1 1 1   154     154    0
R   3898   375  ARG B  143    370  ARG B  138       7.8629     1 1 1 1    91      91    0
R   3899   375  ARG B  143    371  THR B  139       6.5484     1 1 1 1     6       6    0
R   3906   375  ARG B  143    379  ILE B  147       6.3811     1 1 1 1    67      67    0
R   3907   376  LEU B  144    199  LEU A  226       7.3550     1 1 1 1    85      85    0
R   3908   376  LEU B  144    372  ASP B  140       5.9907     1 1 1 0   -19      19    0
R   3915   376  LEU B  144    380  PHE B  148       7.1077     1 1 1 1     9       9    0
R   3916   377  PHE B  145     19  GLY A   46       9.1829     1 1 0 0    -2       2    0
R   3917   377  PHE B  145     22  VAL A   49       8.6578     1 1 1 1   217     217    0
R   3918   377  PHE B  145     23  PHE A   50       8.3175     1 1 1 1   145     145    0
R   3919   377  PHE B  145     26  LEU A   53       9.6253     1 1 1 1    22      22    0
R   3920   377  PHE B  145    373  ALA B  141       6.0172     1 1 1 0   -32      32    0
R   3927   377  PHE B  145    381  TYR B  149       5.9430     1 1 1 1   305     305    0
R   3928   378  CYS B  146     23  PHE A   50       8.3882     1 1 1 1    16      16    0
R   3929   378  CYS B  146    203  TYR A  230       8.2750     1 1 1 1    11      11    0
R   3930   378  CYS B  146    207  VAL A  234       8.7718     0 1 0 0     0       0    0
R   3931   378  CYS B  146    214  PHE A  241      11.1474     1 1 0 0     0       0    0
R   3932   378  CYS B  146    358  ILE B  126       8.0591     1 1 0 0    -1       1    0
R   3933   378  CYS B  146    369  LEU B  137       8.9086     1 1 1 1    52      52    0
R   3934   378  CYS B  146    374  GLY B  142       5.9332     1 1 1 0   -32      32    0
R   3941   378  CYS B  146    382  ALA B  150       5.9711     1 1 1 1    81      81    0
R   3942   379  ILE B  147    199  LEU A  226      10.2070     0 1 1 1    10      10    0
R   3943   379  ILE B  147    202  ILE A  229       8.5810     1 1 1 1    99      99    0
R   3944   379  ILE B  147    203  TYR A  230       6.4738     1 1 1 1    16      16    0
R   3945   379  ILE B  147    206  ILE A  233       6.7744     1 1 1 1   127     127    0
R   3946   379  ILE B  147    207  VAL A  234       7.3948     0 1 1 1     2       2    0
R   3947   379  ILE B  147    375  ARG B  143       6.3811     1 1 1 0   -29      29    0
R   3954   379  ILE B  147    383  LEU B  151       6.3777     1 1 1 1   138     138    0
R   3955   380  PHE B  148    376  LEU B  144       7.1077     1 1 1 1    74      74    0
R   3962   380  PHE B  148    384  VAL B  152       6.1776     1 1 1 1    57      57    0
R   3963   381  TYR B  149     15  TYR A   42       9.0649     1 1 1 1   227     227    0
R   3964   381  TYR B  149     16  LEU A   43       9.5553     1 1 0 0   -20      20    0
R   3965   381  TYR B  149     18  SER A   45      10.3054     0 1 0 0    -3       3    0
R   3966   381  TYR B  149     19  GLY A   46       7.6194     1 1 0 0    -1       1    0
R   3967   381  TYR B  149     23  PHE A   50      10.3485     1 1 1 1    12      12    0
R   3968   381  TYR B  149    355  SER B  123       8.4623     1 1 0 0   -82      82    0
R   3969   381  TYR B  149    358  ILE B  126       8.1088     1 1 1 1    85      85    0
R   3970   381  TYR B  149    359  ILE B  127       8.0887     1 1 1 1    26      26    0
R   3971   381  TYR B  149    377  PHE B  145       5.9430     1 1 1 1    82      82    0
R   3977   381  TYR B  149    385  GLY B  153       5.6278     1 1 1 1    75      75    0
R   3978   382  ALA B  150    206  ILE A  233       8.7403     0 1 1 1    13      13    0
R   3979   382  ALA B  150    210  THR A  237       7.6928     1 1 1 1    40      40    0
R   3980   382  ALA B  150    212  VAL A  239       8.7016     0 1 1 1    14      14    0
R   3981   382  ALA B  150    358  ILE B  126       6.0921     1 1 1 1    75      75    0
R   3982   382  ALA B  150    359  ILE B  127       5.9150     0 1 0 0     0       0    0
R   3983   382  ALA B  150    378  CYS B  146       5.9711     1 1 1 0   -37      37    0
R   3990   382  ALA B  150    386  ILE B  154       5.4898     1 1 1 1   158     158    0
R   3991   382  ALA B  150    387  PRO B  155       8.3079     1 0 0 0     0       0    0
R   3992   383  LEU B  151    206  ILE A  233       8.5730     1 1 1 1   113     113    0
R   3993   383  LEU B  151    210  THR A  237       7.9194     1 1 1 1    33      33    0
R   3994   383  LEU B  151    245  PHE A  272      11.0934     0 1 1 1    96      96    0
R   3995   383  LEU B  151    379  ILE B  147       6.3777     1 1 1 1    47      47    0
R   4002   383  LEU B  151    387  PRO B  155       7.1200     1 1 0 0  -137     137    0
R   4003   384  VAL B  152     15  TYR A   42       9.8368     1 1 1 0   -36      36    0
R   4004   384  VAL B  152    380  PHE B  148       6.1776     1 1 1 0   -32      32    0
R   4010   384  VAL B  152    388  LEU B  156       6.3452     1 1 1 0   -36      36    0
R   4011   385  GLY B  153     15  TYR A   42       7.8422     1 1 0 0     0       0    0
R   4012   385  GLY B  153    359  ILE B  127       5.0010     1 1 0 0   -19      19    0
R   4013   385  GLY B  153    381  TYR B  149       5.6278     1 1 1 1    49      49    0
R   4020   385  GLY B  153    389  PHE B  157       6.1156     1 1 1 1   110     110    0
R   4021   386  ILE B  154    210  THR A  237       8.0418     1 1 1 1    28      28    0
R   4022   386  ILE B  154    212  VAL A  239       9.4439     1 1 1 1     9       9    0
R   4023   386  ILE B  154    358  ILE B  126       7.1513     1 1 0 0   -94      94    0
R   4024   386  ILE B  154    359  ILE B  127       4.1013     1 1 0 0   -11      11    0
R   4025   386  ILE B  154    361  THR B  129       6.8703     1 1 1 1   126     126    0
R   4026   386  ILE B  154    382  ALA B  150       5.4898     1 1 1 1    27      27    0
R   4033   386  ILE B  154    390  GLY B  158       6.2140     1 1 1 1   131     131    0
R   4034   387  PRO B  155    249  LEU A  276       7.7700     1 1 1 1    97      97    0
R   4035   387  PRO B  155    252  ILE A  279       8.8805     0 1 1 1    33      33    0
R   4036   387  PRO B  155    256  LEU A  283       9.6699     0 1 1 1    39      39    0
R   4037   387  PRO B  155    382  ALA B  150       8.3079     1 1 0 0    -3       3    0
R   4038   387  PRO B  155    383  LEU B  151       7.1200     1 1 0 0  -116     116    0
R   4045   387  PRO B  155    391  ILE B  159       6.4553     1 1 1 0    -3       3    0
R   4046   388  LEU B  156      8  LEU A   35       8.5114     1 1 1 1   122     122    0
R   4047   388  LEU B  156     11  LEU A   38       9.3882     1 1 1 1    97      97    0
R   4048   388  LEU B  156     12  VAL A   39       7.5558     1 1 1 1   102     102    0
R   4049   388  LEU B  156     15  TYR A   42       9.7924     1 1 1 1   123     123    0
R   4050   388  LEU B  156    359  ILE B  127       8.0002     0 1 1 1     3       3    0
R   4051   388  LEU B  156    384  VAL B  152       6.3452     1 1 1 0   -57      57    0
R   4058   388  LEU B  156    392  LEU B  160       6.7648     1 1 1 1    66      66    0
R   4059   389  PHE B  157     12  VAL A   39       7.1917     0 1 1 1     3       3    0
R   4060   389  PHE B  157    359  ILE B  127       6.1757     1 1 1 1     6       6    0
R   4061   389  PHE B  157    360  THR B  128       6.9883     1 1 1 1   110     110    0
R   4062   389  PHE B  157    385  GLY B  153       6.1156     1 1 1 0   -11      11    0
R   4069   389  PHE B  157    393  LEU B  161       5.9388     1 1 1 1   305     305    0
R   4070   389  PHE B  157    494  TRP B  262      12.9253     1 1 1 1    85      85    0
R   4071   389  PHE B  157    498  LEU B  266       9.5259     1 1 1 1   139     139    0
R   4072   389  PHE B  157    501  LEU B  269      10.8194     1 1 1 1    44      44    0
R   4073   390  GLY B  158    386  ILE B  154       6.2140     1 1 1 1    52      52    0
R   4080   390  GLY B  158    394  ALA B  162       6.0520     1 1 1 1    77      77    0
R   4081   391  ILE B  159      5  LEU A   32       9.0775     0 1 1 0    -4       4    0
R   4082   391  ILE B  159      8  LEU A   35       8.5997     1 1 1 1    96      96    0
R   4083   391  ILE B  159    253  GLY A  280       7.6427     0 1 0 0   -77      77    0
R   4084   391  ILE B  159    256  LEU A  283       8.2916     0 1 1 1    76      76    0
R   4085   391  ILE B  159    257  ARG A  284       7.0933     0 1 1 1    53      53    0
R   4086   391  ILE B  159    387  PRO B  155       6.4553     1 1 1 0   -60      60    0
R   4093   391  ILE B  159    395  GLY B  163       5.9579     1 1 1 1   136     136    0
R   4094   392  LEU B  160      5  LEU A   32       6.8437     0 1 1 0   -34      34    0
R   4095   392  LEU B  160      8  LEU A   35       6.6997     1 1 1 1    38      38    0
R   4096   392  LEU B  160      9  LEU A   36       6.7881     1 1 1 1    43      43    0
R   4097   392  LEU B  160     12  VAL A   39       8.3205     1 1 1 1   150     150    0
R   4098   392  LEU B  160    388  LEU B  156       6.7648     1 1 1 0   -23      23    0
R   4105   392  LEU B  160    396  VAL B  164       5.9366     1 1 1 1   213     213    0
R   4106   392  LEU B  160    494  TRP B  262      14.0364     0 1 1 1     6       6    0
R   4107   392  LEU B  160    498  LEU B  266       9.2319     1 1 1 1    57      57    0
R   4108   393  LEU B  161    389  PHE B  157       5.9388     1 1 1 1    82      82    0
R   4115   393  LEU B  161    397  GLY B  165       5.6303     1 1 1 1   184     184    0
R   4116   393  LEU B  161    498  LEU B  266       7.4949     0 1 1 0    -8       8    0
R   4117   393  LEU B  161    501  LEU B  269       7.3508     1 1 1 1    53      53    0
R   4118   393  LEU B  161    502  ALA B  270       5.2031     1 1 1 0  -134     134    0
R   4119   393  LEU B  161    505  ALA B  273       7.7174     1 1 1 1    64      64    0
R   4120   394  ALA B  162    257  ARG A  284       9.4012     1 1 0 0   -93      93    0
R   4121   394  ALA B  162    390  GLY B  158       6.0520     1 1 1 0   -48      48    0
R   4128   394  ALA B  162    398  ASP B  166       6.0638     1 1 1 1    66      66    0
R   4129   395  GLY B  163      1  ARG A   28       8.8985     0 1 0 0     0       0    0
R   4130   395  GLY B  163      5  LEU A   32       6.4931     1 1 0 0   -32      32    0
R   4131   395  GLY B  163    391  ILE B  159       5.9579     1 1 1 1    47      47    0
R   4138   395  GLY B  163    399  ARG B  167       6.1879     1 1 1 1    90      90    0
R   4139   396  VAL B  164      5  LEU A   32       7.6023     0 1 1 1    14      14    0
R   4140   396  VAL B  164    392  LEU B  160       5.9366     1 1 1 1    83      83    0
R   4147   396  VAL B  164    400  LEU B  168       5.5899     1 1 1 1   191     191    0
R   4148   396  VAL B  164    498  LEU B  266       8.6580     0 1 1 1    76      76    0
R   4149   396  VAL B  164    499  LEU B  267       7.8718     0 1 1 1    60      60    0
R   4150   396  VAL B  164    502  ALA B  270       6.1171     1 1 1 1    84      84    0
R   4151   397  GLY B  165    393  LEU B  161       5.6303     1 1 1 1    66      66    0
R   4158   397  GLY B  165    401  GLY B  169       5.8830     1 1 1 1   100     100    0
R   4159   397  GLY B  165    502  ALA B  270       4.5884     1 1 0 0    -3       3    0
R   4160   397  GLY B  165    505  ALA B  273       6.4904     0 1 0 0     0       0    0
R   4161   397  GLY B  165    506  SER B  274       4.6111     1 1 1 1   124     124    0
R   4162   398  ASP B  166      1  ARG A   28      11.2222     0 1 1 0     0       0    0
R   4163   398  ASP B  166    257  ARG A  284      12.6071     0 1 1 1    76      76    0
R   4164   398  ASP B  166    394  ALA B  162       6.0638     1 1 1 0   -56      56    0
R   4171   398  ASP B  166    402  SER B  170       6.0644     1 1 1 1   133     133    0
R   4172   398  ASP B  166    405  ARG B  173      10.6201     0 1 1 1     3       3    0
R   4173   398  ASP B  166    506  SER B  274       6.3703     0 1 0 0     0       0    0
R   4174   398  ASP B  166    509  THR B  277       9.4843     0 1 1 1    12      12    0
R   4175   399  ARG B  167      1  ARG A   28       9.9058     0 1 0 0    -5       5    0
R   4176   399  ARG B  167      2  SER A   29       8.5980     1 1 1 1   137     137    0
R   4177   399  ARG B  167      5  LEU A   32       9.2768     1 1 1 0    -9       9    0
R   4178   399  ARG B  167    395  GLY B  163       6.1879     1 1 1 0   -44      44    0
R   4185   399  ARG B  167    403  SER B  171       6.3627     1 1 1 1   115     115    0
R   4186   400  LEU B  168    396  VAL B  164       5.5899     1 1 1 1    24      24    0
R   4193   400  LEU B  168    404  LEU B  172       6.4764     1 1 1 1   154     154    0
R   4194   400  LEU B  168    441  PHE B  209      12.6764     1 1 1 1    58      58    0
R   4195   400  LEU B  168    499  LEU B  267       8.3195     1 1 1 0   -58      58    0
R   4196   400  LEU B  168    502  ALA B  270       7.6142     1 1 1 1    16      16    0
R   4197   400  LEU B  168    503  TYR B  271       7.1537     1 1 1 1    78      78    0
R   4198   400  LEU B  168    506  SER B  274       7.6535     0 1 0 0    -2       2    0
R   4199   401  GLY B  169    397  GLY B  165       5.8830     1 1 1 1    48      48    0
R   4206   401  GLY B  169    405  ARG B  173       6.1661     1 1 1 1    71      71    0
R   4207   401  GLY B  169    433  PHE B  201       9.2018     1 1 0 0   -19      19    0
R   4208   401  GLY B  169    506  SER B  274       6.0364     1 1 1 1     1       1    0
R   4209   401  GLY B  169    510  THR B  278       8.5237     0 1 0 0     0       0    0
R   4210   402  SER B  170    398  ASP B  166       6.0644     1 1 1 1    27      27    0
R   4217   402  SER B  170    406  HIS B  174       5.6657     1 1 1 1   109     109    0
R   4218   403  SER B  171    399  ARG B  167       6.3627     1 1 1 1     8       8    0
R   4225   403  SER B  171    407  GLY B  175       5.6416     1 1 1 1   172     172    0
R   4226   404  LEU B  172    400  LEU B  168       6.4764     1 1 1 1    11      11    0
R   4233   404  LEU B  172    408  ILE B  176       5.8248     1 1 1 1   150     150    0
R   4234   404  LEU B  172    433  PHE B  201       6.8222     1 1 1 1    75      75    0
R   4235   404  LEU B  172    436  ILE B  204       9.2058     0 1 1 1    96      96    0
R   4236   404  LEU B  172    437  GLY B  205       8.9558     0 1 0 0     0       0    0
R   4237   404  LEU B  172    440  LEU B  208      12.3196     0 1 1 1    18      18    0
R   4238   404  LEU B  172    441  PHE B  209      13.5807     0 1 1 1    23      23    0
R   4239   404  LEU B  172    503  TYR B  271      10.2681     1 1 1 1   139     139    0
R   4240   405  ARG B  173    398  ASP B  166      10.6201     0 1 1 1     2       2    0
R   4241   405  ARG B  173    401  GLY B  169       6.1661     1 1 1 0   -12      12    0
R   4248   405  ARG B  173    409  GLY B  177       6.0186     1 1 1 1    87      87    0
R   4249   405  ARG B  173    412  GLU B  180       9.3907     0 1 0 0   -14      14    0
R   4250   405  ARG B  173    433  PHE B  201       7.0825     1 1 1 1    28      28    0
R   4251   405  ARG B  173    510  THR B  278      10.7151     0 1 0 0   -21      21    0
R   4252   405  ARG B  173    514  TRP B  282      14.2317     0 1 0 0     0       0    0
R   4253   406  HIS B  174    402  SER B  170       5.6657     1 1 1 0   -26      26    0
R   4260   406  HIS B  174    410  HIS B  178       7.4610     1 1 1 1    91      91    0
R   4261   407  GLY B  175    403  SER B  171       5.6416     1 1 1 1    62      62    0
R   4268   407  GLY B  175    411  ILE B  179       7.7386     0 1 1 0   -15      15    0
R   4269   408  ILE B  176    404  LEU B  172       5.8248     1 1 1 0    -9       9    0
R   4276   408  ILE B  176    412  GLU B  180       5.7985     1 1 1 1   202     202    0
R   4277   408  ILE B  176    429  SER B  197       7.0676     1 1 0 0   -47      47    0
R   4278   408  ILE B  176    432  LEU B  200       8.2657     0 1 1 1    48      48    0
R   4279   408  ILE B  176    433  PHE B  201       7.3174     1 1 1 1    33      33    0
R   4280   408  ILE B  176    436  ILE B  204       9.9801     1 1 1 1    86      86    0
R   4281   409  GLY B  177    405  ARG B  173       6.0186     1 1 1 1    40      40    0
R   4288   409  GLY B  177    413  ALA B  181       6.0540     1 1 1 1    83      83    0
R   4289   410  HIS B  178    406  HIS B  174       7.4610     1 1 1 1    24      24    0
R   4296   410  HIS B  178    414  ILE B  182       7.6422     0 1 1 0   -23      23    0
R   4297   411  ILE B  179    407  GLY B  175       7.7386     0 1 0 0   -27      27    0
R   4304   411  ILE B  179    415  PHE B  183       7.5598     1 1 1 1     5       5    0
R   4305   411  ILE B  179    432  LEU B  200      10.2634     0 1 1 1    23      23    0
R   4306   412  GLU B  180    405  ARG B  173       9.3907     0 1 0 0   -12      12    0
R   4307   412  GLU B  180    408  ILE B  176       5.7985     1 1 1 1    14      14    0
R   4314   412  GLU B  180    416  LEU B  184       6.5717     1 1 1 1    57      57    0
R   4315   412  GLU B  180    425  VAL B  193       7.2783     1 1 1 1    52      52    0
R   4316   412  GLU B  180    426  ARG B  194       8.5249     1 1 1 1   160     160    0
R   4317   412  GLU B  180    429  SER B  197       6.3516     1 1 1 1   111     111    0
R   4318   413  ALA B  181    409  GLY B  177       6.0540     1 1 1 0   -12      12    0
R   4325   413  ALA B  181    417  LYS B  185       6.4189     1 1 1 0  -105     105    0
R   4326   414  ILE B  182    410  HIS B  178       7.6422     0 1 0 0   -27      27    0
R   4333   414  ILE B  182    418  TRP B  186       6.5846     1 1 1 0   -48      48    0
R   4334   415  PHE B  183    411  ILE B  179       7.5598     1 1 1 0   -43      43    0
R   4341   415  PHE B  183    419  HIS B  187       6.8767     1 1 1 1    43      43    0
R   4342   415  PHE B  183    420  VAL B  188       6.4513     1 1 1 1    36      36    0
R   4343   415  PHE B  183    425  VAL B  193       7.1311     1 1 1 1    67      67    0
R   4344   415  PHE B  183    428  LEU B  196       9.2827     0 1 1 1    27      27    0
R   4345   415  PHE B  183    432  LEU B  200      12.3584     0 1 1 1    75      75    0
R   4346   416  LEU B  184    412  GLU B  180       6.5717     1 1 1 1    23      23    0
R   4353   416  LEU B  184    420  VAL B  188       5.6287     0 1 1 0   -15      15    0
R   4354   416  LEU B  184    422  PRO B  190       6.6041     1 1 1 1   107     107    0
R   4355   416  LEU B  184    425  VAL B  193       6.7113     1 1 1 1   140     140    0
R   4356   416  LEU B  184    426  ARG B  194       9.5476     0 1 0 0   -71      71    0
R   4357   417  LYS B  185    413  ALA B  181       6.4189     1 1 1 0   -52      52    0
R   4363   418  TRP B  186    414  ILE B  182       6.5846     1 1 1 0  -114     114    0
R   4369   419  HIS B  187    415  PHE B  183       6.8767     1 1 1 1     3       3    0
R   4375   420  VAL B  188    415  PHE B  183       6.4513     1 1 1 0   -12      12    0
R   4376   420  VAL B  188    416  LEU B  184       5.6287     0 1 1 0   -40      40    0
R   4381   420  VAL B  188    424  LEU B  192       6.8939     1 1 1 1    41      41    0
R   4382   420  VAL B  188    425  VAL B  193       6.3470     1 1 1 1    57      57    0
R   4383   420  VAL B  188    428  LEU B  196       9.7826     1 1 1 1    90      90    0
R   4389   421  PRO B  189    425  VAL B  193       6.4195     1 1 1 1    53      53    0
R   4390   422  PRO B  190    416  LEU B  184       6.6041     1 1 1 1   107     107    0
R   4396   422  PRO B  190    426  ARG B  194       6.4098     1 1 1 0   -90      90    0
R   4402   423  GLU B  191    427  VAL B  195       6.8730     1 1 0 0   -81      81    0
R   4403   424  LEU B  192    420  VAL B  188       6.8939     1 1 1 1    47      47    0
R   4410   424  LEU B  192    428  LEU B  196       6.2037     1 1 1 1   132     132    0
R   4411   425  VAL B  193    412  GLU B  180       7.2783     1 1 1 1   100     100    0
R   4412   425  VAL B  193    415  PHE B  183       7.1311     1 1 1 1    19      19    0
R   4413   425  VAL B  193    416  LEU B  184       6.7113     1 1 1 1   129     129    0
R   4414   425  VAL B  193    420  VAL B  188       6.3470     1 1 1 0   -20      20    0
R   4415   425  VAL B  193    421  PRO B  189       6.4195     1 1 1 0    -4       4    0
R   4422   425  VAL B  193    429  SER B  197       5.8061     1 1 1 1   199     199    0
R   4423   426  ARG B  194    412  GLU B  180       8.5249     1 1 1 1   151     151    0
R   4424   426  ARG B  194    416  LEU B  184       9.5476     0 1 0 0   -90      90    0
R   4425   426  ARG B  194    422  PRO B  190       6.4098     1 1 1 0   -30      30    0
R   4432   426  ARG B  194    430  ALA B  198       5.9678     1 1 1 1     6       6    0
R   4433   426  ARG B  194    514  TRP B  282      10.9412     0 1 0 0     0       0    0
R   4434   427  VAL B  195    423  GLU B  191       6.8730     1 1 1 0   -68      68    0
R   4441   427  VAL B  195    431  MET B  199       5.9630     1 1 1 1   221     221    0
R   4442   428  LEU B  196    415  PHE B  183       9.2827     0 1 1 1    29      29    0
R   4443   428  LEU B  196    420  VAL B  188       9.7826     1 1 1 1   121     121    0
R   4444   428  LEU B  196    424  LEU B  192       6.2037     1 1 1 0   -13      13    0
R   4451   428  LEU B  196    432  LEU B  200       6.1828     1 1 1 1    94      94    0
R   4452   429  SER B  197    408  ILE B  176       7.0676     1 1 0 0   -22      22    0
R   4453   429  SER B  197    412  GLU B  180       6.3516     1 1 1 1    35      35    0
R   4454   429  SER B  197    425  VAL B  193       5.8061     1 1 1 1    65      65    0
R   4461   429  SER B  197    433  PHE B  201       5.7545     1 1 1 1   143     143    0
R   4462   430  ALA B  198    426  ARG B  194       5.9678     1 1 1 0   -67      67    0
R   4469   430  ALA B  198    434  LEU B  202       6.1510     1 1 1 1    67      67    0
R   4470   431  MET B  199    427  VAL B  195       5.9630     1 1 1 1    35      35    0
R   4477   431  MET B  199    435  LEU B  203       6.0272     1 1 1 1   105     105    0
R   4478   432  LEU B  200    408  ILE B  176       8.2657     0 1 1 1    54      54    0
R   4479   432  LEU B  200    411  ILE B  179      10.2634     0 1 1 1    23      23    0
R   4480   432  LEU B  200    415  PHE B  183      12.3584     0 1 1 1    83      83    0
R   4481   432  LEU B  200    428  LEU B  196       6.1828     1 1 1 0   -20      20    0
R   4488   432  LEU B  200    436  ILE B  204       5.8866     1 1 1 1   130     130    0
R   4489   433  PHE B  201    401  GLY B  169       9.2018     1 1 0 0   -68      68    0
R   4490   433  PHE B  201    404  LEU B  172       6.8222     1 1 1 1   133     133    0
R   4491   433  PHE B  201    405  ARG B  173       7.0825     1 1 1 0   -14      14    0
R   4492   433  PHE B  201    408  ILE B  176       7.3174     1 1 1 1    28      28    0
R   4493   433  PHE B  201    429  SER B  197       5.7545     1 1 1 0   -24      24    0
R   4500   433  PHE B  201    437  GLY B  205       6.4319     1 1 1 1     2       2    0
R   4501   433  PHE B  201    503  TYR B  271      10.5296     1 1 1 1   125     125    0
R   4502   433  PHE B  201    506  SER B  274      11.4885     0 1 0 0   -13      13    0
R   4503   433  PHE B  201    507  VAL B  275       9.0218     1 1 1 1   176     176    0
R   4504   433  PHE B  201    510  THR B  278      11.4828     0 1 1 0   -13      13    0
R   4505   434  LEU B  202    430  ALA B  198       6.1510     1 1 1 0   -32      32    0
R   4512   434  LEU B  202    438  CYS B  206       5.7491     1 1 1 1   129     129    0
R   4513   434  LEU B  202    503  TYR B  271       9.1011     1 1 1 0    -4       4    0
R   4514   434  LEU B  202    507  VAL B  275       7.6780     0 1 1 1    54      54    0
R   4515   435  LEU B  203    431  MET B  199       6.0272     1 1 1 0   -28      28    0
R   4522   435  LEU B  203    439  LEU B  207       5.8734     1 1 1 1   131     131    0
R   4523   436  ILE B  204    404  LEU B  172       9.2058     0 1 1 1    83      83    0
R   4524   436  ILE B  204    408  ILE B  176       9.9801     1 1 1 1    73      73    0
R   4525   436  ILE B  204    432  LEU B  200       5.8866     1 1 1 0   -41      41    0
R   4532   436  ILE B  204    440  LEU B  208       6.3113     1 1 1 1    94      94    0
R   4533   437  GLY B  205    404  LEU B  172       8.9558     0 1 0 0     0       0    0
R   4534   437  GLY B  205    433  PHE B  201       6.4319     1 1 1 1    16      16    0
R   4541   437  GLY B  205    441  PHE B  209       5.7636     1 1 1 1   121     121    0
R   4542   437  GLY B  205    503  TYR B  271       7.4407     1 1 0 0    -3       3    0
R   4543   438  CYS B  206    434  LEU B  202       5.7491     1 1 1 0   -11      11    0
R   4550   438  CYS B  206    442  VAL B  210       4.9736     1 1 1 1   122     122    0
R   4551   438  CYS B  206    443  LEU B  211       6.3647     1 1 1 1    60      60    0
R   4552   438  CYS B  206    503  TYR B  271       9.2218     1 1 1 0   -10      10    0
R   4553   439  LEU B  207    435  LEU B  203       5.8734     1 1 1 0   -30      30    0
R   4559   439  LEU B  207    443  LEU B  211       4.8879     1 1 1 1    60      60    0
R   4560   439  LEU B  207    444  THR B  212       5.8357     1 1 1 1   207     207    0
R   4561   440  LEU B  208    404  LEU B  172      12.3196     0 1 1 1    22      22    0
R   4562   440  LEU B  208    436  ILE B  204       6.3113     1 1 1 1    11      11    0
R   4568   440  LEU B  208    444  THR B  212       5.2255     1 1 1 0   -28      28    0
R   4569   440  LEU B  208    445  PRO B  213       7.3147     1 1 0 0   -83      83    0
R   4570   440  LEU B  208    496  TRP B  264       9.3124     0 1 0 0   -10      10    0
R   4571   441  PHE B  209    400  LEU B  168      12.6764     1 1 1 1    75      75    0
R   4572   441  PHE B  209    404  LEU B  172      13.5807     0 1 1 1    18      18    0
R   4573   441  PHE B  209    437  GLY B  205       5.7636     1 1 1 0   -39      39    0
R   4578   441  PHE B  209    445  PRO B  213       6.1891     1 1 0 0    -2       2    0
R   4579   441  PHE B  209    468  LEU B  236       9.2616     1 1 1 0  -101     101    0
R   4580   441  PHE B  209    496  TRP B  264       7.2226     1 1 1 1    47      47    0
R   4581   441  PHE B  209    499  LEU B  267       7.5655     1 1 1 1   163     163    0
R   4582   441  PHE B  209    500  GLY B  268       5.4552     1 1 0 0     0       0    0
R   4583   441  PHE B  209    503  TYR B  271       8.1669     1 1 1 1   193     193    0
R   4585   442  VAL B  210    438  CYS B  206       4.9736     1 1 1 0   -23      23    0
R   4591   442  VAL B  210    446  THR B  214       6.2734     1 1 1 1    51      51    0
R   4592   442  VAL B  210    461  ILE B  229       7.3893     0 1 1 1    25      25    0
R   4593   442  VAL B  210    464  VAL B  232       6.7224     1 1 1 1    52      52    0
R   4594   442  VAL B  210    465  ILE B  233       7.7962     0 1 1 1    56      56    0
R   4595   442  VAL B  210    468  LEU B  236       9.1248     0 1 1 1    40      40    0
R   4596   443  LEU B  211    438  CYS B  206       6.3647     1 1 1 1    33      33    0
R   4597   443  LEU B  211    439  LEU B  207       4.8879     1 1 1 1     6       6    0
R   4602   443  LEU B  211    447  PHE B  215       6.2156     1 1 1 1    57      57    0
R   4603   443  LEU B  211    461  ILE B  229       7.9076     0 1 1 1     1       1    0
R   4604   444  THR B  212    439  LEU B  207       5.8357     1 1 1 1    71      71    0
R   4605   444  THR B  212    440  LEU B  208       5.2255     1 1 1 0   -24      24    0
R   4611   444  THR B  212    448  VAL B  216       6.0976     1 1 1 1   134     134    0
R   4612   445  PRO B  213    440  LEU B  208       7.3147     1 1 0 0   -42      42    0
R   4613   445  PRO B  213    441  PHE B  209       6.1891     1 1 0 0    -2       2    0
R   4620   445  PRO B  213    449  PHE B  217       5.9606     1 1 1 1   164     164    0
R   4621   445  PRO B  213    464  VAL B  232       7.3080     1 1 1 1    81      81    0
R   4622   445  PRO B  213    496  TRP B  264       8.1243     1 1 1 0   -96      96    0
R   4623   446  THR B  214    442  VAL B  210       6.2734     1 1 1 0   -42      42    0
R   4630   446  THR B  214    450  CYS B  218       5.8101     1 1 1 1   133     133    0
R   4631   446  THR B  214    457  LYS B  225       6.6914     0 1 0 0     0       0    0
R   4632   446  THR B  214    460  ALA B  228       4.8771     1 1 0 0   -31      31    0
R   4633   446  THR B  214    461  ILE B  229       5.4414     1 1 1 1    99      99    0
R   4634   446  THR B  214    464  VAL B  232       6.6617     1 1 1 1    68      68    0
R   4635   447  PHE B  215    443  LEU B  211       6.2156     1 1 1 0   -30      30    0
R   4642   447  PHE B  215    451  TYR B  219       6.6133     1 1 1 1    37      37    0
R   4643   447  PHE B  215    457  LYS B  225       7.0875     0 1 1 1     4       4    0
R   4644   448  VAL B  216    444  THR B  212       6.0976     1 1 1 1     4       4    0
R   4651   448  VAL B  216    452  MET B  220       6.0442     1 1 1 1    22      22    0
R   4652   448  VAL B  216    489  TYR B  257      11.3004     0 1 1 1    16      16    0
R   4653   449  PHE B  217    445  PRO B  213       5.9606     1 1 1 1    22      22    0
R   4660   449  PHE B  217    453  GLU B  221       5.3089     1 1 1 1   117     117    0
R   4661   449  PHE B  217    454  ASP B  222       7.2291     1 1 1 1     4       4    0
R   4662   449  PHE B  217    455  TRP B  223       6.9515     1 1 1 1    99      99    0
R   4663   449  PHE B  217    460  ALA B  228       5.9964     1 1 1 1    19      19    0
R   4664   449  PHE B  217    463  PHE B  231       9.0628     1 1 1 1   101     101    0
R   4665   449  PHE B  217    464  VAL B  232       8.8832     1 1 1 1    60      60    0
R   4666   449  PHE B  217    478  ALA B  246       7.2933     1 1 1 1   114     114    0
R   4667   449  PHE B  217    489  TYR B  257      10.8961     1 1 1 0   -77      77    0
R   4668   449  PHE B  217    493  VAL B  261       9.7428     1 1 1 1    80      80    0
R   4669   449  PHE B  217    496  TRP B  264      11.8245     1 1 1 1   121     121    0
R   4670   450  CYS B  218    446  THR B  214       5.8101     1 1 1 0   -42      42    0
R   4676   450  CYS B  218    454  ASP B  222       5.5350     1 1 0 0     0       0    0
R   4677   450  CYS B  218    455  TRP B  223       4.9071     1 1 1 0   -38      38    0
R   4678   450  CYS B  218    456  SER B  224       5.8415     0 1 0 0     0       0    0
R   4679   450  CYS B  218    457  LYS B  225       5.7493     1 1 1 1     1       1    0
R   4680   450  CYS B  218    460  ALA B  228       5.7560     1 1 1 1    18      18    0
R   4681   451  TYR B  219    447  PHE B  215       6.6133     1 1 1 0   -36      36    0
R   4688   452  MET B  220    448  VAL B  216       6.0442     1 1 1 1    27      27    0
R   4694   452  MET B  220    484  GLN B  252       9.7065     1 1 1 1    74      74    0
R   4695   452  MET B  220    489  TYR B  257       9.6508     1 1 1 0   -41      41    0
R   4696   453  GLU B  221    449  PHE B  217       5.3089     1 1 1 0    -5       5    0
R   4701   453  GLU B  221    477  VAL B  245       8.9586     0 1 0 0   -43      43    0
R   4702   453  GLU B  221    478  ALA B  246       6.5950     1 1 1 1     3       3    0
R   4703   453  GLU B  221    479  GLY B  247       7.6319     1 1 1 1   148     148    0
R   4704   453  GLU B  221    481  ASP B  249       7.8669     0 1 1 0   -65      65    0
R   4705   453  GLU B  221    484  GLN B  252       9.3019     1 1 1 1   127     127    0
R   4706   453  GLU B  221    489  TYR B  257      11.0138     1 1 1 1    18      18    0
R   4707   454  ASP B  222    449  PHE B  217       7.2291     1 0 0 0     0       0    0
R   4708   454  ASP B  222    450  CYS B  218       5.5350     1 1 1 1    23      23    0
R   4713   454  ASP B  222    459  GLU B  227       9.5263     0 1 0 0    -2       2    0
R   4714   455  TRP B  223    449  PHE B  217       6.9515     1 1 1 1    86      86    0
R   4715   455  TRP B  223    450  CYS B  218       4.9071     1 1 1 0   -74      74    0
R   4719   455  TRP B  223    459  GLU B  227       5.6928     1 1 1 1    12      12    0
R   4720   455  TRP B  223    460  ALA B  228       6.0557     1 1 1 1     6       6    0
R   4721   455  TRP B  223    463  PHE B  231       9.7274     1 1 1 1   168     168    0
R   4722   455  TRP B  223    476  TYR B  244       9.2790     1 1 1 1    70      70    0
R   4723   455  TRP B  223    477  VAL B  245      10.7657     1 1 0 0   -91      91    0
R   4724   455  TRP B  223    478  ALA B  246      10.0045     1 1 0 0   -74      74    0
R   4725   456  SER B  224    113  ASP A  140       9.9943     0 1 1 1    28      28    0
R   4726   456  SER B  224    450  CYS B  218       5.8415     0 1 0 0     0       0    0
R   4731   456  SER B  224    460  ALA B  228       6.1684     1 1 1 1   130     130    0
R   4732   457  LYS B  225    446  THR B  214       6.6914     0 1 0 0     0       0    0
R   4733   457  LYS B  225    447  PHE B  215       7.0875     0 1 1 1     7       7    0
R   4734   457  LYS B  225    450  CYS B  218       5.7493     1 1 1 1     1       1    0
R   4739   457  LYS B  225    461  ILE B  229       6.3714     1 1 1 1    43      43    0
R   4740   458  LEU B  226    113  ASP A  140       7.4419     1 1 1 0   -75      75    0
R   4741   458  LEU B  226    116  ARG A  143       8.1706     1 1 1 1    78      78    0
R   4742   458  LEU B  226    117  LEU A  144       7.3596     1 1 1 1   110     110    0
R   4743   458  LEU B  226    120  ILE A  147      10.3167     0 1 1 1    10      10    0
R   4749   458  LEU B  226    462  TYR B  230       6.0675     1 1 1 1   115     115    0
R   4750   459  GLU B  227    113  ASP A  140       7.7727     0 1 0 0   -12      12    0
R   4751   459  GLU B  227    116  ARG A  143       7.8476     0 1 1 0   -17      17    0
R   4752   459  GLU B  227    454  ASP B  222       9.5263     0 1 0 0    -2       2    0
R   4753   459  GLU B  227    455  TRP B  223       5.6928     1 1 1 1    12      12    0
R   4760   459  GLU B  227    463  PHE B  231       6.2712     1 1 1 1    91      91    0
R   4761   459  GLU B  227    476  TYR B  244       8.1095     1 1 1 1    43      43    0
R   4762   460  ALA B  228    446  THR B  214       4.8771     1 1 0 0  -112     112    0
R   4763   460  ALA B  228    449  PHE B  217       5.9964     1 1 1 1    20      20    0
R   4764   460  ALA B  228    450  CYS B  218       5.7560     1 1 0 0   -44      44    0
R   4765   460  ALA B  228    455  TRP B  223       6.0557     1 1 1 1     6       6    0
R   4766   460  ALA B  228    456  SER B  224       6.1684     1 1 1 0   -21      21    0
R   4773   460  ALA B  228    464  VAL B  232       6.1871     1 1 1 1    85      85    0
R   4774   461  ILE B  229    120  ILE A  147       8.5989     1 1 1 1    96      96    0
R   4775   461  ILE B  229    442  VAL B  210       7.3893     0 1 1 1    29      29    0
R   4776   461  ILE B  229    443  LEU B  211       7.9076     0 1 1 1     1       1    0
R   4777   461  ILE B  229    446  THR B  214       5.4414     1 1 1 1    72      72    0
R   4778   461  ILE B  229    457  LYS B  225       6.3714     1 1 1 0   -43      43    0
R   4785   461  ILE B  229    465  ILE B  233       6.0630     1 1 1 1   193     193    0
R   4786   462  TYR B  230    110  LEU A  137      10.8348     1 1 0 0   -64      64    0
R   4787   462  TYR B  230    116  ARG A  143       6.3117     1 1 1 1   133     133    0
R   4788   462  TYR B  230    119  CYS A  146       8.2083     1 1 1 1    49      49    0
R   4789   462  TYR B  230    120  ILE A  147       6.5355     1 1 1 1    22      22    0
R   4790   462  TYR B  230    458  LEU B  226       6.0675     1 1 1 0   -28      28    0
R   4797   462  TYR B  230    466  VAL B  234       5.9208     1 1 1 1   231     231    0
R   4798   462  TYR B  230    473  PHE B  241      10.3071     1 1 0 0  -141     141    0
R   4799   462  TYR B  230    475  ASP B  243      10.2831     1 1 1 0   -30      30    0
R   4800   462  TYR B  230    476  TYR B  244       8.6944     1 1 1 1    82      82    0
R   4801   463  PHE B  231    353  PHE B  121      15.7234     0 1 1 1     4       4    0
R   4802   463  PHE B  231    364  TYR B  132      10.5541     1 1 1 0  -104     104    0
R   4803   463  PHE B  231    449  PHE B  217       9.0628     1 1 1 1   163     163    0
R   4804   463  PHE B  231    455  TRP B  223       9.7274     1 1 1 1   101     101    0
R   4805   463  PHE B  231    459  GLU B  227       6.2712     1 1 1 0   -27      27    0
R   4812   463  PHE B  231    467  THR B  235       5.8965     1 1 1 1   218     218    0
R   4813   463  PHE B  231    476  TYR B  244       6.0941     1 1 1 0   -97      97    0
R   4814   463  PHE B  231    477  VAL B  245       7.3921     1 1 1 1     1       1    0
R   4815   463  PHE B  231    478  ALA B  246       8.5853     1 1 1 0   -31      31    0
R   4816   463  PHE B  231    493  VAL B  261      12.1916     0 1 1 1    20      20    0
R   4817   463  PHE B  231    496  TRP B  264      13.0720     0 1 1 1    33      33    0
R   4818   464  VAL B  232    442  VAL B  210       6.7224     1 1 1 1    17      17    0
R   4819   464  VAL B  232    445  PRO B  213       7.3080     1 1 1 1    64      64    0
R   4820   464  VAL B  232    446  THR B  214       6.6617     1 1 1 1    76      76    0
R   4821   464  VAL B  232    449  PHE B  217       8.8832     1 1 1 1    54      54    0
R   4822   464  VAL B  232    460  ALA B  228       6.1871     1 1 1 0   -29      29    0
R   4829   464  VAL B  232    468  LEU B  236       6.1469     1 1 1 1   150     150    0
R   4830   464  VAL B  232    496  TRP B  264      10.2074     1 1 1 1   113     113    0
R   4831   465  ILE B  233    120  ILE A  147       6.7096     1 1 1 1   169     169    0
R   4832   465  ILE B  233    123  ALA A  150       8.7354     0 1 1 1     9       9    0
R   4833   465  ILE B  233    124  LEU A  151       8.5886     1 1 1 1    93      93    0
R   4834   465  ILE B  233    442  VAL B  210       7.7962     0 1 1 1    52      52    0
R   4835   465  ILE B  233    461  ILE B  229       6.0630     1 1 1 1    72      72    0
R   4842   465  ILE B  233    469  THR B  237       5.8901     1 1 1 1   255     255    0
R   4843   466  VAL B  234    119  CYS A  146       8.6132     0 1 0 0     0       0    0
R   4844   466  VAL B  234    120  ILE A  147       7.3045     0 1 1 1     5       5    0
R   4845   466  VAL B  234    364  TYR B  132       9.7379     0 1 1 1    10      10    0
R   4846   466  VAL B  234    462  TYR B  230       5.9208     1 1 1 1   110     110    0
R   4853   466  VAL B  234    470  THR B  238       6.2875     1 0 0 0     0       0    0
R   4854   466  VAL B  234    471  VAL B  239       5.3832     1 1 1 1    46      46    0
R   4855   466  VAL B  234    472  GLY B  240       5.3266     1 1 1 1   114     114    0
R   4856   466  VAL B  234    473  PHE B  241       6.8920     1 1 1 0   -51      51    0
R   4857   466  VAL B  234    474  GLY B  242       8.8400     0 1 0 0    -5       5    0
R   4858   466  VAL B  234    475  ASP B  243       9.9470     0 1 0 0    -8       8    0
R   4859   467  THR B  235    362  ILE B  130       6.3278     1 1 1 1    16      16    0
R   4860   467  THR B  235    364  TYR B  132       8.4631     1 1 1 0    -6       6    0
R   4861   467  THR B  235    463  PHE B  231       5.8965     1 1 1 1    45      45    0
R   4869   467  THR B  235    496  TRP B  264      10.6728     1 1 1 1    91      91    0
R   4870   467  THR B  235    497  ILE B  265       7.7901     1 1 1 1    46      46    0
R   4871   467  THR B  235    501  LEU B  269       8.7900     0 1 0 0    -3       3    0
R   4872   468  LEU B  236    441  PHE B  209       9.2616     1 1 1 0  -102     102    0
R   4873   468  LEU B  236    442  VAL B  210       9.1248     0 1 1 1    27      27    0
R   4874   468  LEU B  236    464  VAL B  232       6.1469     1 1 1 1    14      14    0
R   4880   468  LEU B  236    496  TRP B  264       9.8479     1 1 1 1    98      98    0
R   4881   468  LEU B  236    497  ILE B  265       7.0062     0 1 0 0   -14      14    0
R   4882   468  LEU B  236    500  GLY B  268       6.5005     1 1 0 0   -12      12    0
R   4883   468  LEU B  236    501  LEU B  269       5.6314     1 1 1 0   -93      93    0
R   4884   468  LEU B  236    504  PHE B  272       7.0704     1 1 1 0   -31      31    0
R   4885   469  THR B  237    102  THR A  129       6.8220     1 1 0 0   -87      87    0
R   4886   469  THR B  237    123  ALA A  150       7.5888     1 1 1 1    38      38    0
R   4887   469  THR B  237    124  LEU A  151       7.8295     1 1 1 1    60      60    0
R   4888   469  THR B  237    127  ILE A  154       7.9953     1 1 1 1    66      66    0
R   4889   469  THR B  237    465  ILE B  233       5.8901     1 1 1 1   113     113    0
R   4895   469  THR B  237    504  PHE B  272       8.1123     1 1 1 1    12      12    0
R   4896   470  THR B  238    102  THR A  129       5.9660     1 1 1 0   -41      41    0
R   4897   470  THR B  238    360  THR B  128       7.1360     1 1 0 0   -61      61    0
R   4898   470  THR B  238    361  THR B  129       6.0713     1 1 1 0   -57      57    0
R   4899   470  THR B  238    362  ILE B  130       4.1738     1 1 1 1     9       9    0
R   4900   470  THR B  238    466  VAL B  234       6.2875     1 1 0 0     0       0    0
R   4906   470  THR B  238    501  LEU B  269       8.2995     1 1 1 1   138     138    0
R   4907   470  THR B  238    504  PHE B  272      10.3459     0 1 1 1    18      18    0
R   4908   471  VAL B  239     98  THR A  125       7.6611     1 1 0 0   -27      27    0
R   4909   471  VAL B  239     99  ILE A  126       6.0736     1 1 1 0   -60      60    0
R   4910   471  VAL B  239    102  THR A  129       4.1460     1 1 0 0     0       0    0
R   4911   471  VAL B  239    103  ILE A  130       5.4458     1 1 0 0  -116     116    0
R   4912   471  VAL B  239    104  GLY A  131       4.5771     1 1 0 0    -4       4    0
R   4913   471  VAL B  239    123  ALA A  150       8.6314     0 1 1 1     9       9    0
R   4914   471  VAL B  239    127  ILE A  154       9.3807     1 1 1 1    34      34    0
R   4915   471  VAL B  239    362  ILE B  130       5.7379     1 1 0 0   -27      27    0
R   4916   471  VAL B  239    466  VAL B  234       5.3832     1 1 1 1     8       8    0
R   4921   472  GLY B  240    104  GLY A  131       5.8857     0 1 0 0   -16      16    0
R   4922   472  GLY B  240    362  ILE B  130       4.5686     1 1 0 0   -45      45    0
R   4923   472  GLY B  240    363  GLY B  131       5.7812     1 1 0 0   -69      69    0
R   4924   472  GLY B  240    364  TYR B  132       4.8318     1 1 0 0     0       0    0
R   4925   472  GLY B  240    466  VAL B  234       5.3266     1 1 1 1    40      40    0
R   4930   473  PHE B  241     95  PHE A  122      10.5887     1 1 1 1   173     173    0
R   4931   473  PHE B  241     98  THR A  125       9.1442     0 1 0 0   -32      32    0
R   4932   473  PHE B  241     99  ILE A  126       8.7826     1 1 1 1    83      83    0
R   4933   473  PHE B  241    104  GLY A  131       4.8464     1 1 0 0   -38      38    0
R   4934   473  PHE B  241    105  TYR A  132       5.8144     0 1 0 0   -88      88    0
R   4935   473  PHE B  241    106  GLY A  133       4.4202     1 1 0 0   -12      12    0
R   4936   473  PHE B  241    109  ALA A  136       7.4172     0 1 1 1     3       3    0
R   4937   473  PHE B  241    110  LEU A  137       9.5915     0 1 1 1     1       1    0
R   4938   473  PHE B  241    119  CYS A  146      11.0229     1 1 0 0     0       0    0
R   4939   473  PHE B  241    364  TYR B  132       5.5208     1 1 0 0   -68      68    0
R   4940   473  PHE B  241    462  TYR B  230      10.3071     1 1 1 0  -110     110    0
R   4941   473  PHE B  241    466  VAL B  234       6.8920     1 1 1 1    39      39    0
R   4946   474  GLY B  242    364  TYR B  132       3.9091     1 1 0 0   -14      14    0
R   4947   474  GLY B  242    366  ASN B  134       5.2850     1 1 0 0  -117     117    0
R   4948   474  GLY B  242    466  VAL B  234       8.8400     0 1 0 0    -3       3    0
R   4954   475  ASP B  243    106  GLY A  133       6.6897     0 1 1 0    -1       1    0
R   4955   475  ASP B  243    109  ALA A  136       6.3240     1 1 1 1    50      50    0
R   4956   475  ASP B  243    110  LEU A  137       8.2475     0 1 1 0     0       0    0
R   4957   475  ASP B  243    111  ARG A  138       9.7257     0 1 0 0   -29      29    0
R   4958   475  ASP B  243    116  ARG A  143      10.8922     0 1 1 1     1       1    0
R   4959   475  ASP B  243    462  TYR B  230      10.2831     1 1 1 1    50      50    0
R   4960   475  ASP B  243    466  VAL B  234       9.9470     0 1 0 0    -9       9    0
R   4964   476  TYR B  244    111  ARG A  138      11.6309     0 1 0 0    -4       4    0
R   4965   476  TYR B  244    116  ARG A  143      11.3358     1 1 1 0    -8       8    0
R   4966   476  TYR B  244    364  TYR B  132       8.3249     0 1 0 0   -37      37    0
R   4967   476  TYR B  244    455  TRP B  223       9.2790     1 1 1 0   -70      70    0
R   4968   476  TYR B  244    459  GLU B  227       8.1095     1 1 1 1    97      97    0
R   4969   476  TYR B  244    462  TYR B  230       8.6944     1 1 1 1    67      67    0
R   4970   476  TYR B  244    463  PHE B  231       6.0941     1 1 1 0    -7       7    0
R   4974   477  VAL B  245    353  PHE B  121      10.5077     1 1 1 1   148     148    0
R   4975   477  VAL B  245    364  TYR B  132       7.2644     1 1 1 1   113     113    0
R   4976   477  VAL B  245    366  ASN B  134       7.4560     1 1 1 0   -78      78    0
R   4977   477  VAL B  245    453  GLU B  221       8.9586     0 1 0 0   -22      22    0
R   4978   477  VAL B  245    455  TRP B  223      10.7657     1 1 0 0   -57      57    0
R   4979   477  VAL B  245    463  PHE B  231       7.3921     1 1 0 0     0       0    0
R   4985   477  VAL B  245    490  GLN B  258       9.5294     0 1 0 0    -6       6    0
R   4986   478  ALA B  246    353  PHE B  121      10.2259     0 1 1 0   -67      67    0
R   4987   478  ALA B  246    449  PHE B  217       7.2933     1 1 1 1   159     159    0
R   4988   478  ALA B  246    453  GLU B  221       6.5950     1 1 0 0    -2       2    0
R   4989   478  ALA B  246    455  TRP B  223      10.0045     1 1 1 1    15      15    0
R   4990   478  ALA B  246    463  PHE B  231       8.5853     1 1 1 1    32      32    0
R   4994   478  ALA B  246    489  TYR B  257       8.6862     1 1 0 0   -38      38    0
R   4995   478  ALA B  246    490  GLN B  258       6.8202     1 1 1 0   -63      63    0
R   4996   478  ALA B  246    493  VAL B  261       7.4379     1 1 1 1    22      22    0
R   4997   479  GLY B  247    350  SER B  118       8.1722     0 1 1 1     2       2    0
R   4998   479  GLY B  247    453  GLU B  221       7.6319     1 1 1 1    59      59    0
R   5003   479  GLY B  247    484  GLN B  252       7.1790     1 1 0 0   -19      19    0
R   5004   479  GLY B  247    489  TYR B  257       6.7223     1 1 0 0    -3       3    0
R   5005   479  GLY B  247    490  GLN B  258       4.8363     1 1 1 1    29      29    0
R   5006   480  ALA B  248    343  HIS B  111      10.7697     0 1 1 1     1       1    0
R   5007   480  ALA B  248    366  ASN B  134       8.1070     1 1 0 0  -116     116    0
R   5014   480  ALA B  248    490  GLN B  258       7.8940     1 1 0 0    -4       4    0
R   5015   481  ASP B  249    453  GLU B  221       7.8669     0 1 1 0   -31      31    0
R   5021   482  PRO B  250    343  HIS B  111       6.2181     1 1 1 1    14      14    0
R   5030   484  GLN B  252    452  MET B  220       9.7065     1 1 1 1    82      82    0
R   5031   484  GLN B  252    453  GLU B  221       9.3019     1 1 1 1   110     110    0
R   5032   484  GLN B  252    479  GLY B  247       7.1790     1 1 0 0    -5       5    0
R   5038   484  GLN B  252    489  TYR B  257       9.3113     0 1 0 0   -52      52    0
R   5048   486  SER B  254    490  GLN B  258       7.1507     0 1 1 0    -1       1    0
R   5049   487  PRO B  255    349  GLY B  117       6.4773     0 1 0 0     0       0    0
R   5055   487  PRO B  255    491  PRO B  259       7.5732     1 1 0 0  -160     160    0
R   5061   488  ALA B  256    492  LEU B  260       5.7861     1 1 1 0   -71      71    0
R   5062   489  TYR B  257    448  VAL B  216      11.3004     0 1 1 1    18      18    0
R   5063   489  TYR B  257    449  PHE B  217      10.8961     1 1 1 0  -115     115    0
R   5064   489  TYR B  257    452  MET B  220       9.6508     1 1 1 1    22      22    0
R   5065   489  TYR B  257    453  GLU B  221      11.0138     1 1 1 0     0       0    0
R   5066   489  TYR B  257    478  ALA B  246       8.6862     1 1 0 0    -2       2    0
R   5067   489  TYR B  257    479  GLY B  247       6.7223     1 1 0 0   -55      55    0
R   5068   489  TYR B  257    484  GLN B  252       9.3113     0 1 0 0   -41      41    0
R   5075   489  TYR B  257    493  VAL B  261       6.1603     1 1 1 1   200     200    0
R   5076   490  GLN B  258    349  GLY B  117       6.7451     0 1 0 0    -5       5    0
R   5077   490  GLN B  258    350  SER B  118       7.0301     1 1 1 1   163     163    0
R   5078   490  GLN B  258    353  PHE B  121       6.8334     1 1 1 0   -88      88    0
R   5079   490  GLN B  258    366  ASN B  134      13.8458     0 1 0 0    -4       4    0
R   5080   490  GLN B  258    477  VAL B  245       9.5294     0 1 0 0    -2       2    0
R   5081   490  GLN B  258    478  ALA B  246       6.8202     1 1 1 0   -34      34    0
R   5082   490  GLN B  258    479  GLY B  247       4.8363     1 1 1 1    20      20    0
R   5083   490  GLN B  258    480  ALA B  248       7.8940     1 1 0 0   -24      24    0
R   5084   490  GLN B  258    486  SER B  254       7.1507     0 1 1 0   -14      14    0
R   5091   490  GLN B  258    494  TRP B  262       7.0391     1 1 1 1    10      10    0
R   5092   491  PRO B  259    349  GLY B  117       6.2426     1 1 0 0   -64      64    0
R   5093   491  PRO B  259    352  PHE B  120       7.0343     1 1 1 1   107     107    0
R   5094   491  PRO B  259    353  PHE B  121       5.8892     0 1 1 1     7       7    0
R   5095   491  PRO B  259    487  PRO B  255       7.5732     1 1 0 0  -109     109    0
R   5102   491  PRO B  259    495  PHE B  263       7.1118     1 1 1 1    12      12    0
R   5103   492  LEU B  260    488  ALA B  256       5.7861     1 1 1 0   -21      21    0
R   5110   492  LEU B  260    496  TRP B  264       6.9289     1 1 1 1    19      19    0
R   5111   493  VAL B  261    353  PHE B  121       8.7836     0 1 1 1    40      40    0
R   5112   493  VAL B  261    449  PHE B  217       9.7428     1 1 1 1   153     153    0
R   5113   493  VAL B  261    463  PHE B  231      12.1916     0 1 1 1    16      16    0
R   5114   493  VAL B  261    478  ALA B  246       7.4379     1 1 1 1    44      44    0
R   5115   493  VAL B  261    489  TYR B  257       6.1603     1 1 1 1    73      73    0
R   5122   493  VAL B  261    497  ILE B  265       6.4119     1 1 1 1   164     164    0
R   5123   494  TRP B  262      9  LEU A   36      13.0607     0 1 1 1    14      14    0
R   5124   494  TRP B  262     12  VAL A   39      12.5135     1 1 1 1    55      55    0
R   5125   494  TRP B  262     13  LEU A   40      10.9088     1 1 1 1   102     102    0
R   5126   494  TRP B  262     16  LEU A   43      11.1428     1 1 1 1   120     120    0
R   5127   494  TRP B  262    352  PHE B  120       9.4430     0 1 1 1    80      80    0
R   5128   494  TRP B  262    353  PHE B  121       7.0925     0 1 1 1    28      28    0
R   5129   494  TRP B  262    356  GLY B  124       7.1587     1 1 0 0    -6       6    0
R   5130   494  TRP B  262    357  THR B  125       8.8004     0 1 0 0    -1       1    0
R   5131   494  TRP B  262    359  ILE B  127      11.4529     1 1 1 1    20      20    0
R   5132   494  TRP B  262    360  THR B  128       9.6761     1 1 1 0   -93      93    0
R   5133   494  TRP B  262    389  PHE B  157      12.9253     1 1 1 1   103     103    0
R   5134   494  TRP B  262    392  LEU B  160      14.0364     0 1 1 1     6       6    0
R   5135   494  TRP B  262    490  GLN B  258       7.0391     1 1 1 0   -10      10    0
R   5142   494  TRP B  262    498  LEU B  266       6.1509     1 1 1 1   284     284    0
R   5143   495  PHE B  263    491  PRO B  259       7.1118     1 1 1 1    12      12    0
R   5150   495  PHE B  263    499  LEU B  267       6.5980     1 1 1 1    26      26    0
R   5151   496  TRP B  264    440  LEU B  208       9.3124     0 1 0 0    -9       9    0
R   5152   496  TRP B  264    441  PHE B  209       7.2226     1 1 1 1    64      64    0
R   5153   496  TRP B  264    445  PRO B  213       8.1243     1 1 1 1     1       1    0
R   5154   496  TRP B  264    449  PHE B  217      11.8245     1 1 1 1   107     107    0
R   5155   496  TRP B  264    463  PHE B  231      13.0720     0 1 1 1    24      24    0
R   5156   496  TRP B  264    464  VAL B  232      10.2074     1 1 1 1   151     151    0
R   5157   496  TRP B  264    467  THR B  235      10.6728     1 1 1 1    78      78    0
R   5158   496  TRP B  264    468  LEU B  236       9.8479     1 1 1 1    81      81    0
R   5159   496  TRP B  264    492  LEU B  260       6.9289     1 1 1 1     1       1    0
R   5166   496  TRP B  264    500  GLY B  268       5.8969     1 1 1 1   184     184    0
R   5167   497  ILE B  265    353  PHE B  121      10.7539     1 1 1 1    56      56    0
R   5168   497  ILE B  265    357  THR B  125       9.6348     0 1 1 1     1       1    0
R   5169   497  ILE B  265    360  THR B  128       8.5181     1 1 1 1    44      44    0
R   5170   497  ILE B  265    362  ILE B  130       9.7894     1 1 1 1    86      86    0
R   5171   497  ILE B  265    364  TYR B  132      12.8803     0 1 1 0   -15      15    0
R   5172   497  ILE B  265    467  THR B  235       7.7901     1 1 1 1    71      71    0
R   5173   497  ILE B  265    468  LEU B  236       7.0062     0 1 1 1     1       1    0
R   5174   497  ILE B  265    493  VAL B  261       6.4119     1 1 1 1    48      48    0
R   5181   497  ILE B  265    501  LEU B  269       5.9215     1 1 1 1   188     188    0
R   5182   498  LEU B  266      9  LEU A   36      10.5258     1 1 1 1    80      80    0
R   5183   498  LEU B  266    389  PHE B  157       9.5259     1 1 1 1   113     113    0
R   5184   498  LEU B  266    392  LEU B  160       9.2319     1 1 1 1    81      81    0
R   5185   498  LEU B  266    393  LEU B  161       7.4949     0 1 1 1    21      21    0
R   5186   498  LEU B  266    396  VAL B  164       8.6580     0 1 1 1    83      83    0
R   5187   498  LEU B  266    494  TRP B  262       6.1509     1 1 1 1    89      89    0
R   5194   498  LEU B  266    502  ALA B  270       6.2126     1 1 1 1    93      93    0
R   5195   499  LEU B  267    396  VAL B  164       7.8718     0 1 1 1    59      59    0
R   5196   499  LEU B  267    400  LEU B  168       8.3195     1 1 1 1    22      22    0
R   5197   499  LEU B  267    441  PHE B  209       7.5655     1 1 1 1   109     109    0
R   5198   499  LEU B  267    495  PHE B  263       6.5980     1 1 1 1    56      56    0
R   5205   499  LEU B  267    503  TYR B  271       6.0743     1 1 1 1    94      94    0
R   5206   500  GLY B  268    441  PHE B  209       5.4552     1 1 0 0    -5       5    0
R   5207   500  GLY B  268    468  LEU B  236       6.5005     1 1 0 0   -20      20    0
R   5208   500  GLY B  268    496  TRP B  264       5.8969     1 1 1 1    69      69    0
R   5215   500  GLY B  268    504  PHE B  272       5.8946     1 1 1 1   146     146    0
R   5216   501  LEU B  269    360  THR B  128       8.4440     1 1 1 1    76      76    0
R   5217   501  LEU B  269    362  ILE B  130      10.3290     1 1 1 1     7       7    0
R   5218   501  LEU B  269    389  PHE B  157      10.8194     1 1 1 1    50      50    0
R   5219   501  LEU B  269    393  LEU B  161       7.3508     1 1 1 1    60      60    0
R   5220   501  LEU B  269    467  THR B  235       8.7900     0 1 0 0   -10      10    0
R   5221   501  LEU B  269    468  LEU B  236       5.6314     1 1 1 0  -102     102    0
R   5222   501  LEU B  269    470  THR B  238       8.2995     1 1 1 1   102     102    0
R   5223   501  LEU B  269    497  ILE B  265       5.9215     1 1 1 1   108     108    0
R   5230   501  LEU B  269    505  ALA B  273       5.9021     1 1 1 1   139     139    0
R   5231   502  ALA B  270    393  LEU B  161       5.2031     1 1 1 0    -2       2    0
R   5232   502  ALA B  270    396  VAL B  164       6.1171     1 1 1 1   127     127    0
R   5233   502  ALA B  270    397  GLY B  165       4.5884     1 1 0 0   -15      15    0
R   5234   502  ALA B  270    400  LEU B  168       7.6142     1 1 1 1    14      14    0
R   5235   502  ALA B  270    498  LEU B  266       6.2126     1 1 1 0   -40      40    0
R   5242   502  ALA B  270    506  SER B  274       5.7233     1 1 1 1   179     179    0
R   5243   503  TYR B  271    400  LEU B  168       7.1537     1 1 1 1    51      51    0
R   5244   503  TYR B  271    404  LEU B  172      10.2681     1 1 1 1   106     106    0
R   5245   503  TYR B  271    433  PHE B  201      10.5296     1 1 1 1   148     148    0
R   5246   503  TYR B  271    434  LEU B  202       9.1011     1 1 1 0    -8       8    0
R   5247   503  TYR B  271    437  GLY B  205       7.4407     1 1 0 0    -2       2    0
R   5248   503  TYR B  271    438  CYS B  206       9.2218     1 1 0 0   -13      13    0
R   5249   503  TYR B  271    441  PHE B  209       8.1669     1 1 1 1   131     131    0
R   5250   503  TYR B  271    499  LEU B  267       6.0743     1 1 1 0   -36      36    0
R   5257   503  TYR B  271    507  VAL B  275       5.9270     1 1 1 1   198     198    0
R   5258   504  PHE B  272    124  LEU A  151      11.0629     0 1 1 1    29      29    0
R   5259   504  PHE B  272    127  ILE A  154      12.5024     0 1 1 1    45      45    0
R   5260   504  PHE B  272    468  LEU B  236       7.0704     1 1 1 0   -67      67    0
R   5261   504  PHE B  272    469  THR B  237       8.1123     1 1 1 1    21      21    0
R   5262   504  PHE B  272    470  THR B  238      10.3459     0 1 1 1    14      14    0
R   5263   504  PHE B  272    500  GLY B  268       5.8946     1 1 1 0   -18      18    0
R   5270   504  PHE B  272    508  LEU B  276       6.3922     1 1 1 0   -55      55    0
R   5271   505  ALA B  273    393  LEU B  161       7.7174     1 1 1 1    66      66    0
R   5273   505  ALA B  273    397  GLY B  165       6.4904     0 1 0 0     0       0    0
R   5274   505  ALA B  273    501  LEU B  269       5.9021     1 1 1 0   -15      15    0
R   5281   505  ALA B  273    509  THR B  277       6.2581     1 1 1 1   149     149    0
R   5282   506  SER B  274    397  GLY B  165       4.6111     1 1 1 1    64      64    0
R   5283   506  SER B  274    398  ASP B  166       6.3703     0 1 0 0     0       0    0
R   5284   506  SER B  274    400  LEU B  168       7.6535     0 1 0 0     0       0    0
R   5285   506  SER B  274    401  GLY B  169       6.0364     1 1 0 0     0       0    0
R   5286   506  SER B  274    433  PHE B  201      11.4885     0 1 0 0   -11      11    0
R   5287   506  SER B  274    502  ALA B  270       5.7233     1 1 1 1    39      39    0
R   5294   506  SER B  274    510  THR B  278       6.3691     1 1 1 1    35      35    0
R   5295   507  VAL B  275    433  PHE B  201       9.0218     1 1 1 1   140     140    0
R   5296   507  VAL B  275    434  LEU B  202       7.6780     0 1 1 1    58      58    0
R   5297   507  VAL B  275    503  TYR B  271       5.9270     1 1 1 1    82      82    0
R   5304   507  VAL B  275    511  ILE B  279       6.1054     1 1 1 1   103     103    0
R   5305   508  LEU B  276    128  PRO A  155       9.2485     0 1 1 1    26      26    0
R   5306   508  LEU B  276    504  PHE B  272       6.3922     1 1 1 1    46      46    0
R   5313   508  LEU B  276    512  GLY B  280       6.1629     1 1 1 1   110     110    0
R   5314   509  THR B  277    398  ASP B  166       9.4843     0 1 1 1    12      12    0
R   5315   509  THR B  277    505  ALA B  273       6.2581     1 1 1 0    -1       1    0
R   5322   509  THR B  277    513  ASN B  281       6.4247     1 1 1 0   -55      55    0
R   5323   510  THR B  278    401  GLY B  169       8.5237     0 1 0 0     0       0    0
R   5324   510  THR B  278    405  ARG B  173      10.7151     0 1 0 0   -22      22    0
R   5325   510  THR B  278    433  PHE B  201      11.4828     0 1 1 0   -13      13    0
R   5326   510  THR B  278    506  SER B  274       6.3691     1 1 1 0   -32      32    0
R   5333   510  THR B  278    514  TRP B  282       6.4713     1 1 1 0  -103     103    0
R   5334   511  ILE B  279    507  VAL B  275       6.1054     1 1 1 1    30      30    0
R   5341   511  ILE B  279    515  LEU B  283       6.1833     1 1 1 1   207     207    0
R   5342   512  GLY B  280    508  LEU B  276       6.1629     1 1 1 1    49      49    0
R   5349   512  GLY B  280    516  ARG B  284       6.1340     1 1 1 1    81      81    0
R   5350   513  ASN B  281    509  THR B  277       6.4247     1 1 1 0   -34      34    0
R   5357   513  ASN B  281    517  VAL B  285       5.0408     1 1 1 1   112     112    0
R   5358   513  ASN B  281    518  VAL B  286       6.9435     1 1 1 1     5       5    0
R   5359   514  TRP B  282    405  ARG B  173      14.2317     0 1 0 0     0       0    0
R   5360   514  TRP B  282    426  ARG B  194      10.9412     0 1 0 0     0       0    0
R   5361   514  TRP B  282    510  THR B  278       6.4713     1 1 1 0   -62      62    0
R   5368   514  TRP B  282    518  VAL B  286       4.9863     1 1 1 1   220     220    0
R   5369   515  LEU B  283    511  ILE B  279       6.1833     1 1 1 1    42      42    0
R   5376   516  ARG B  284    132  ILE A  159      12.7699     0 1 0 0   -46      46    0
R   5377   516  ARG B  284    135  ALA A  162      14.6608     0 1 0 0   -17      17    0
R   5378   516  ARG B  284    512  GLY B  280       6.1340     1 1 1 0   -28      28    0
R   5383   517  VAL B  285    513  ASN B  281       5.0408     1 1 1 1     1       1    0
R   5388   518  VAL B  286    513  ASN B  281       6.9435     1 1 1 1    38      38    0
R   5389   518  VAL B  286    514  TRP B  282       4.9863     1 1 1 1   133     133    0
